ISO-10303-21;
HEADER;
FILE_DESCRIPTION(('KiCad electronic assembly'),'2;1');
FILE_NAME('Trackball.step','2026-08-26T22:21:20',('Pcbnew'),('Kicad'),
  'Open CASCADE STEP processor 7.8','KiCad to STEP converter','Unknown'
  );
FILE_SCHEMA(('AUTOMOTIVE_DESIGN { 1 0 10303 214 1 1 1 1 }'));
ENDSEC;
DATA;
#1 = APPLICATION_PROTOCOL_DEFINITION('international standard',
  'automotive_design',2000,#2);
#2 = APPLICATION_CONTEXT(
  'core data for automotive mechanical design processes');
#3 = SHAPE_DEFINITION_REPRESENTATION(#4,#10);
#4 = PRODUCT_DEFINITION_SHAPE('','',#5);
#5 = PRODUCT_DEFINITION('design','',#6,#9);
#6 = PRODUCT_DEFINITION_FORMATION('','',#7);
#7 = PRODUCT('Trackball 1','Trackball 1','',(#8));
#8 = PRODUCT_CONTEXT('',#2,'mechanical');
#9 = PRODUCT_DEFINITION_CONTEXT('part definition',#2,'design');
#10 = SHAPE_REPRESENTATION('',(#11,#15,#19,#23,#27,#31,#35,#39,#43,#47),
  #51);
#11 = AXIS2_PLACEMENT_3D('',#12,#13,#14);
#12 = CARTESIAN_POINT('',(0.,0.,0.));
#13 = DIRECTION('',(0.,0.,1.));
#14 = DIRECTION('',(1.,0.,-0.));
#15 = AXIS2_PLACEMENT_3D('',#16,#17,#18);
#16 = CARTESIAN_POINT('',(185.768,-125.984,1.595));
#17 = DIRECTION('',(-0.,0.,1.));
#18 = DIRECTION('',(1.110223024625E-16,-1.,0.));
#19 = AXIS2_PLACEMENT_3D('',#20,#21,#22);
#20 = CARTESIAN_POINT('',(185.768,-77.216,1.595));
#21 = DIRECTION('',(-0.,0.,1.));
#22 = DIRECTION('',(1.110223024625E-16,-1.,0.));
#23 = AXIS2_PLACEMENT_3D('',#24,#25,#26);
#24 = CARTESIAN_POINT('',(119.773949,-122.786051,1.595));
#25 = DIRECTION('',(0.,0.,1.));
#26 = DIRECTION('',(-0.766044443119,-0.642787609687,0.));
#27 = AXIS2_PLACEMENT_3D('',#28,#29,#30);
#28 = CARTESIAN_POINT('',(147.4,-121.6,1.595));
#29 = DIRECTION('',(0.,0.,1.));
#30 = DIRECTION('',(-1.,1.224646799147E-16,0.));
#31 = AXIS2_PLACEMENT_3D('',#32,#33,#34);
#32 = CARTESIAN_POINT('',(147.4,-81.6,1.595));
#33 = DIRECTION('',(0.,0.,1.));
#34 = DIRECTION('',(1.,0.,0.));
#35 = AXIS2_PLACEMENT_3D('',#36,#37,#38);
#36 = CARTESIAN_POINT('',(119.78,-80.42,1.595));
#37 = DIRECTION('',(-0.,0.,1.));
#38 = DIRECTION('',(0.766044443119,-0.642787609687,0.));
#39 = AXIS2_PLACEMENT_3D('',#40,#41,#42);
#40 = CARTESIAN_POINT('',(176.9,-97.8,1.595));
#41 = DIRECTION('',(0.,0.,1.));
#42 = DIRECTION('',(1.,0.,0.));
#43 = AXIS2_PLACEMENT_3D('',#44,#45,#46);
#44 = CARTESIAN_POINT('',(172.4,-75.1,1.595));
#45 = DIRECTION('',(-0.,0.,1.));
#46 = DIRECTION('',(1.110223024625E-16,-1.,0.));
#47 = AXIS2_PLACEMENT_3D('',#48,#49,#50);
#48 = CARTESIAN_POINT('',(0.,0.,0.));
#49 = DIRECTION('',(0.,0.,1.));
#50 = DIRECTION('',(1.,0.,-0.));
#51 = ( GEOMETRIC_REPRESENTATION_CONTEXT(3) 
GLOBAL_UNCERTAINTY_ASSIGNED_CONTEXT((#55)) GLOBAL_UNIT_ASSIGNED_CONTEXT(
(#52,#53,#54)) REPRESENTATION_CONTEXT('Context #1',
  '3D Context with UNIT and UNCERTAINTY') );
#52 = ( LENGTH_UNIT() NAMED_UNIT(*) SI_UNIT(.MILLI.,.METRE.) );
#53 = ( NAMED_UNIT(*) PLANE_ANGLE_UNIT() SI_UNIT($,.RADIAN.) );
#54 = ( NAMED_UNIT(*) SI_UNIT($,.STERADIAN.) SOLID_ANGLE_UNIT() );
#55 = UNCERTAINTY_MEASURE_WITH_UNIT(LENGTH_MEASURE(1.E-07),#52,
  'distance_accuracy_value','confusion accuracy');
#56 = PRODUCT_RELATED_PRODUCT_CATEGORY('part',$,(#7));
#57 = SHAPE_DEFINITION_REPRESENTATION(#58,#64);
#58 = PRODUCT_DEFINITION_SHAPE('','',#59);
#59 = PRODUCT_DEFINITION('design','',#60,#63);
#60 = PRODUCT_DEFINITION_FORMATION('','',#61);
#61 = PRODUCT('PinSocket_1x04_P2.54mm_Vertical',
  'PinSocket_1x04_P2.54mm_Vertical','',(#62));
#62 = PRODUCT_CONTEXT('',#2,'mechanical');
#63 = PRODUCT_DEFINITION_CONTEXT('part definition',#2,'design');
#64 = ADVANCED_BREP_SHAPE_REPRESENTATION('',(#11,#65),#3451);
#65 = MANIFOLD_SOLID_BREP('',#66);
#66 = CLOSED_SHELL('',(#67,#107,#170,#233,#250,#403,#425,#442,#723,#735,
    #747,#778,#802,#826,#843,#874,#898,#922,#939,#970,#994,#1018,#1035,
    #1066,#1090,#1114,#1131,#1148,#1195,#1212,#1259,#1276,#1323,#1340,
    #1387,#1404,#1451,#1468,#1515,#1532,#1579,#1596,#1643,#1674,#1730,
    #1754,#1803,#1834,#1890,#1914,#1963,#1994,#2050,#2074,#2123,#2154,
    #2210,#2234,#2283,#2300,#2317,#2334,#2351,#2363,#2380,#2397,#2414,
    #2431,#2443,#2460,#2477,#2494,#2511,#2523,#2540,#2557,#2574,#2591,
    #2603,#2620,#2637,#2686,#2710,#2752,#2769,#2786,#2803,#2852,#2876,
    #2918,#2935,#2952,#2969,#3018,#3042,#3084,#3101,#3118,#3135,#3184,
    #3208,#3250,#3267,#3284,#3301,#3313,#3330,#3347,#3359,#3376,#3393,
    #3405,#3422,#3439));
#67 = ADVANCED_FACE('',(#68),#102,.F.);
#68 = FACE_BOUND('',#69,.F.);
#69 = EDGE_LOOP('',(#70,#80,#88,#96));
#70 = ORIENTED_EDGE('',*,*,#71,.T.);
#71 = EDGE_CURVE('',#72,#74,#76,.T.);
#72 = VERTEX_POINT('',#73);
#73 = CARTESIAN_POINT('',(1.27,-8.89,0.));
#74 = VERTEX_POINT('',#75);
#75 = CARTESIAN_POINT('',(1.27,-8.89,8.5));
#76 = LINE('',#77,#78);
#77 = CARTESIAN_POINT('',(1.27,-8.89,0.));
#78 = VECTOR('',#79,1.);
#79 = DIRECTION('',(0.,0.,1.));
#80 = ORIENTED_EDGE('',*,*,#81,.T.);
#81 = EDGE_CURVE('',#74,#82,#84,.T.);
#82 = VERTEX_POINT('',#83);
#83 = CARTESIAN_POINT('',(1.27,1.27,8.5));
#84 = LINE('',#85,#86);
#85 = CARTESIAN_POINT('',(1.27,-8.89,8.5));
#86 = VECTOR('',#87,1.);
#87 = DIRECTION('',(1.110223024625E-16,1.,0.));
#88 = ORIENTED_EDGE('',*,*,#89,.F.);
#89 = EDGE_CURVE('',#90,#82,#92,.T.);
#90 = VERTEX_POINT('',#91);
#91 = CARTESIAN_POINT('',(1.27,1.27,0.));
#92 = LINE('',#93,#94);
#93 = CARTESIAN_POINT('',(1.27,1.27,0.));
#94 = VECTOR('',#95,1.);
#95 = DIRECTION('',(0.,0.,1.));
#96 = ORIENTED_EDGE('',*,*,#97,.F.);
#97 = EDGE_CURVE('',#72,#90,#98,.T.);
#98 = LINE('',#99,#100);
#99 = CARTESIAN_POINT('',(1.27,-8.89,0.));
#100 = VECTOR('',#101,1.);
#101 = DIRECTION('',(1.110223024625E-16,1.,0.));
#102 = PLANE('',#103);
#103 = AXIS2_PLACEMENT_3D('',#104,#105,#106);
#104 = CARTESIAN_POINT('',(1.27,-8.89,0.));
#105 = DIRECTION('',(-1.,1.110223024625E-16,0.));
#106 = DIRECTION('',(1.110223024625E-16,1.,0.));
#107 = ADVANCED_FACE('',(#108),#165,.F.);
#108 = FACE_BOUND('',#109,.F.);
#109 = EDGE_LOOP('',(#110,#120,#128,#134,#135,#143,#151,#159));
#110 = ORIENTED_EDGE('',*,*,#111,.F.);
#111 = EDGE_CURVE('',#112,#114,#116,.T.);
#112 = VERTEX_POINT('',#113);
#113 = CARTESIAN_POINT('',(-1.27,-8.89,0.));
#114 = VERTEX_POINT('',#115);
#115 = CARTESIAN_POINT('',(-0.846666666667,-8.89,0.));
#116 = LINE('',#117,#118);
#117 = CARTESIAN_POINT('',(-1.27,-8.89,0.));
#118 = VECTOR('',#119,1.);
#119 = DIRECTION('',(1.,-1.110223024625E-16,0.));
#120 = ORIENTED_EDGE('',*,*,#121,.T.);
#121 = EDGE_CURVE('',#112,#122,#124,.T.);
#122 = VERTEX_POINT('',#123);
#123 = CARTESIAN_POINT('',(-1.27,-8.89,8.5));
#124 = LINE('',#125,#126);
#125 = CARTESIAN_POINT('',(-1.27,-8.89,0.));
#126 = VECTOR('',#127,1.);
#127 = DIRECTION('',(0.,0.,1.));
#128 = ORIENTED_EDGE('',*,*,#129,.T.);
#129 = EDGE_CURVE('',#122,#74,#130,.T.);
#130 = LINE('',#131,#132);
#131 = CARTESIAN_POINT('',(-1.27,-8.89,8.5));
#132 = VECTOR('',#133,1.);
#133 = DIRECTION('',(1.,-1.110223024625E-16,0.));
#134 = ORIENTED_EDGE('',*,*,#71,.F.);
#135 = ORIENTED_EDGE('',*,*,#136,.F.);
#136 = EDGE_CURVE('',#137,#72,#139,.T.);
#137 = VERTEX_POINT('',#138);
#138 = CARTESIAN_POINT('',(0.846666666667,-8.89,0.));
#139 = LINE('',#140,#141);
#140 = CARTESIAN_POINT('',(-1.27,-8.89,0.));
#141 = VECTOR('',#142,1.);
#142 = DIRECTION('',(1.,-1.110223024625E-16,0.));
#143 = ORIENTED_EDGE('',*,*,#144,.T.);
#144 = EDGE_CURVE('',#137,#145,#147,.T.);
#145 = VERTEX_POINT('',#146);
#146 = CARTESIAN_POINT('',(0.846666666667,-8.89,0.2));
#147 = LINE('',#148,#149);
#148 = CARTESIAN_POINT('',(0.846666666667,-8.89,0.));
#149 = VECTOR('',#150,1.);
#150 = DIRECTION('',(0.,0.,1.));
#151 = ORIENTED_EDGE('',*,*,#152,.F.);
#152 = EDGE_CURVE('',#153,#145,#155,.T.);
#153 = VERTEX_POINT('',#154);
#154 = CARTESIAN_POINT('',(-0.846666666667,-8.89,0.2));
#155 = LINE('',#156,#157);
#156 = CARTESIAN_POINT('',(-0.846666666667,-8.89,0.2));
#157 = VECTOR('',#158,1.);
#158 = DIRECTION('',(1.,-1.110223024625E-16,0.));
#159 = ORIENTED_EDGE('',*,*,#160,.F.);
#160 = EDGE_CURVE('',#114,#153,#161,.T.);
#161 = LINE('',#162,#163);
#162 = CARTESIAN_POINT('',(-0.846666666667,-8.89,0.));
#163 = VECTOR('',#164,1.);
#164 = DIRECTION('',(0.,0.,1.));
#165 = PLANE('',#166);
#166 = AXIS2_PLACEMENT_3D('',#167,#168,#169);
#167 = CARTESIAN_POINT('',(-1.27,-8.89,0.));
#168 = DIRECTION('',(1.110223024625E-16,1.,0.));
#169 = DIRECTION('',(1.,-1.110223024625E-16,0.));
#170 = ADVANCED_FACE('',(#171),#228,.F.);
#171 = FACE_BOUND('',#172,.F.);
#172 = EDGE_LOOP('',(#173,#181,#182,#190,#198,#206,#214,#222));
#173 = ORIENTED_EDGE('',*,*,#174,.F.);
#174 = EDGE_CURVE('',#90,#175,#177,.T.);
#175 = VERTEX_POINT('',#176);
#176 = CARTESIAN_POINT('',(0.846666666667,1.27,0.));
#177 = LINE('',#178,#179);
#178 = CARTESIAN_POINT('',(1.27,1.27,0.));
#179 = VECTOR('',#180,1.);
#180 = DIRECTION('',(-1.,1.110223024625E-16,0.));
#181 = ORIENTED_EDGE('',*,*,#89,.T.);
#182 = ORIENTED_EDGE('',*,*,#183,.T.);
#183 = EDGE_CURVE('',#82,#184,#186,.T.);
#184 = VERTEX_POINT('',#185);
#185 = CARTESIAN_POINT('',(-1.27,1.27,8.5));
#186 = LINE('',#187,#188);
#187 = CARTESIAN_POINT('',(1.27,1.27,8.5));
#188 = VECTOR('',#189,1.);
#189 = DIRECTION('',(-1.,1.110223024625E-16,0.));
#190 = ORIENTED_EDGE('',*,*,#191,.F.);
#191 = EDGE_CURVE('',#192,#184,#194,.T.);
#192 = VERTEX_POINT('',#193);
#193 = CARTESIAN_POINT('',(-1.27,1.27,0.));
#194 = LINE('',#195,#196);
#195 = CARTESIAN_POINT('',(-1.27,1.27,0.));
#196 = VECTOR('',#197,1.);
#197 = DIRECTION('',(0.,0.,1.));
#198 = ORIENTED_EDGE('',*,*,#199,.F.);
#199 = EDGE_CURVE('',#200,#192,#202,.T.);
#200 = VERTEX_POINT('',#201);
#201 = CARTESIAN_POINT('',(-0.846666666667,1.27,0.));
#202 = LINE('',#203,#204);
#203 = CARTESIAN_POINT('',(1.27,1.27,0.));
#204 = VECTOR('',#205,1.);
#205 = DIRECTION('',(-1.,1.110223024625E-16,0.));
#206 = ORIENTED_EDGE('',*,*,#207,.T.);
#207 = EDGE_CURVE('',#200,#208,#210,.T.);
#208 = VERTEX_POINT('',#209);
#209 = CARTESIAN_POINT('',(-0.846666666667,1.27,0.2));
#210 = LINE('',#211,#212);
#211 = CARTESIAN_POINT('',(-0.846666666667,1.27,0.));
#212 = VECTOR('',#213,1.);
#213 = DIRECTION('',(0.,0.,1.));
#214 = ORIENTED_EDGE('',*,*,#215,.F.);
#215 = EDGE_CURVE('',#216,#208,#218,.T.);
#216 = VERTEX_POINT('',#217);
#217 = CARTESIAN_POINT('',(0.846666666667,1.27,0.2));
#218 = LINE('',#219,#220);
#219 = CARTESIAN_POINT('',(0.846666666667,1.27,0.2));
#220 = VECTOR('',#221,1.);
#221 = DIRECTION('',(-1.,1.110223024625E-16,0.));
#222 = ORIENTED_EDGE('',*,*,#223,.F.);
#223 = EDGE_CURVE('',#175,#216,#224,.T.);
#224 = LINE('',#225,#226);
#225 = CARTESIAN_POINT('',(0.846666666667,1.27,0.));
#226 = VECTOR('',#227,1.);
#227 = DIRECTION('',(0.,0.,1.));
#228 = PLANE('',#229);
#229 = AXIS2_PLACEMENT_3D('',#230,#231,#232);
#230 = CARTESIAN_POINT('',(1.27,1.27,0.));
#231 = DIRECTION('',(-1.110223024625E-16,-1.,0.));
#232 = DIRECTION('',(-1.,1.110223024625E-16,0.));
#233 = ADVANCED_FACE('',(#234),#245,.F.);
#234 = FACE_BOUND('',#235,.F.);
#235 = EDGE_LOOP('',(#236,#237,#238,#239));
#236 = ORIENTED_EDGE('',*,*,#136,.T.);
#237 = ORIENTED_EDGE('',*,*,#97,.T.);
#238 = ORIENTED_EDGE('',*,*,#174,.T.);
#239 = ORIENTED_EDGE('',*,*,#240,.F.);
#240 = EDGE_CURVE('',#137,#175,#241,.T.);
#241 = LINE('',#242,#243);
#242 = CARTESIAN_POINT('',(0.846666666667,-8.89,0.));
#243 = VECTOR('',#244,1.);
#244 = DIRECTION('',(1.110223024625E-16,1.,0.));
#245 = PLANE('',#246);
#246 = AXIS2_PLACEMENT_3D('',#247,#248,#249);
#247 = CARTESIAN_POINT('',(-3.952393967666E-16,-3.81,0.));
#248 = DIRECTION('',(0.,0.,1.));
#249 = DIRECTION('',(1.110223024625E-16,1.,-0.));
#250 = ADVANCED_FACE('',(#251,#262,#296,#330,#364),#398,.T.);
#251 = FACE_BOUND('',#252,.T.);
#252 = EDGE_LOOP('',(#253,#254,#255,#261));
#253 = ORIENTED_EDGE('',*,*,#81,.T.);
#254 = ORIENTED_EDGE('',*,*,#183,.T.);
#255 = ORIENTED_EDGE('',*,*,#256,.T.);
#256 = EDGE_CURVE('',#184,#122,#257,.T.);
#257 = LINE('',#258,#259);
#258 = CARTESIAN_POINT('',(-1.27,1.27,8.5));
#259 = VECTOR('',#260,1.);
#260 = DIRECTION('',(-1.110223024625E-16,-1.,0.));
#261 = ORIENTED_EDGE('',*,*,#129,.T.);
#262 = FACE_BOUND('',#263,.T.);
#263 = EDGE_LOOP('',(#264,#274,#282,#290));
#264 = ORIENTED_EDGE('',*,*,#265,.F.);
#265 = EDGE_CURVE('',#266,#268,#270,.T.);
#266 = VERTEX_POINT('',#267);
#267 = CARTESIAN_POINT('',(0.6,-8.22,8.5));
#268 = VERTEX_POINT('',#269);
#269 = CARTESIAN_POINT('',(0.6,-7.02,8.5));
#270 = LINE('',#271,#272);
#271 = CARTESIAN_POINT('',(0.6,-8.22,8.5));
#272 = VECTOR('',#273,1.);
#273 = DIRECTION('',(1.110223024625E-16,1.,0.));
#274 = ORIENTED_EDGE('',*,*,#275,.F.);
#275 = EDGE_CURVE('',#276,#266,#278,.T.);
#276 = VERTEX_POINT('',#277);
#277 = CARTESIAN_POINT('',(-0.6,-8.22,8.5));
#278 = LINE('',#279,#280);
#279 = CARTESIAN_POINT('',(-0.6,-8.22,8.5));
#280 = VECTOR('',#281,1.);
#281 = DIRECTION('',(1.,-1.110223024625E-16,0.));
#282 = ORIENTED_EDGE('',*,*,#283,.F.);
#283 = EDGE_CURVE('',#284,#276,#286,.T.);
#284 = VERTEX_POINT('',#285);
#285 = CARTESIAN_POINT('',(-0.6,-7.02,8.5));
#286 = LINE('',#287,#288);
#287 = CARTESIAN_POINT('',(-0.6,-7.02,8.5));
#288 = VECTOR('',#289,1.);
#289 = DIRECTION('',(-1.110223024625E-16,-1.,0.));
#290 = ORIENTED_EDGE('',*,*,#291,.F.);
#291 = EDGE_CURVE('',#268,#284,#292,.T.);
#292 = LINE('',#293,#294);
#293 = CARTESIAN_POINT('',(0.6,-7.02,8.5));
#294 = VECTOR('',#295,1.);
#295 = DIRECTION('',(-1.,1.110223024625E-16,0.));
#296 = FACE_BOUND('',#297,.T.);
#297 = EDGE_LOOP('',(#298,#308,#316,#324));
#298 = ORIENTED_EDGE('',*,*,#299,.F.);
#299 = EDGE_CURVE('',#300,#302,#304,.T.);
#300 = VERTEX_POINT('',#301);
#301 = CARTESIAN_POINT('',(0.6,-5.68,8.5));
#302 = VERTEX_POINT('',#303);
#303 = CARTESIAN_POINT('',(0.6,-4.48,8.5));
#304 = LINE('',#305,#306);
#305 = CARTESIAN_POINT('',(0.6,-5.68,8.5));
#306 = VECTOR('',#307,1.);
#307 = DIRECTION('',(1.110223024625E-16,1.,0.));
#308 = ORIENTED_EDGE('',*,*,#309,.F.);
#309 = EDGE_CURVE('',#310,#300,#312,.T.);
#310 = VERTEX_POINT('',#311);
#311 = CARTESIAN_POINT('',(-0.6,-5.68,8.5));
#312 = LINE('',#313,#314);
#313 = CARTESIAN_POINT('',(-0.6,-5.68,8.5));
#314 = VECTOR('',#315,1.);
#315 = DIRECTION('',(1.,-1.110223024625E-16,0.));
#316 = ORIENTED_EDGE('',*,*,#317,.F.);
#317 = EDGE_CURVE('',#318,#310,#320,.T.);
#318 = VERTEX_POINT('',#319);
#319 = CARTESIAN_POINT('',(-0.6,-4.48,8.5));
#320 = LINE('',#321,#322);
#321 = CARTESIAN_POINT('',(-0.6,-4.48,8.5));
#322 = VECTOR('',#323,1.);
#323 = DIRECTION('',(-1.110223024625E-16,-1.,0.));
#324 = ORIENTED_EDGE('',*,*,#325,.F.);
#325 = EDGE_CURVE('',#302,#318,#326,.T.);
#326 = LINE('',#327,#328);
#327 = CARTESIAN_POINT('',(0.6,-4.48,8.5));
#328 = VECTOR('',#329,1.);
#329 = DIRECTION('',(-1.,1.110223024625E-16,0.));
#330 = FACE_BOUND('',#331,.T.);
#331 = EDGE_LOOP('',(#332,#342,#350,#358));
#332 = ORIENTED_EDGE('',*,*,#333,.F.);
#333 = EDGE_CURVE('',#334,#336,#338,.T.);
#334 = VERTEX_POINT('',#335);
#335 = CARTESIAN_POINT('',(0.6,-3.14,8.5));
#336 = VERTEX_POINT('',#337);
#337 = CARTESIAN_POINT('',(0.6,-1.94,8.5));
#338 = LINE('',#339,#340);
#339 = CARTESIAN_POINT('',(0.6,-3.14,8.5));
#340 = VECTOR('',#341,1.);
#341 = DIRECTION('',(1.110223024625E-16,1.,0.));
#342 = ORIENTED_EDGE('',*,*,#343,.F.);
#343 = EDGE_CURVE('',#344,#334,#346,.T.);
#344 = VERTEX_POINT('',#345);
#345 = CARTESIAN_POINT('',(-0.6,-3.14,8.5));
#346 = LINE('',#347,#348);
#347 = CARTESIAN_POINT('',(-0.6,-3.14,8.5));
#348 = VECTOR('',#349,1.);
#349 = DIRECTION('',(1.,-1.110223024625E-16,0.));
#350 = ORIENTED_EDGE('',*,*,#351,.F.);
#351 = EDGE_CURVE('',#352,#344,#354,.T.);
#352 = VERTEX_POINT('',#353);
#353 = CARTESIAN_POINT('',(-0.6,-1.94,8.5));
#354 = LINE('',#355,#356);
#355 = CARTESIAN_POINT('',(-0.6,-1.94,8.5));
#356 = VECTOR('',#357,1.);
#357 = DIRECTION('',(-1.110223024625E-16,-1.,0.));
#358 = ORIENTED_EDGE('',*,*,#359,.F.);
#359 = EDGE_CURVE('',#336,#352,#360,.T.);
#360 = LINE('',#361,#362);
#361 = CARTESIAN_POINT('',(0.6,-1.94,8.5));
#362 = VECTOR('',#363,1.);
#363 = DIRECTION('',(-1.,1.110223024625E-16,0.));
#364 = FACE_BOUND('',#365,.T.);
#365 = EDGE_LOOP('',(#366,#376,#384,#392));
#366 = ORIENTED_EDGE('',*,*,#367,.F.);
#367 = EDGE_CURVE('',#368,#370,#372,.T.);
#368 = VERTEX_POINT('',#369);
#369 = CARTESIAN_POINT('',(0.6,-0.6,8.5));
#370 = VERTEX_POINT('',#371);
#371 = CARTESIAN_POINT('',(0.6,0.6,8.5));
#372 = LINE('',#373,#374);
#373 = CARTESIAN_POINT('',(0.6,-0.6,8.5));
#374 = VECTOR('',#375,1.);
#375 = DIRECTION('',(1.110223024625E-16,1.,0.));
#376 = ORIENTED_EDGE('',*,*,#377,.F.);
#377 = EDGE_CURVE('',#378,#368,#380,.T.);
#378 = VERTEX_POINT('',#379);
#379 = CARTESIAN_POINT('',(-0.6,-0.6,8.5));
#380 = LINE('',#381,#382);
#381 = CARTESIAN_POINT('',(-0.6,-0.6,8.5));
#382 = VECTOR('',#383,1.);
#383 = DIRECTION('',(1.,-1.110223024625E-16,0.));
#384 = ORIENTED_EDGE('',*,*,#385,.F.);
#385 = EDGE_CURVE('',#386,#378,#388,.T.);
#386 = VERTEX_POINT('',#387);
#387 = CARTESIAN_POINT('',(-0.6,0.6,8.5));
#388 = LINE('',#389,#390);
#389 = CARTESIAN_POINT('',(-0.6,0.6,8.5));
#390 = VECTOR('',#391,1.);
#391 = DIRECTION('',(-1.110223024625E-16,-1.,0.));
#392 = ORIENTED_EDGE('',*,*,#393,.F.);
#393 = EDGE_CURVE('',#370,#386,#394,.T.);
#394 = LINE('',#395,#396);
#395 = CARTESIAN_POINT('',(0.6,0.6,8.5));
#396 = VECTOR('',#397,1.);
#397 = DIRECTION('',(-1.,1.110223024625E-16,0.));
#398 = PLANE('',#399);
#399 = AXIS2_PLACEMENT_3D('',#400,#401,#402);
#400 = CARTESIAN_POINT('',(-3.952393967666E-16,-3.81,8.5));
#401 = DIRECTION('',(0.,0.,1.));
#402 = DIRECTION('',(1.110223024625E-16,1.,-0.));
#403 = ADVANCED_FACE('',(#404),#420,.F.);
#404 = FACE_BOUND('',#405,.F.);
#405 = EDGE_LOOP('',(#406,#407,#413,#414));
#406 = ORIENTED_EDGE('',*,*,#111,.T.);
#407 = ORIENTED_EDGE('',*,*,#408,.F.);
#408 = EDGE_CURVE('',#200,#114,#409,.T.);
#409 = LINE('',#410,#411);
#410 = CARTESIAN_POINT('',(-0.846666666667,1.27,0.));
#411 = VECTOR('',#412,1.);
#412 = DIRECTION('',(-1.110223024625E-16,-1.,0.));
#413 = ORIENTED_EDGE('',*,*,#199,.T.);
#414 = ORIENTED_EDGE('',*,*,#415,.T.);
#415 = EDGE_CURVE('',#192,#112,#416,.T.);
#416 = LINE('',#417,#418);
#417 = CARTESIAN_POINT('',(-1.27,1.27,0.));
#418 = VECTOR('',#419,1.);
#419 = DIRECTION('',(-1.110223024625E-16,-1.,0.));
#420 = PLANE('',#421);
#421 = AXIS2_PLACEMENT_3D('',#422,#423,#424);
#422 = CARTESIAN_POINT('',(-3.952393967666E-16,-3.81,0.));
#423 = DIRECTION('',(0.,0.,1.));
#424 = DIRECTION('',(1.110223024625E-16,1.,-0.));
#425 = ADVANCED_FACE('',(#426),#437,.T.);
#426 = FACE_BOUND('',#427,.T.);
#427 = EDGE_LOOP('',(#428,#429,#435,#436));
#428 = ORIENTED_EDGE('',*,*,#207,.T.);
#429 = ORIENTED_EDGE('',*,*,#430,.T.);
#430 = EDGE_CURVE('',#208,#153,#431,.T.);
#431 = LINE('',#432,#433);
#432 = CARTESIAN_POINT('',(-0.846666666667,1.27,0.2));
#433 = VECTOR('',#434,1.);
#434 = DIRECTION('',(-1.110223024625E-16,-1.,0.));
#435 = ORIENTED_EDGE('',*,*,#160,.F.);
#436 = ORIENTED_EDGE('',*,*,#408,.F.);
#437 = PLANE('',#438);
#438 = AXIS2_PLACEMENT_3D('',#439,#440,#441);
#439 = CARTESIAN_POINT('',(-0.846666666667,1.27,0.));
#440 = DIRECTION('',(1.,-1.110223024625E-16,0.));
#441 = DIRECTION('',(-1.110223024625E-16,-1.,0.));
#442 = ADVANCED_FACE('',(#443,#454,#520,#586,#652),#718,.F.);
#443 = FACE_BOUND('',#444,.F.);
#444 = EDGE_LOOP('',(#445,#451,#452,#453));
#445 = ORIENTED_EDGE('',*,*,#446,.T.);
#446 = EDGE_CURVE('',#145,#216,#447,.T.);
#447 = LINE('',#448,#449);
#448 = CARTESIAN_POINT('',(0.846666666667,-8.89,0.2));
#449 = VECTOR('',#450,1.);
#450 = DIRECTION('',(1.110223024625E-16,1.,0.));
#451 = ORIENTED_EDGE('',*,*,#215,.T.);
#452 = ORIENTED_EDGE('',*,*,#430,.T.);
#453 = ORIENTED_EDGE('',*,*,#152,.T.);
#454 = FACE_BOUND('',#455,.F.);
#455 = EDGE_LOOP('',(#456,#466,#474,#482,#490,#498,#506,#514));
#456 = ORIENTED_EDGE('',*,*,#457,.F.);
#457 = EDGE_CURVE('',#458,#460,#462,.T.);
#458 = VERTEX_POINT('',#459);
#459 = CARTESIAN_POINT('',(-0.1,-8.07,0.2));
#460 = VERTEX_POINT('',#461);
#461 = CARTESIAN_POINT('',(0.1,-8.07,0.2));
#462 = LINE('',#463,#464);
#463 = CARTESIAN_POINT('',(-0.1,-8.07,0.2));
#464 = VECTOR('',#465,1.);
#465 = DIRECTION('',(1.,-1.110223024625E-16,0.));
#466 = ORIENTED_EDGE('',*,*,#467,.T.);
#467 = EDGE_CURVE('',#458,#468,#470,.T.);
#468 = VERTEX_POINT('',#469);
#469 = CARTESIAN_POINT('',(-0.1,-7.92,0.2));
#470 = LINE('',#471,#472);
#471 = CARTESIAN_POINT('',(-0.1,-8.07,0.2));
#472 = VECTOR('',#473,1.);
#473 = DIRECTION('',(1.110223024625E-16,1.,0.));
#474 = ORIENTED_EDGE('',*,*,#475,.F.);
#475 = EDGE_CURVE('',#476,#468,#478,.T.);
#476 = VERTEX_POINT('',#477);
#477 = CARTESIAN_POINT('',(-0.1,-7.32,0.2));
#478 = LINE('',#479,#480);
#479 = CARTESIAN_POINT('',(-0.1,-5.715,0.2));
#480 = VECTOR('',#481,1.);
#481 = DIRECTION('',(-1.110223024625E-16,-1.,0.));
#482 = ORIENTED_EDGE('',*,*,#483,.T.);
#483 = EDGE_CURVE('',#476,#484,#486,.T.);
#484 = VERTEX_POINT('',#485);
#485 = CARTESIAN_POINT('',(-0.1,-7.17,0.2));
#486 = LINE('',#487,#488);
#487 = CARTESIAN_POINT('',(-0.1,-8.07,0.2));
#488 = VECTOR('',#489,1.);
#489 = DIRECTION('',(1.110223024625E-16,1.,0.));
#490 = ORIENTED_EDGE('',*,*,#491,.T.);
#491 = EDGE_CURVE('',#484,#492,#494,.T.);
#492 = VERTEX_POINT('',#493);
#493 = CARTESIAN_POINT('',(0.1,-7.17,0.2));
#494 = LINE('',#495,#496);
#495 = CARTESIAN_POINT('',(-0.1,-7.17,0.2));
#496 = VECTOR('',#497,1.);
#497 = DIRECTION('',(1.,-1.110223024625E-16,0.));
#498 = ORIENTED_EDGE('',*,*,#499,.T.);
#499 = EDGE_CURVE('',#492,#500,#502,.T.);
#500 = VERTEX_POINT('',#501);
#501 = CARTESIAN_POINT('',(0.1,-7.32,0.2));
#502 = LINE('',#503,#504);
#503 = CARTESIAN_POINT('',(0.1,-7.17,0.2));
#504 = VECTOR('',#505,1.);
#505 = DIRECTION('',(-1.110223024625E-16,-1.,0.));
#506 = ORIENTED_EDGE('',*,*,#507,.T.);
#507 = EDGE_CURVE('',#500,#508,#510,.T.);
#508 = VERTEX_POINT('',#509);
#509 = CARTESIAN_POINT('',(0.1,-7.92,0.2));
#510 = LINE('',#511,#512);
#511 = CARTESIAN_POINT('',(0.1,-5.715,0.2));
#512 = VECTOR('',#513,1.);
#513 = DIRECTION('',(-1.110223024625E-16,-1.,0.));
#514 = ORIENTED_EDGE('',*,*,#515,.T.);
#515 = EDGE_CURVE('',#508,#460,#516,.T.);
#516 = LINE('',#517,#518);
#517 = CARTESIAN_POINT('',(0.1,-7.17,0.2));
#518 = VECTOR('',#519,1.);
#519 = DIRECTION('',(-1.110223024625E-16,-1.,0.));
#520 = FACE_BOUND('',#521,.F.);
#521 = EDGE_LOOP('',(#522,#532,#540,#548,#556,#564,#572,#580));
#522 = ORIENTED_EDGE('',*,*,#523,.F.);
#523 = EDGE_CURVE('',#524,#526,#528,.T.);
#524 = VERTEX_POINT('',#525);
#525 = CARTESIAN_POINT('',(-0.1,-5.53,0.2));
#526 = VERTEX_POINT('',#527);
#527 = CARTESIAN_POINT('',(0.1,-5.53,0.2));
#528 = LINE('',#529,#530);
#529 = CARTESIAN_POINT('',(-0.1,-5.53,0.2));
#530 = VECTOR('',#531,1.);
#531 = DIRECTION('',(1.,-1.110223024625E-16,0.));
#532 = ORIENTED_EDGE('',*,*,#533,.T.);
#533 = EDGE_CURVE('',#524,#534,#536,.T.);
#534 = VERTEX_POINT('',#535);
#535 = CARTESIAN_POINT('',(-0.1,-5.38,0.2));
#536 = LINE('',#537,#538);
#537 = CARTESIAN_POINT('',(-0.1,-5.53,0.2));
#538 = VECTOR('',#539,1.);
#539 = DIRECTION('',(1.110223024625E-16,1.,0.));
#540 = ORIENTED_EDGE('',*,*,#541,.F.);
#541 = EDGE_CURVE('',#542,#534,#544,.T.);
#542 = VERTEX_POINT('',#543);
#543 = CARTESIAN_POINT('',(-0.1,-4.78,0.2));
#544 = LINE('',#545,#546);
#545 = CARTESIAN_POINT('',(-0.1,-4.445,0.2));
#546 = VECTOR('',#547,1.);
#547 = DIRECTION('',(-1.110223024625E-16,-1.,0.));
#548 = ORIENTED_EDGE('',*,*,#549,.T.);
#549 = EDGE_CURVE('',#542,#550,#552,.T.);
#550 = VERTEX_POINT('',#551);
#551 = CARTESIAN_POINT('',(-0.1,-4.63,0.2));
#552 = LINE('',#553,#554);
#553 = CARTESIAN_POINT('',(-0.1,-5.53,0.2));
#554 = VECTOR('',#555,1.);
#555 = DIRECTION('',(1.110223024625E-16,1.,0.));
#556 = ORIENTED_EDGE('',*,*,#557,.T.);
#557 = EDGE_CURVE('',#550,#558,#560,.T.);
#558 = VERTEX_POINT('',#559);
#559 = CARTESIAN_POINT('',(0.1,-4.63,0.2));
#560 = LINE('',#561,#562);
#561 = CARTESIAN_POINT('',(-0.1,-4.63,0.2));
#562 = VECTOR('',#563,1.);
#563 = DIRECTION('',(1.,-1.110223024625E-16,0.));
#564 = ORIENTED_EDGE('',*,*,#565,.T.);
#565 = EDGE_CURVE('',#558,#566,#568,.T.);
#566 = VERTEX_POINT('',#567);
#567 = CARTESIAN_POINT('',(0.1,-4.78,0.2));
#568 = LINE('',#569,#570);
#569 = CARTESIAN_POINT('',(0.1,-4.63,0.2));
#570 = VECTOR('',#571,1.);
#571 = DIRECTION('',(-1.110223024625E-16,-1.,0.));
#572 = ORIENTED_EDGE('',*,*,#573,.T.);
#573 = EDGE_CURVE('',#566,#574,#576,.T.);
#574 = VERTEX_POINT('',#575);
#575 = CARTESIAN_POINT('',(0.1,-5.38,0.2));
#576 = LINE('',#577,#578);
#577 = CARTESIAN_POINT('',(0.1,-4.445,0.2));
#578 = VECTOR('',#579,1.);
#579 = DIRECTION('',(-1.110223024625E-16,-1.,0.));
#580 = ORIENTED_EDGE('',*,*,#581,.T.);
#581 = EDGE_CURVE('',#574,#526,#582,.T.);
#582 = LINE('',#583,#584);
#583 = CARTESIAN_POINT('',(0.1,-4.63,0.2));
#584 = VECTOR('',#585,1.);
#585 = DIRECTION('',(-1.110223024625E-16,-1.,0.));
#586 = FACE_BOUND('',#587,.F.);
#587 = EDGE_LOOP('',(#588,#598,#606,#614,#622,#630,#638,#646));
#588 = ORIENTED_EDGE('',*,*,#589,.F.);
#589 = EDGE_CURVE('',#590,#592,#594,.T.);
#590 = VERTEX_POINT('',#591);
#591 = CARTESIAN_POINT('',(-0.1,-2.99,0.2));
#592 = VERTEX_POINT('',#593);
#593 = CARTESIAN_POINT('',(0.1,-2.99,0.2));
#594 = LINE('',#595,#596);
#595 = CARTESIAN_POINT('',(-0.1,-2.99,0.2));
#596 = VECTOR('',#597,1.);
#597 = DIRECTION('',(1.,-1.110223024625E-16,0.));
#598 = ORIENTED_EDGE('',*,*,#599,.T.);
#599 = EDGE_CURVE('',#590,#600,#602,.T.);
#600 = VERTEX_POINT('',#601);
#601 = CARTESIAN_POINT('',(-0.1,-2.84,0.2));
#602 = LINE('',#603,#604);
#603 = CARTESIAN_POINT('',(-0.1,-2.99,0.2));
#604 = VECTOR('',#605,1.);
#605 = DIRECTION('',(1.110223024625E-16,1.,0.));
#606 = ORIENTED_EDGE('',*,*,#607,.F.);
#607 = EDGE_CURVE('',#608,#600,#610,.T.);
#608 = VERTEX_POINT('',#609);
#609 = CARTESIAN_POINT('',(-0.1,-2.24,0.2));
#610 = LINE('',#611,#612);
#611 = CARTESIAN_POINT('',(-0.1,-3.175,0.2));
#612 = VECTOR('',#613,1.);
#613 = DIRECTION('',(-1.110223024625E-16,-1.,0.));
#614 = ORIENTED_EDGE('',*,*,#615,.T.);
#615 = EDGE_CURVE('',#608,#616,#618,.T.);
#616 = VERTEX_POINT('',#617);
#617 = CARTESIAN_POINT('',(-0.1,-2.09,0.2));
#618 = LINE('',#619,#620);
#619 = CARTESIAN_POINT('',(-0.1,-2.99,0.2));
#620 = VECTOR('',#621,1.);
#621 = DIRECTION('',(1.110223024625E-16,1.,0.));
#622 = ORIENTED_EDGE('',*,*,#623,.T.);
#623 = EDGE_CURVE('',#616,#624,#626,.T.);
#624 = VERTEX_POINT('',#625);
#625 = CARTESIAN_POINT('',(0.1,-2.09,0.2));
#626 = LINE('',#627,#628);
#627 = CARTESIAN_POINT('',(-0.1,-2.09,0.2));
#628 = VECTOR('',#629,1.);
#629 = DIRECTION('',(1.,-1.110223024625E-16,0.));
#630 = ORIENTED_EDGE('',*,*,#631,.T.);
#631 = EDGE_CURVE('',#624,#632,#634,.T.);
#632 = VERTEX_POINT('',#633);
#633 = CARTESIAN_POINT('',(0.1,-2.24,0.2));
#634 = LINE('',#635,#636);
#635 = CARTESIAN_POINT('',(0.1,-2.09,0.2));
#636 = VECTOR('',#637,1.);
#637 = DIRECTION('',(-1.110223024625E-16,-1.,0.));
#638 = ORIENTED_EDGE('',*,*,#639,.T.);
#639 = EDGE_CURVE('',#632,#640,#642,.T.);
#640 = VERTEX_POINT('',#641);
#641 = CARTESIAN_POINT('',(0.1,-2.84,0.2));
#642 = LINE('',#643,#644);
#643 = CARTESIAN_POINT('',(0.1,-3.175,0.2));
#644 = VECTOR('',#645,1.);
#645 = DIRECTION('',(-1.110223024625E-16,-1.,0.));
#646 = ORIENTED_EDGE('',*,*,#647,.T.);
#647 = EDGE_CURVE('',#640,#592,#648,.T.);
#648 = LINE('',#649,#650);
#649 = CARTESIAN_POINT('',(0.1,-2.09,0.2));
#650 = VECTOR('',#651,1.);
#651 = DIRECTION('',(-1.110223024625E-16,-1.,0.));
#652 = FACE_BOUND('',#653,.F.);
#653 = EDGE_LOOP('',(#654,#664,#672,#680,#688,#696,#704,#712));
#654 = ORIENTED_EDGE('',*,*,#655,.F.);
#655 = EDGE_CURVE('',#656,#658,#660,.T.);
#656 = VERTEX_POINT('',#657);
#657 = CARTESIAN_POINT('',(-0.1,-0.45,0.2));
#658 = VERTEX_POINT('',#659);
#659 = CARTESIAN_POINT('',(0.1,-0.45,0.2));
#660 = LINE('',#661,#662);
#661 = CARTESIAN_POINT('',(-0.1,-0.45,0.2));
#662 = VECTOR('',#663,1.);
#663 = DIRECTION('',(1.,-1.110223024625E-16,0.));
#664 = ORIENTED_EDGE('',*,*,#665,.T.);
#665 = EDGE_CURVE('',#656,#666,#668,.T.);
#666 = VERTEX_POINT('',#667);
#667 = CARTESIAN_POINT('',(-0.1,-0.3,0.2));
#668 = LINE('',#669,#670);
#669 = CARTESIAN_POINT('',(-0.1,-0.45,0.2));
#670 = VECTOR('',#671,1.);
#671 = DIRECTION('',(1.110223024625E-16,1.,0.));
#672 = ORIENTED_EDGE('',*,*,#673,.F.);
#673 = EDGE_CURVE('',#674,#666,#676,.T.);
#674 = VERTEX_POINT('',#675);
#675 = CARTESIAN_POINT('',(-0.1,0.3,0.2));
#676 = LINE('',#677,#678);
#677 = CARTESIAN_POINT('',(-0.1,-1.905,0.2));
#678 = VECTOR('',#679,1.);
#679 = DIRECTION('',(-1.110223024625E-16,-1.,0.));
#680 = ORIENTED_EDGE('',*,*,#681,.T.);
#681 = EDGE_CURVE('',#674,#682,#684,.T.);
#682 = VERTEX_POINT('',#683);
#683 = CARTESIAN_POINT('',(-0.1,0.45,0.2));
#684 = LINE('',#685,#686);
#685 = CARTESIAN_POINT('',(-0.1,-0.45,0.2));
#686 = VECTOR('',#687,1.);
#687 = DIRECTION('',(1.110223024625E-16,1.,0.));
#688 = ORIENTED_EDGE('',*,*,#689,.T.);
#689 = EDGE_CURVE('',#682,#690,#692,.T.);
#690 = VERTEX_POINT('',#691);
#691 = CARTESIAN_POINT('',(0.1,0.45,0.2));
#692 = LINE('',#693,#694);
#693 = CARTESIAN_POINT('',(-0.1,0.45,0.2));
#694 = VECTOR('',#695,1.);
#695 = DIRECTION('',(1.,-1.110223024625E-16,0.));
#696 = ORIENTED_EDGE('',*,*,#697,.T.);
#697 = EDGE_CURVE('',#690,#698,#700,.T.);
#698 = VERTEX_POINT('',#699);
#699 = CARTESIAN_POINT('',(0.1,0.3,0.2));
#700 = LINE('',#701,#702);
#701 = CARTESIAN_POINT('',(0.1,0.45,0.2));
#702 = VECTOR('',#703,1.);
#703 = DIRECTION('',(-1.110223024625E-16,-1.,0.));
#704 = ORIENTED_EDGE('',*,*,#705,.T.);
#705 = EDGE_CURVE('',#698,#706,#708,.T.);
#706 = VERTEX_POINT('',#707);
#707 = CARTESIAN_POINT('',(0.1,-0.3,0.2));
#708 = LINE('',#709,#710);
#709 = CARTESIAN_POINT('',(0.1,-1.905,0.2));
#710 = VECTOR('',#711,1.);
#711 = DIRECTION('',(-1.110223024625E-16,-1.,0.));
#712 = ORIENTED_EDGE('',*,*,#713,.T.);
#713 = EDGE_CURVE('',#706,#658,#714,.T.);
#714 = LINE('',#715,#716);
#715 = CARTESIAN_POINT('',(0.1,0.45,0.2));
#716 = VECTOR('',#717,1.);
#717 = DIRECTION('',(-1.110223024625E-16,-1.,0.));
#718 = PLANE('',#719);
#719 = AXIS2_PLACEMENT_3D('',#720,#721,#722);
#720 = CARTESIAN_POINT('',(-3.952393967666E-16,-3.81,0.2));
#721 = DIRECTION('',(0.,0.,1.));
#722 = DIRECTION('',(1.110223024625E-16,1.,-0.));
#723 = ADVANCED_FACE('',(#724),#730,.T.);
#724 = FACE_BOUND('',#725,.T.);
#725 = EDGE_LOOP('',(#726,#727,#728,#729));
#726 = ORIENTED_EDGE('',*,*,#144,.T.);
#727 = ORIENTED_EDGE('',*,*,#446,.T.);
#728 = ORIENTED_EDGE('',*,*,#223,.F.);
#729 = ORIENTED_EDGE('',*,*,#240,.F.);
#730 = PLANE('',#731);
#731 = AXIS2_PLACEMENT_3D('',#732,#733,#734);
#732 = CARTESIAN_POINT('',(0.846666666667,-8.89,0.));
#733 = DIRECTION('',(-1.,1.110223024625E-16,0.));
#734 = DIRECTION('',(1.110223024625E-16,1.,0.));
#735 = ADVANCED_FACE('',(#736),#742,.F.);
#736 = FACE_BOUND('',#737,.F.);
#737 = EDGE_LOOP('',(#738,#739,#740,#741));
#738 = ORIENTED_EDGE('',*,*,#191,.T.);
#739 = ORIENTED_EDGE('',*,*,#256,.T.);
#740 = ORIENTED_EDGE('',*,*,#121,.F.);
#741 = ORIENTED_EDGE('',*,*,#415,.F.);
#742 = PLANE('',#743);
#743 = AXIS2_PLACEMENT_3D('',#744,#745,#746);
#744 = CARTESIAN_POINT('',(-1.27,1.27,0.));
#745 = DIRECTION('',(1.,-1.110223024625E-16,0.));
#746 = DIRECTION('',(-1.110223024625E-16,-1.,0.));
#747 = ADVANCED_FACE('',(#748),#773,.T.);
#748 = FACE_BOUND('',#749,.T.);
#749 = EDGE_LOOP('',(#750,#758,#759,#767));
#750 = ORIENTED_EDGE('',*,*,#751,.F.);
#751 = EDGE_CURVE('',#266,#752,#754,.T.);
#752 = VERTEX_POINT('',#753);
#753 = CARTESIAN_POINT('',(0.3,-7.92,8.2));
#754 = LINE('',#755,#756);
#755 = CARTESIAN_POINT('',(0.3,-7.92,8.2));
#756 = VECTOR('',#757,1.);
#757 = DIRECTION('',(-0.57735026919,0.57735026919,-0.57735026919));
#758 = ORIENTED_EDGE('',*,*,#265,.T.);
#759 = ORIENTED_EDGE('',*,*,#760,.T.);
#760 = EDGE_CURVE('',#268,#761,#763,.T.);
#761 = VERTEX_POINT('',#762);
#762 = CARTESIAN_POINT('',(0.3,-7.32,8.2));
#763 = LINE('',#764,#765);
#764 = CARTESIAN_POINT('',(0.3,-7.32,8.2));
#765 = VECTOR('',#766,1.);
#766 = DIRECTION('',(-0.57735026919,-0.57735026919,-0.57735026919));
#767 = ORIENTED_EDGE('',*,*,#768,.F.);
#768 = EDGE_CURVE('',#752,#761,#769,.T.);
#769 = LINE('',#770,#771);
#770 = CARTESIAN_POINT('',(0.3,-8.22,8.2));
#771 = VECTOR('',#772,1.);
#772 = DIRECTION('',(1.110223024625E-16,1.,0.));
#773 = PLANE('',#774);
#774 = AXIS2_PLACEMENT_3D('',#775,#776,#777);
#775 = CARTESIAN_POINT('',(0.45,-8.22,8.35));
#776 = DIRECTION('',(-0.707106781187,7.850462293414E-17,0.707106781187)
  );
#777 = DIRECTION('',(1.110223024625E-16,1.,2.680278185005E-29));
#778 = ADVANCED_FACE('',(#779),#797,.T.);
#779 = FACE_BOUND('',#780,.T.);
#780 = EDGE_LOOP('',(#781,#782,#783,#791));
#781 = ORIENTED_EDGE('',*,*,#760,.F.);
#782 = ORIENTED_EDGE('',*,*,#291,.T.);
#783 = ORIENTED_EDGE('',*,*,#784,.T.);
#784 = EDGE_CURVE('',#284,#785,#787,.T.);
#785 = VERTEX_POINT('',#786);
#786 = CARTESIAN_POINT('',(-0.3,-7.32,8.2));
#787 = LINE('',#788,#789);
#788 = CARTESIAN_POINT('',(-0.3,-7.32,8.2));
#789 = VECTOR('',#790,1.);
#790 = DIRECTION('',(0.57735026919,-0.57735026919,-0.57735026919));
#791 = ORIENTED_EDGE('',*,*,#792,.F.);
#792 = EDGE_CURVE('',#761,#785,#793,.T.);
#793 = LINE('',#794,#795);
#794 = CARTESIAN_POINT('',(0.6,-7.32,8.2));
#795 = VECTOR('',#796,1.);
#796 = DIRECTION('',(-1.,1.110223024625E-16,0.));
#797 = PLANE('',#798);
#798 = AXIS2_PLACEMENT_3D('',#799,#800,#801);
#799 = CARTESIAN_POINT('',(0.6,-7.17,8.35));
#800 = DIRECTION('',(-8.197719098449E-17,-0.707106781187,0.707106781187)
  );
#801 = DIRECTION('',(-1.,1.13477778879E-16,-2.455476416522E-18));
#802 = ADVANCED_FACE('',(#803),#821,.T.);
#803 = FACE_BOUND('',#804,.T.);
#804 = EDGE_LOOP('',(#805,#806,#807,#815));
#805 = ORIENTED_EDGE('',*,*,#784,.F.);
#806 = ORIENTED_EDGE('',*,*,#283,.T.);
#807 = ORIENTED_EDGE('',*,*,#808,.T.);
#808 = EDGE_CURVE('',#276,#809,#811,.T.);
#809 = VERTEX_POINT('',#810);
#810 = CARTESIAN_POINT('',(-0.3,-7.92,8.2));
#811 = LINE('',#812,#813);
#812 = CARTESIAN_POINT('',(-0.3,-7.92,8.2));
#813 = VECTOR('',#814,1.);
#814 = DIRECTION('',(0.57735026919,0.57735026919,-0.57735026919));
#815 = ORIENTED_EDGE('',*,*,#816,.F.);
#816 = EDGE_CURVE('',#785,#809,#817,.T.);
#817 = LINE('',#818,#819);
#818 = CARTESIAN_POINT('',(-0.3,-7.02,8.2));
#819 = VECTOR('',#820,1.);
#820 = DIRECTION('',(-1.110223024625E-16,-1.,0.));
#821 = PLANE('',#822);
#822 = AXIS2_PLACEMENT_3D('',#823,#824,#825);
#823 = CARTESIAN_POINT('',(-0.45,-7.02,8.35));
#824 = DIRECTION('',(0.707106781187,-7.850462293414E-17,0.707106781187)
  );
#825 = DIRECTION('',(-1.110223024625E-16,-1.,2.680278185005E-29));
#826 = ADVANCED_FACE('',(#827),#838,.T.);
#827 = FACE_BOUND('',#828,.T.);
#828 = EDGE_LOOP('',(#829,#830,#831,#832));
#829 = ORIENTED_EDGE('',*,*,#808,.F.);
#830 = ORIENTED_EDGE('',*,*,#275,.T.);
#831 = ORIENTED_EDGE('',*,*,#751,.T.);
#832 = ORIENTED_EDGE('',*,*,#833,.F.);
#833 = EDGE_CURVE('',#809,#752,#834,.T.);
#834 = LINE('',#835,#836);
#835 = CARTESIAN_POINT('',(-0.6,-7.92,8.2));
#836 = VECTOR('',#837,1.);
#837 = DIRECTION('',(1.,-1.110223024625E-16,0.));
#838 = PLANE('',#839);
#839 = AXIS2_PLACEMENT_3D('',#840,#841,#842);
#840 = CARTESIAN_POINT('',(-0.6,-8.07,8.35));
#841 = DIRECTION('',(8.197719098449E-17,0.707106781187,0.707106781187));
#842 = DIRECTION('',(1.,-1.13477778879E-16,-2.455476416522E-18));
#843 = ADVANCED_FACE('',(#844),#869,.T.);
#844 = FACE_BOUND('',#845,.T.);
#845 = EDGE_LOOP('',(#846,#854,#855,#863));
#846 = ORIENTED_EDGE('',*,*,#847,.F.);
#847 = EDGE_CURVE('',#300,#848,#850,.T.);
#848 = VERTEX_POINT('',#849);
#849 = CARTESIAN_POINT('',(0.3,-5.38,8.2));
#850 = LINE('',#851,#852);
#851 = CARTESIAN_POINT('',(0.3,-5.38,8.2));
#852 = VECTOR('',#853,1.);
#853 = DIRECTION('',(-0.57735026919,0.57735026919,-0.57735026919));
#854 = ORIENTED_EDGE('',*,*,#299,.T.);
#855 = ORIENTED_EDGE('',*,*,#856,.T.);
#856 = EDGE_CURVE('',#302,#857,#859,.T.);
#857 = VERTEX_POINT('',#858);
#858 = CARTESIAN_POINT('',(0.3,-4.78,8.2));
#859 = LINE('',#860,#861);
#860 = CARTESIAN_POINT('',(0.3,-4.78,8.2));
#861 = VECTOR('',#862,1.);
#862 = DIRECTION('',(-0.57735026919,-0.57735026919,-0.57735026919));
#863 = ORIENTED_EDGE('',*,*,#864,.F.);
#864 = EDGE_CURVE('',#848,#857,#865,.T.);
#865 = LINE('',#866,#867);
#866 = CARTESIAN_POINT('',(0.3,-5.68,8.2));
#867 = VECTOR('',#868,1.);
#868 = DIRECTION('',(1.110223024625E-16,1.,0.));
#869 = PLANE('',#870);
#870 = AXIS2_PLACEMENT_3D('',#871,#872,#873);
#871 = CARTESIAN_POINT('',(0.45,-5.68,8.35));
#872 = DIRECTION('',(-0.707106781187,7.850462293414E-17,0.707106781187)
  );
#873 = DIRECTION('',(1.110223024625E-16,1.,2.680278185005E-29));
#874 = ADVANCED_FACE('',(#875),#893,.T.);
#875 = FACE_BOUND('',#876,.T.);
#876 = EDGE_LOOP('',(#877,#878,#879,#887));
#877 = ORIENTED_EDGE('',*,*,#856,.F.);
#878 = ORIENTED_EDGE('',*,*,#325,.T.);
#879 = ORIENTED_EDGE('',*,*,#880,.T.);
#880 = EDGE_CURVE('',#318,#881,#883,.T.);
#881 = VERTEX_POINT('',#882);
#882 = CARTESIAN_POINT('',(-0.3,-4.78,8.2));
#883 = LINE('',#884,#885);
#884 = CARTESIAN_POINT('',(-0.3,-4.78,8.2));
#885 = VECTOR('',#886,1.);
#886 = DIRECTION('',(0.57735026919,-0.57735026919,-0.57735026919));
#887 = ORIENTED_EDGE('',*,*,#888,.F.);
#888 = EDGE_CURVE('',#857,#881,#889,.T.);
#889 = LINE('',#890,#891);
#890 = CARTESIAN_POINT('',(0.6,-4.78,8.2));
#891 = VECTOR('',#892,1.);
#892 = DIRECTION('',(-1.,1.110223024625E-16,0.));
#893 = PLANE('',#894);
#894 = AXIS2_PLACEMENT_3D('',#895,#896,#897);
#895 = CARTESIAN_POINT('',(0.6,-4.63,8.35));
#896 = DIRECTION('',(-8.197719098449E-17,-0.707106781187,0.707106781187)
  );
#897 = DIRECTION('',(-1.,1.13477778879E-16,-2.455476416522E-18));
#898 = ADVANCED_FACE('',(#899),#917,.T.);
#899 = FACE_BOUND('',#900,.T.);
#900 = EDGE_LOOP('',(#901,#902,#903,#911));
#901 = ORIENTED_EDGE('',*,*,#880,.F.);
#902 = ORIENTED_EDGE('',*,*,#317,.T.);
#903 = ORIENTED_EDGE('',*,*,#904,.T.);
#904 = EDGE_CURVE('',#310,#905,#907,.T.);
#905 = VERTEX_POINT('',#906);
#906 = CARTESIAN_POINT('',(-0.3,-5.38,8.2));
#907 = LINE('',#908,#909);
#908 = CARTESIAN_POINT('',(-0.3,-5.38,8.2));
#909 = VECTOR('',#910,1.);
#910 = DIRECTION('',(0.57735026919,0.57735026919,-0.57735026919));
#911 = ORIENTED_EDGE('',*,*,#912,.F.);
#912 = EDGE_CURVE('',#881,#905,#913,.T.);
#913 = LINE('',#914,#915);
#914 = CARTESIAN_POINT('',(-0.3,-4.48,8.2));
#915 = VECTOR('',#916,1.);
#916 = DIRECTION('',(-1.110223024625E-16,-1.,0.));
#917 = PLANE('',#918);
#918 = AXIS2_PLACEMENT_3D('',#919,#920,#921);
#919 = CARTESIAN_POINT('',(-0.45,-4.48,8.35));
#920 = DIRECTION('',(0.707106781187,-7.850462293414E-17,0.707106781187)
  );
#921 = DIRECTION('',(-1.110223024625E-16,-1.,2.680278185005E-29));
#922 = ADVANCED_FACE('',(#923),#934,.T.);
#923 = FACE_BOUND('',#924,.T.);
#924 = EDGE_LOOP('',(#925,#926,#927,#928));
#925 = ORIENTED_EDGE('',*,*,#904,.F.);
#926 = ORIENTED_EDGE('',*,*,#309,.T.);
#927 = ORIENTED_EDGE('',*,*,#847,.T.);
#928 = ORIENTED_EDGE('',*,*,#929,.F.);
#929 = EDGE_CURVE('',#905,#848,#930,.T.);
#930 = LINE('',#931,#932);
#931 = CARTESIAN_POINT('',(-0.6,-5.38,8.2));
#932 = VECTOR('',#933,1.);
#933 = DIRECTION('',(1.,-1.110223024625E-16,0.));
#934 = PLANE('',#935);
#935 = AXIS2_PLACEMENT_3D('',#936,#937,#938);
#936 = CARTESIAN_POINT('',(-0.6,-5.53,8.35));
#937 = DIRECTION('',(8.197719098449E-17,0.707106781187,0.707106781187));
#938 = DIRECTION('',(1.,-1.13477778879E-16,-2.455476416522E-18));
#939 = ADVANCED_FACE('',(#940),#965,.T.);
#940 = FACE_BOUND('',#941,.T.);
#941 = EDGE_LOOP('',(#942,#950,#951,#959));
#942 = ORIENTED_EDGE('',*,*,#943,.F.);
#943 = EDGE_CURVE('',#334,#944,#946,.T.);
#944 = VERTEX_POINT('',#945);
#945 = CARTESIAN_POINT('',(0.3,-2.84,8.2));
#946 = LINE('',#947,#948);
#947 = CARTESIAN_POINT('',(0.3,-2.84,8.2));
#948 = VECTOR('',#949,1.);
#949 = DIRECTION('',(-0.57735026919,0.57735026919,-0.57735026919));
#950 = ORIENTED_EDGE('',*,*,#333,.T.);
#951 = ORIENTED_EDGE('',*,*,#952,.T.);
#952 = EDGE_CURVE('',#336,#953,#955,.T.);
#953 = VERTEX_POINT('',#954);
#954 = CARTESIAN_POINT('',(0.3,-2.24,8.2));
#955 = LINE('',#956,#957);
#956 = CARTESIAN_POINT('',(0.3,-2.24,8.2));
#957 = VECTOR('',#958,1.);
#958 = DIRECTION('',(-0.57735026919,-0.57735026919,-0.57735026919));
#959 = ORIENTED_EDGE('',*,*,#960,.F.);
#960 = EDGE_CURVE('',#944,#953,#961,.T.);
#961 = LINE('',#962,#963);
#962 = CARTESIAN_POINT('',(0.3,-3.14,8.2));
#963 = VECTOR('',#964,1.);
#964 = DIRECTION('',(1.110223024625E-16,1.,0.));
#965 = PLANE('',#966);
#966 = AXIS2_PLACEMENT_3D('',#967,#968,#969);
#967 = CARTESIAN_POINT('',(0.45,-3.14,8.35));
#968 = DIRECTION('',(-0.707106781187,7.850462293414E-17,0.707106781187)
  );
#969 = DIRECTION('',(1.110223024625E-16,1.,2.680278185005E-29));
#970 = ADVANCED_FACE('',(#971),#989,.T.);
#971 = FACE_BOUND('',#972,.T.);
#972 = EDGE_LOOP('',(#973,#974,#975,#983));
#973 = ORIENTED_EDGE('',*,*,#952,.F.);
#974 = ORIENTED_EDGE('',*,*,#359,.T.);
#975 = ORIENTED_EDGE('',*,*,#976,.T.);
#976 = EDGE_CURVE('',#352,#977,#979,.T.);
#977 = VERTEX_POINT('',#978);
#978 = CARTESIAN_POINT('',(-0.3,-2.24,8.2));
#979 = LINE('',#980,#981);
#980 = CARTESIAN_POINT('',(-0.3,-2.24,8.2));
#981 = VECTOR('',#982,1.);
#982 = DIRECTION('',(0.57735026919,-0.57735026919,-0.57735026919));
#983 = ORIENTED_EDGE('',*,*,#984,.F.);
#984 = EDGE_CURVE('',#953,#977,#985,.T.);
#985 = LINE('',#986,#987);
#986 = CARTESIAN_POINT('',(0.6,-2.24,8.2));
#987 = VECTOR('',#988,1.);
#988 = DIRECTION('',(-1.,1.110223024625E-16,0.));
#989 = PLANE('',#990);
#990 = AXIS2_PLACEMENT_3D('',#991,#992,#993);
#991 = CARTESIAN_POINT('',(0.6,-2.09,8.35));
#992 = DIRECTION('',(-8.197719098449E-17,-0.707106781187,0.707106781187)
  );
#993 = DIRECTION('',(-1.,1.13477778879E-16,-2.455476416522E-18));
#994 = ADVANCED_FACE('',(#995),#1013,.T.);
#995 = FACE_BOUND('',#996,.T.);
#996 = EDGE_LOOP('',(#997,#998,#999,#1007));
#997 = ORIENTED_EDGE('',*,*,#976,.F.);
#998 = ORIENTED_EDGE('',*,*,#351,.T.);
#999 = ORIENTED_EDGE('',*,*,#1000,.T.);
#1000 = EDGE_CURVE('',#344,#1001,#1003,.T.);
#1001 = VERTEX_POINT('',#1002);
#1002 = CARTESIAN_POINT('',(-0.3,-2.84,8.2));
#1003 = LINE('',#1004,#1005);
#1004 = CARTESIAN_POINT('',(-0.3,-2.84,8.2));
#1005 = VECTOR('',#1006,1.);
#1006 = DIRECTION('',(0.57735026919,0.57735026919,-0.57735026919));
#1007 = ORIENTED_EDGE('',*,*,#1008,.F.);
#1008 = EDGE_CURVE('',#977,#1001,#1009,.T.);
#1009 = LINE('',#1010,#1011);
#1010 = CARTESIAN_POINT('',(-0.3,-1.94,8.2));
#1011 = VECTOR('',#1012,1.);
#1012 = DIRECTION('',(-1.110223024625E-16,-1.,0.));
#1013 = PLANE('',#1014);
#1014 = AXIS2_PLACEMENT_3D('',#1015,#1016,#1017);
#1015 = CARTESIAN_POINT('',(-0.45,-1.94,8.35));
#1016 = DIRECTION('',(0.707106781187,-7.850462293414E-17,0.707106781187)
  );
#1017 = DIRECTION('',(-1.110223024625E-16,-1.,2.680278185005E-29));
#1018 = ADVANCED_FACE('',(#1019),#1030,.T.);
#1019 = FACE_BOUND('',#1020,.T.);
#1020 = EDGE_LOOP('',(#1021,#1022,#1023,#1024));
#1021 = ORIENTED_EDGE('',*,*,#1000,.F.);
#1022 = ORIENTED_EDGE('',*,*,#343,.T.);
#1023 = ORIENTED_EDGE('',*,*,#943,.T.);
#1024 = ORIENTED_EDGE('',*,*,#1025,.F.);
#1025 = EDGE_CURVE('',#1001,#944,#1026,.T.);
#1026 = LINE('',#1027,#1028);
#1027 = CARTESIAN_POINT('',(-0.6,-2.84,8.2));
#1028 = VECTOR('',#1029,1.);
#1029 = DIRECTION('',(1.,-1.110223024625E-16,0.));
#1030 = PLANE('',#1031);
#1031 = AXIS2_PLACEMENT_3D('',#1032,#1033,#1034);
#1032 = CARTESIAN_POINT('',(-0.6,-2.99,8.35));
#1033 = DIRECTION('',(8.197719098449E-17,0.707106781187,0.707106781187)
  );
#1034 = DIRECTION('',(1.,-1.13477778879E-16,-2.455476416522E-18));
#1035 = ADVANCED_FACE('',(#1036),#1061,.T.);
#1036 = FACE_BOUND('',#1037,.T.);
#1037 = EDGE_LOOP('',(#1038,#1046,#1047,#1055));
#1038 = ORIENTED_EDGE('',*,*,#1039,.F.);
#1039 = EDGE_CURVE('',#368,#1040,#1042,.T.);
#1040 = VERTEX_POINT('',#1041);
#1041 = CARTESIAN_POINT('',(0.3,-0.3,8.2));
#1042 = LINE('',#1043,#1044);
#1043 = CARTESIAN_POINT('',(0.3,-0.3,8.2));
#1044 = VECTOR('',#1045,1.);
#1045 = DIRECTION('',(-0.57735026919,0.57735026919,-0.57735026919));
#1046 = ORIENTED_EDGE('',*,*,#367,.T.);
#1047 = ORIENTED_EDGE('',*,*,#1048,.T.);
#1048 = EDGE_CURVE('',#370,#1049,#1051,.T.);
#1049 = VERTEX_POINT('',#1050);
#1050 = CARTESIAN_POINT('',(0.3,0.3,8.2));
#1051 = LINE('',#1052,#1053);
#1052 = CARTESIAN_POINT('',(0.3,0.3,8.2));
#1053 = VECTOR('',#1054,1.);
#1054 = DIRECTION('',(-0.57735026919,-0.57735026919,-0.57735026919));
#1055 = ORIENTED_EDGE('',*,*,#1056,.F.);
#1056 = EDGE_CURVE('',#1040,#1049,#1057,.T.);
#1057 = LINE('',#1058,#1059);
#1058 = CARTESIAN_POINT('',(0.3,-0.6,8.2));
#1059 = VECTOR('',#1060,1.);
#1060 = DIRECTION('',(1.110223024625E-16,1.,0.));
#1061 = PLANE('',#1062);
#1062 = AXIS2_PLACEMENT_3D('',#1063,#1064,#1065);
#1063 = CARTESIAN_POINT('',(0.45,-0.6,8.35));
#1064 = DIRECTION('',(-0.707106781187,7.850462293414E-17,0.707106781187)
  );
#1065 = DIRECTION('',(1.110223024625E-16,1.,2.680278185005E-29));
#1066 = ADVANCED_FACE('',(#1067),#1085,.T.);
#1067 = FACE_BOUND('',#1068,.T.);
#1068 = EDGE_LOOP('',(#1069,#1070,#1071,#1079));
#1069 = ORIENTED_EDGE('',*,*,#1048,.F.);
#1070 = ORIENTED_EDGE('',*,*,#393,.T.);
#1071 = ORIENTED_EDGE('',*,*,#1072,.T.);
#1072 = EDGE_CURVE('',#386,#1073,#1075,.T.);
#1073 = VERTEX_POINT('',#1074);
#1074 = CARTESIAN_POINT('',(-0.3,0.3,8.2));
#1075 = LINE('',#1076,#1077);
#1076 = CARTESIAN_POINT('',(-0.3,0.3,8.2));
#1077 = VECTOR('',#1078,1.);
#1078 = DIRECTION('',(0.57735026919,-0.57735026919,-0.57735026919));
#1079 = ORIENTED_EDGE('',*,*,#1080,.F.);
#1080 = EDGE_CURVE('',#1049,#1073,#1081,.T.);
#1081 = LINE('',#1082,#1083);
#1082 = CARTESIAN_POINT('',(0.6,0.3,8.2));
#1083 = VECTOR('',#1084,1.);
#1084 = DIRECTION('',(-1.,1.110223024625E-16,0.));
#1085 = PLANE('',#1086);
#1086 = AXIS2_PLACEMENT_3D('',#1087,#1088,#1089);
#1087 = CARTESIAN_POINT('',(0.6,0.45,8.35));
#1088 = DIRECTION('',(-8.197719098449E-17,-0.707106781187,0.707106781187
    ));
#1089 = DIRECTION('',(-1.,1.13477778879E-16,-2.455476416522E-18));
#1090 = ADVANCED_FACE('',(#1091),#1109,.T.);
#1091 = FACE_BOUND('',#1092,.T.);
#1092 = EDGE_LOOP('',(#1093,#1094,#1095,#1103));
#1093 = ORIENTED_EDGE('',*,*,#1072,.F.);
#1094 = ORIENTED_EDGE('',*,*,#385,.T.);
#1095 = ORIENTED_EDGE('',*,*,#1096,.T.);
#1096 = EDGE_CURVE('',#378,#1097,#1099,.T.);
#1097 = VERTEX_POINT('',#1098);
#1098 = CARTESIAN_POINT('',(-0.3,-0.3,8.2));
#1099 = LINE('',#1100,#1101);
#1100 = CARTESIAN_POINT('',(-0.3,-0.3,8.2));
#1101 = VECTOR('',#1102,1.);
#1102 = DIRECTION('',(0.57735026919,0.57735026919,-0.57735026919));
#1103 = ORIENTED_EDGE('',*,*,#1104,.F.);
#1104 = EDGE_CURVE('',#1073,#1097,#1105,.T.);
#1105 = LINE('',#1106,#1107);
#1106 = CARTESIAN_POINT('',(-0.3,0.6,8.2));
#1107 = VECTOR('',#1108,1.);
#1108 = DIRECTION('',(-1.110223024625E-16,-1.,0.));
#1109 = PLANE('',#1110);
#1110 = AXIS2_PLACEMENT_3D('',#1111,#1112,#1113);
#1111 = CARTESIAN_POINT('',(-0.45,0.6,8.35));
#1112 = DIRECTION('',(0.707106781187,-7.850462293414E-17,0.707106781187)
  );
#1113 = DIRECTION('',(-1.110223024625E-16,-1.,2.680278185005E-29));
#1114 = ADVANCED_FACE('',(#1115),#1126,.T.);
#1115 = FACE_BOUND('',#1116,.T.);
#1116 = EDGE_LOOP('',(#1117,#1118,#1119,#1120));
#1117 = ORIENTED_EDGE('',*,*,#1096,.F.);
#1118 = ORIENTED_EDGE('',*,*,#377,.T.);
#1119 = ORIENTED_EDGE('',*,*,#1039,.T.);
#1120 = ORIENTED_EDGE('',*,*,#1121,.F.);
#1121 = EDGE_CURVE('',#1097,#1040,#1122,.T.);
#1122 = LINE('',#1123,#1124);
#1123 = CARTESIAN_POINT('',(-0.6,-0.3,8.2));
#1124 = VECTOR('',#1125,1.);
#1125 = DIRECTION('',(1.,-1.110223024625E-16,0.));
#1126 = PLANE('',#1127);
#1127 = AXIS2_PLACEMENT_3D('',#1128,#1129,#1130);
#1128 = CARTESIAN_POINT('',(-0.6,-0.45,8.35));
#1129 = DIRECTION('',(8.197719098449E-17,0.707106781187,0.707106781187)
  );
#1130 = DIRECTION('',(1.,-1.13477778879E-16,-2.455476416522E-18));
#1131 = ADVANCED_FACE('',(#1132),#1143,.T.);
#1132 = FACE_BOUND('',#1133,.T.);
#1133 = EDGE_LOOP('',(#1134,#1135,#1136,#1142));
#1134 = ORIENTED_EDGE('',*,*,#457,.F.);
#1135 = ORIENTED_EDGE('',*,*,#467,.T.);
#1136 = ORIENTED_EDGE('',*,*,#1137,.T.);
#1137 = EDGE_CURVE('',#468,#508,#1138,.T.);
#1138 = LINE('',#1139,#1140);
#1139 = CARTESIAN_POINT('',(-0.1,-7.92,0.2));
#1140 = VECTOR('',#1141,1.);
#1141 = DIRECTION('',(1.,-1.110223024625E-16,0.));
#1142 = ORIENTED_EDGE('',*,*,#515,.T.);
#1143 = PLANE('',#1144);
#1144 = AXIS2_PLACEMENT_3D('',#1145,#1146,#1147);
#1145 = CARTESIAN_POINT('',(-0.1,-7.92,0.2));
#1146 = DIRECTION('',(0.,-0.,-1.));
#1147 = DIRECTION('',(-1.110223024625E-16,-1.,0.));
#1148 = ADVANCED_FACE('',(#1149),#1190,.F.);
#1149 = FACE_BOUND('',#1150,.F.);
#1150 = EDGE_LOOP('',(#1151,#1159,#1160,#1168,#1176,#1184));
#1151 = ORIENTED_EDGE('',*,*,#1152,.T.);
#1152 = EDGE_CURVE('',#1153,#508,#1155,.T.);
#1153 = VERTEX_POINT('',#1154);
#1154 = CARTESIAN_POINT('',(0.1,-7.92,-2.5));
#1155 = LINE('',#1156,#1157);
#1156 = CARTESIAN_POINT('',(0.1,-7.92,-2.5));
#1157 = VECTOR('',#1158,1.);
#1158 = DIRECTION('',(0.,0.,1.));
#1159 = ORIENTED_EDGE('',*,*,#507,.F.);
#1160 = ORIENTED_EDGE('',*,*,#1161,.T.);
#1161 = EDGE_CURVE('',#500,#1162,#1164,.T.);
#1162 = VERTEX_POINT('',#1163);
#1163 = CARTESIAN_POINT('',(0.1,-7.32,-2.5));
#1164 = LINE('',#1165,#1166);
#1165 = CARTESIAN_POINT('',(0.1,-7.32,0.2));
#1166 = VECTOR('',#1167,1.);
#1167 = DIRECTION('',(0.,0.,-1.));
#1168 = ORIENTED_EDGE('',*,*,#1169,.T.);
#1169 = EDGE_CURVE('',#1162,#1170,#1172,.T.);
#1170 = VERTEX_POINT('',#1171);
#1171 = CARTESIAN_POINT('',(0.1,-7.47,-3.1));
#1172 = LINE('',#1173,#1174);
#1173 = CARTESIAN_POINT('',(0.1,-7.32,-2.5));
#1174 = VECTOR('',#1175,1.);
#1175 = DIRECTION('',(-2.692686352073E-17,-0.242535625036,
    -0.970142500145));
#1176 = ORIENTED_EDGE('',*,*,#1177,.T.);
#1177 = EDGE_CURVE('',#1170,#1178,#1180,.T.);
#1178 = VERTEX_POINT('',#1179);
#1179 = CARTESIAN_POINT('',(0.1,-7.77,-3.1));
#1180 = LINE('',#1181,#1182);
#1181 = CARTESIAN_POINT('',(0.1,-7.47,-3.1));
#1182 = VECTOR('',#1183,1.);
#1183 = DIRECTION('',(-1.110223024625E-16,-1.,0.));
#1184 = ORIENTED_EDGE('',*,*,#1185,.T.);
#1185 = EDGE_CURVE('',#1178,#1153,#1186,.T.);
#1186 = LINE('',#1187,#1188);
#1187 = CARTESIAN_POINT('',(0.1,-7.77,-3.1));
#1188 = VECTOR('',#1189,1.);
#1189 = DIRECTION('',(-2.692686352073E-17,-0.242535625036,0.970142500145
    ));
#1190 = PLANE('',#1191);
#1191 = AXIS2_PLACEMENT_3D('',#1192,#1193,#1194);
#1192 = CARTESIAN_POINT('',(0.1,-7.62,3.911477598424));
#1193 = DIRECTION('',(-1.,1.110223024625E-16,0.));
#1194 = DIRECTION('',(0.,0.,1.));
#1195 = ADVANCED_FACE('',(#1196),#1207,.T.);
#1196 = FACE_BOUND('',#1197,.T.);
#1197 = EDGE_LOOP('',(#1198,#1204,#1205,#1206));
#1198 = ORIENTED_EDGE('',*,*,#1199,.F.);
#1199 = EDGE_CURVE('',#476,#500,#1200,.T.);
#1200 = LINE('',#1201,#1202);
#1201 = CARTESIAN_POINT('',(-0.1,-7.32,0.2));
#1202 = VECTOR('',#1203,1.);
#1203 = DIRECTION('',(1.,-1.110223024625E-16,0.));
#1204 = ORIENTED_EDGE('',*,*,#483,.T.);
#1205 = ORIENTED_EDGE('',*,*,#491,.T.);
#1206 = ORIENTED_EDGE('',*,*,#499,.T.);
#1207 = PLANE('',#1208);
#1208 = AXIS2_PLACEMENT_3D('',#1209,#1210,#1211);
#1209 = CARTESIAN_POINT('',(-0.1,-7.92,0.2));
#1210 = DIRECTION('',(0.,-0.,-1.));
#1211 = DIRECTION('',(-1.110223024625E-16,-1.,0.));
#1212 = ADVANCED_FACE('',(#1213),#1254,.T.);
#1213 = FACE_BOUND('',#1214,.T.);
#1214 = EDGE_LOOP('',(#1215,#1223,#1224,#1232,#1240,#1248));
#1215 = ORIENTED_EDGE('',*,*,#1216,.T.);
#1216 = EDGE_CURVE('',#1217,#468,#1219,.T.);
#1217 = VERTEX_POINT('',#1218);
#1218 = CARTESIAN_POINT('',(-0.1,-7.92,-2.5));
#1219 = LINE('',#1220,#1221);
#1220 = CARTESIAN_POINT('',(-0.1,-7.92,-2.5));
#1221 = VECTOR('',#1222,1.);
#1222 = DIRECTION('',(0.,0.,1.));
#1223 = ORIENTED_EDGE('',*,*,#475,.F.);
#1224 = ORIENTED_EDGE('',*,*,#1225,.T.);
#1225 = EDGE_CURVE('',#476,#1226,#1228,.T.);
#1226 = VERTEX_POINT('',#1227);
#1227 = CARTESIAN_POINT('',(-0.1,-7.32,-2.5));
#1228 = LINE('',#1229,#1230);
#1229 = CARTESIAN_POINT('',(-0.1,-7.32,0.2));
#1230 = VECTOR('',#1231,1.);
#1231 = DIRECTION('',(0.,0.,-1.));
#1232 = ORIENTED_EDGE('',*,*,#1233,.T.);
#1233 = EDGE_CURVE('',#1226,#1234,#1236,.T.);
#1234 = VERTEX_POINT('',#1235);
#1235 = CARTESIAN_POINT('',(-0.1,-7.47,-3.1));
#1236 = LINE('',#1237,#1238);
#1237 = CARTESIAN_POINT('',(-0.1,-7.32,-2.5));
#1238 = VECTOR('',#1239,1.);
#1239 = DIRECTION('',(-2.692686352073E-17,-0.242535625036,
    -0.970142500145));
#1240 = ORIENTED_EDGE('',*,*,#1241,.F.);
#1241 = EDGE_CURVE('',#1242,#1234,#1244,.T.);
#1242 = VERTEX_POINT('',#1243);
#1243 = CARTESIAN_POINT('',(-0.1,-7.77,-3.1));
#1244 = LINE('',#1245,#1246);
#1245 = CARTESIAN_POINT('',(-0.1,-7.77,-3.1));
#1246 = VECTOR('',#1247,1.);
#1247 = DIRECTION('',(1.110223024625E-16,1.,0.));
#1248 = ORIENTED_EDGE('',*,*,#1249,.T.);
#1249 = EDGE_CURVE('',#1242,#1217,#1250,.T.);
#1250 = LINE('',#1251,#1252);
#1251 = CARTESIAN_POINT('',(-0.1,-7.77,-3.1));
#1252 = VECTOR('',#1253,1.);
#1253 = DIRECTION('',(-2.692686352073E-17,-0.242535625036,0.970142500145
    ));
#1254 = PLANE('',#1255);
#1255 = AXIS2_PLACEMENT_3D('',#1256,#1257,#1258);
#1256 = CARTESIAN_POINT('',(-0.1,-7.62,3.911477598424));
#1257 = DIRECTION('',(-1.,1.110223024625E-16,0.));
#1258 = DIRECTION('',(0.,0.,1.));
#1259 = ADVANCED_FACE('',(#1260),#1271,.T.);
#1260 = FACE_BOUND('',#1261,.T.);
#1261 = EDGE_LOOP('',(#1262,#1263,#1264,#1270));
#1262 = ORIENTED_EDGE('',*,*,#523,.F.);
#1263 = ORIENTED_EDGE('',*,*,#533,.T.);
#1264 = ORIENTED_EDGE('',*,*,#1265,.T.);
#1265 = EDGE_CURVE('',#534,#574,#1266,.T.);
#1266 = LINE('',#1267,#1268);
#1267 = CARTESIAN_POINT('',(-0.1,-5.38,0.2));
#1268 = VECTOR('',#1269,1.);
#1269 = DIRECTION('',(1.,-1.110223024625E-16,0.));
#1270 = ORIENTED_EDGE('',*,*,#581,.T.);
#1271 = PLANE('',#1272);
#1272 = AXIS2_PLACEMENT_3D('',#1273,#1274,#1275);
#1273 = CARTESIAN_POINT('',(-0.1,-5.38,0.2));
#1274 = DIRECTION('',(0.,-0.,-1.));
#1275 = DIRECTION('',(-1.110223024625E-16,-1.,0.));
#1276 = ADVANCED_FACE('',(#1277),#1318,.F.);
#1277 = FACE_BOUND('',#1278,.F.);
#1278 = EDGE_LOOP('',(#1279,#1287,#1288,#1296,#1304,#1312));
#1279 = ORIENTED_EDGE('',*,*,#1280,.T.);
#1280 = EDGE_CURVE('',#1281,#574,#1283,.T.);
#1281 = VERTEX_POINT('',#1282);
#1282 = CARTESIAN_POINT('',(0.1,-5.38,-2.5));
#1283 = LINE('',#1284,#1285);
#1284 = CARTESIAN_POINT('',(0.1,-5.38,-2.5));
#1285 = VECTOR('',#1286,1.);
#1286 = DIRECTION('',(0.,0.,1.));
#1287 = ORIENTED_EDGE('',*,*,#573,.F.);
#1288 = ORIENTED_EDGE('',*,*,#1289,.T.);
#1289 = EDGE_CURVE('',#566,#1290,#1292,.T.);
#1290 = VERTEX_POINT('',#1291);
#1291 = CARTESIAN_POINT('',(0.1,-4.78,-2.5));
#1292 = LINE('',#1293,#1294);
#1293 = CARTESIAN_POINT('',(0.1,-4.78,0.2));
#1294 = VECTOR('',#1295,1.);
#1295 = DIRECTION('',(0.,0.,-1.));
#1296 = ORIENTED_EDGE('',*,*,#1297,.T.);
#1297 = EDGE_CURVE('',#1290,#1298,#1300,.T.);
#1298 = VERTEX_POINT('',#1299);
#1299 = CARTESIAN_POINT('',(0.1,-4.93,-3.1));
#1300 = LINE('',#1301,#1302);
#1301 = CARTESIAN_POINT('',(0.1,-4.78,-2.5));
#1302 = VECTOR('',#1303,1.);
#1303 = DIRECTION('',(-2.692686352073E-17,-0.242535625036,
    -0.970142500145));
#1304 = ORIENTED_EDGE('',*,*,#1305,.T.);
#1305 = EDGE_CURVE('',#1298,#1306,#1308,.T.);
#1306 = VERTEX_POINT('',#1307);
#1307 = CARTESIAN_POINT('',(0.1,-5.23,-3.1));
#1308 = LINE('',#1309,#1310);
#1309 = CARTESIAN_POINT('',(0.1,-4.93,-3.1));
#1310 = VECTOR('',#1311,1.);
#1311 = DIRECTION('',(-1.110223024625E-16,-1.,0.));
#1312 = ORIENTED_EDGE('',*,*,#1313,.T.);
#1313 = EDGE_CURVE('',#1306,#1281,#1314,.T.);
#1314 = LINE('',#1315,#1316);
#1315 = CARTESIAN_POINT('',(0.1,-5.23,-3.1));
#1316 = VECTOR('',#1317,1.);
#1317 = DIRECTION('',(-2.692686352073E-17,-0.242535625036,0.970142500145
    ));
#1318 = PLANE('',#1319);
#1319 = AXIS2_PLACEMENT_3D('',#1320,#1321,#1322);
#1320 = CARTESIAN_POINT('',(0.1,-5.08,3.911477598424));
#1321 = DIRECTION('',(-1.,1.110223024625E-16,0.));
#1322 = DIRECTION('',(0.,0.,1.));
#1323 = ADVANCED_FACE('',(#1324),#1335,.T.);
#1324 = FACE_BOUND('',#1325,.T.);
#1325 = EDGE_LOOP('',(#1326,#1332,#1333,#1334));
#1326 = ORIENTED_EDGE('',*,*,#1327,.F.);
#1327 = EDGE_CURVE('',#542,#566,#1328,.T.);
#1328 = LINE('',#1329,#1330);
#1329 = CARTESIAN_POINT('',(-0.1,-4.78,0.2));
#1330 = VECTOR('',#1331,1.);
#1331 = DIRECTION('',(1.,-1.110223024625E-16,0.));
#1332 = ORIENTED_EDGE('',*,*,#549,.T.);
#1333 = ORIENTED_EDGE('',*,*,#557,.T.);
#1334 = ORIENTED_EDGE('',*,*,#565,.T.);
#1335 = PLANE('',#1336);
#1336 = AXIS2_PLACEMENT_3D('',#1337,#1338,#1339);
#1337 = CARTESIAN_POINT('',(-0.1,-5.38,0.2));
#1338 = DIRECTION('',(0.,-0.,-1.));
#1339 = DIRECTION('',(-1.110223024625E-16,-1.,0.));
#1340 = ADVANCED_FACE('',(#1341),#1382,.T.);
#1341 = FACE_BOUND('',#1342,.T.);
#1342 = EDGE_LOOP('',(#1343,#1351,#1352,#1360,#1368,#1376));
#1343 = ORIENTED_EDGE('',*,*,#1344,.T.);
#1344 = EDGE_CURVE('',#1345,#534,#1347,.T.);
#1345 = VERTEX_POINT('',#1346);
#1346 = CARTESIAN_POINT('',(-0.1,-5.38,-2.5));
#1347 = LINE('',#1348,#1349);
#1348 = CARTESIAN_POINT('',(-0.1,-5.38,-2.5));
#1349 = VECTOR('',#1350,1.);
#1350 = DIRECTION('',(0.,0.,1.));
#1351 = ORIENTED_EDGE('',*,*,#541,.F.);
#1352 = ORIENTED_EDGE('',*,*,#1353,.T.);
#1353 = EDGE_CURVE('',#542,#1354,#1356,.T.);
#1354 = VERTEX_POINT('',#1355);
#1355 = CARTESIAN_POINT('',(-0.1,-4.78,-2.5));
#1356 = LINE('',#1357,#1358);
#1357 = CARTESIAN_POINT('',(-0.1,-4.78,0.2));
#1358 = VECTOR('',#1359,1.);
#1359 = DIRECTION('',(0.,0.,-1.));
#1360 = ORIENTED_EDGE('',*,*,#1361,.T.);
#1361 = EDGE_CURVE('',#1354,#1362,#1364,.T.);
#1362 = VERTEX_POINT('',#1363);
#1363 = CARTESIAN_POINT('',(-0.1,-4.93,-3.1));
#1364 = LINE('',#1365,#1366);
#1365 = CARTESIAN_POINT('',(-0.1,-4.78,-2.5));
#1366 = VECTOR('',#1367,1.);
#1367 = DIRECTION('',(-2.692686352073E-17,-0.242535625036,
    -0.970142500145));
#1368 = ORIENTED_EDGE('',*,*,#1369,.F.);
#1369 = EDGE_CURVE('',#1370,#1362,#1372,.T.);
#1370 = VERTEX_POINT('',#1371);
#1371 = CARTESIAN_POINT('',(-0.1,-5.23,-3.1));
#1372 = LINE('',#1373,#1374);
#1373 = CARTESIAN_POINT('',(-0.1,-5.23,-3.1));
#1374 = VECTOR('',#1375,1.);
#1375 = DIRECTION('',(1.110223024625E-16,1.,0.));
#1376 = ORIENTED_EDGE('',*,*,#1377,.T.);
#1377 = EDGE_CURVE('',#1370,#1345,#1378,.T.);
#1378 = LINE('',#1379,#1380);
#1379 = CARTESIAN_POINT('',(-0.1,-5.23,-3.1));
#1380 = VECTOR('',#1381,1.);
#1381 = DIRECTION('',(-2.692686352073E-17,-0.242535625036,0.970142500145
    ));
#1382 = PLANE('',#1383);
#1383 = AXIS2_PLACEMENT_3D('',#1384,#1385,#1386);
#1384 = CARTESIAN_POINT('',(-0.1,-5.08,3.911477598424));
#1385 = DIRECTION('',(-1.,1.110223024625E-16,0.));
#1386 = DIRECTION('',(0.,0.,1.));
#1387 = ADVANCED_FACE('',(#1388),#1399,.T.);
#1388 = FACE_BOUND('',#1389,.T.);
#1389 = EDGE_LOOP('',(#1390,#1391,#1392,#1398));
#1390 = ORIENTED_EDGE('',*,*,#589,.F.);
#1391 = ORIENTED_EDGE('',*,*,#599,.T.);
#1392 = ORIENTED_EDGE('',*,*,#1393,.T.);
#1393 = EDGE_CURVE('',#600,#640,#1394,.T.);
#1394 = LINE('',#1395,#1396);
#1395 = CARTESIAN_POINT('',(-0.1,-2.84,0.2));
#1396 = VECTOR('',#1397,1.);
#1397 = DIRECTION('',(1.,-1.110223024625E-16,0.));
#1398 = ORIENTED_EDGE('',*,*,#647,.T.);
#1399 = PLANE('',#1400);
#1400 = AXIS2_PLACEMENT_3D('',#1401,#1402,#1403);
#1401 = CARTESIAN_POINT('',(-0.1,-2.84,0.2));
#1402 = DIRECTION('',(0.,-0.,-1.));
#1403 = DIRECTION('',(-1.110223024625E-16,-1.,0.));
#1404 = ADVANCED_FACE('',(#1405),#1446,.F.);
#1405 = FACE_BOUND('',#1406,.F.);
#1406 = EDGE_LOOP('',(#1407,#1415,#1416,#1424,#1432,#1440));
#1407 = ORIENTED_EDGE('',*,*,#1408,.T.);
#1408 = EDGE_CURVE('',#1409,#640,#1411,.T.);
#1409 = VERTEX_POINT('',#1410);
#1410 = CARTESIAN_POINT('',(0.1,-2.84,-2.5));
#1411 = LINE('',#1412,#1413);
#1412 = CARTESIAN_POINT('',(0.1,-2.84,-2.5));
#1413 = VECTOR('',#1414,1.);
#1414 = DIRECTION('',(0.,0.,1.));
#1415 = ORIENTED_EDGE('',*,*,#639,.F.);
#1416 = ORIENTED_EDGE('',*,*,#1417,.T.);
#1417 = EDGE_CURVE('',#632,#1418,#1420,.T.);
#1418 = VERTEX_POINT('',#1419);
#1419 = CARTESIAN_POINT('',(0.1,-2.24,-2.5));
#1420 = LINE('',#1421,#1422);
#1421 = CARTESIAN_POINT('',(0.1,-2.24,0.2));
#1422 = VECTOR('',#1423,1.);
#1423 = DIRECTION('',(0.,0.,-1.));
#1424 = ORIENTED_EDGE('',*,*,#1425,.T.);
#1425 = EDGE_CURVE('',#1418,#1426,#1428,.T.);
#1426 = VERTEX_POINT('',#1427);
#1427 = CARTESIAN_POINT('',(0.1,-2.39,-3.1));
#1428 = LINE('',#1429,#1430);
#1429 = CARTESIAN_POINT('',(0.1,-2.24,-2.5));
#1430 = VECTOR('',#1431,1.);
#1431 = DIRECTION('',(-2.692686352073E-17,-0.242535625036,
    -0.970142500145));
#1432 = ORIENTED_EDGE('',*,*,#1433,.T.);
#1433 = EDGE_CURVE('',#1426,#1434,#1436,.T.);
#1434 = VERTEX_POINT('',#1435);
#1435 = CARTESIAN_POINT('',(0.1,-2.69,-3.1));
#1436 = LINE('',#1437,#1438);
#1437 = CARTESIAN_POINT('',(0.1,-2.39,-3.1));
#1438 = VECTOR('',#1439,1.);
#1439 = DIRECTION('',(-1.110223024625E-16,-1.,0.));
#1440 = ORIENTED_EDGE('',*,*,#1441,.T.);
#1441 = EDGE_CURVE('',#1434,#1409,#1442,.T.);
#1442 = LINE('',#1443,#1444);
#1443 = CARTESIAN_POINT('',(0.1,-2.69,-3.1));
#1444 = VECTOR('',#1445,1.);
#1445 = DIRECTION('',(-2.692686352073E-17,-0.242535625036,0.970142500145
    ));
#1446 = PLANE('',#1447);
#1447 = AXIS2_PLACEMENT_3D('',#1448,#1449,#1450);
#1448 = CARTESIAN_POINT('',(0.1,-2.54,3.911477598424));
#1449 = DIRECTION('',(-1.,1.110223024625E-16,0.));
#1450 = DIRECTION('',(0.,0.,1.));
#1451 = ADVANCED_FACE('',(#1452),#1463,.T.);
#1452 = FACE_BOUND('',#1453,.T.);
#1453 = EDGE_LOOP('',(#1454,#1460,#1461,#1462));
#1454 = ORIENTED_EDGE('',*,*,#1455,.F.);
#1455 = EDGE_CURVE('',#608,#632,#1456,.T.);
#1456 = LINE('',#1457,#1458);
#1457 = CARTESIAN_POINT('',(-0.1,-2.24,0.2));
#1458 = VECTOR('',#1459,1.);
#1459 = DIRECTION('',(1.,-1.110223024625E-16,0.));
#1460 = ORIENTED_EDGE('',*,*,#615,.T.);
#1461 = ORIENTED_EDGE('',*,*,#623,.T.);
#1462 = ORIENTED_EDGE('',*,*,#631,.T.);
#1463 = PLANE('',#1464);
#1464 = AXIS2_PLACEMENT_3D('',#1465,#1466,#1467);
#1465 = CARTESIAN_POINT('',(-0.1,-2.84,0.2));
#1466 = DIRECTION('',(0.,-0.,-1.));
#1467 = DIRECTION('',(-1.110223024625E-16,-1.,0.));
#1468 = ADVANCED_FACE('',(#1469),#1510,.T.);
#1469 = FACE_BOUND('',#1470,.T.);
#1470 = EDGE_LOOP('',(#1471,#1479,#1480,#1488,#1496,#1504));
#1471 = ORIENTED_EDGE('',*,*,#1472,.T.);
#1472 = EDGE_CURVE('',#1473,#600,#1475,.T.);
#1473 = VERTEX_POINT('',#1474);
#1474 = CARTESIAN_POINT('',(-0.1,-2.84,-2.5));
#1475 = LINE('',#1476,#1477);
#1476 = CARTESIAN_POINT('',(-0.1,-2.84,-2.5));
#1477 = VECTOR('',#1478,1.);
#1478 = DIRECTION('',(0.,0.,1.));
#1479 = ORIENTED_EDGE('',*,*,#607,.F.);
#1480 = ORIENTED_EDGE('',*,*,#1481,.T.);
#1481 = EDGE_CURVE('',#608,#1482,#1484,.T.);
#1482 = VERTEX_POINT('',#1483);
#1483 = CARTESIAN_POINT('',(-0.1,-2.24,-2.5));
#1484 = LINE('',#1485,#1486);
#1485 = CARTESIAN_POINT('',(-0.1,-2.24,0.2));
#1486 = VECTOR('',#1487,1.);
#1487 = DIRECTION('',(0.,0.,-1.));
#1488 = ORIENTED_EDGE('',*,*,#1489,.T.);
#1489 = EDGE_CURVE('',#1482,#1490,#1492,.T.);
#1490 = VERTEX_POINT('',#1491);
#1491 = CARTESIAN_POINT('',(-0.1,-2.39,-3.1));
#1492 = LINE('',#1493,#1494);
#1493 = CARTESIAN_POINT('',(-0.1,-2.24,-2.5));
#1494 = VECTOR('',#1495,1.);
#1495 = DIRECTION('',(-2.692686352073E-17,-0.242535625036,
    -0.970142500145));
#1496 = ORIENTED_EDGE('',*,*,#1497,.F.);
#1497 = EDGE_CURVE('',#1498,#1490,#1500,.T.);
#1498 = VERTEX_POINT('',#1499);
#1499 = CARTESIAN_POINT('',(-0.1,-2.69,-3.1));
#1500 = LINE('',#1501,#1502);
#1501 = CARTESIAN_POINT('',(-0.1,-2.69,-3.1));
#1502 = VECTOR('',#1503,1.);
#1503 = DIRECTION('',(1.110223024625E-16,1.,0.));
#1504 = ORIENTED_EDGE('',*,*,#1505,.T.);
#1505 = EDGE_CURVE('',#1498,#1473,#1506,.T.);
#1506 = LINE('',#1507,#1508);
#1507 = CARTESIAN_POINT('',(-0.1,-2.69,-3.1));
#1508 = VECTOR('',#1509,1.);
#1509 = DIRECTION('',(-2.692686352073E-17,-0.242535625036,0.970142500145
    ));
#1510 = PLANE('',#1511);
#1511 = AXIS2_PLACEMENT_3D('',#1512,#1513,#1514);
#1512 = CARTESIAN_POINT('',(-0.1,-2.54,3.911477598424));
#1513 = DIRECTION('',(-1.,1.110223024625E-16,0.));
#1514 = DIRECTION('',(0.,0.,1.));
#1515 = ADVANCED_FACE('',(#1516),#1527,.T.);
#1516 = FACE_BOUND('',#1517,.T.);
#1517 = EDGE_LOOP('',(#1518,#1519,#1520,#1526));
#1518 = ORIENTED_EDGE('',*,*,#655,.F.);
#1519 = ORIENTED_EDGE('',*,*,#665,.T.);
#1520 = ORIENTED_EDGE('',*,*,#1521,.T.);
#1521 = EDGE_CURVE('',#666,#706,#1522,.T.);
#1522 = LINE('',#1523,#1524);
#1523 = CARTESIAN_POINT('',(-0.1,-0.3,0.2));
#1524 = VECTOR('',#1525,1.);
#1525 = DIRECTION('',(1.,-1.110223024625E-16,0.));
#1526 = ORIENTED_EDGE('',*,*,#713,.T.);
#1527 = PLANE('',#1528);
#1528 = AXIS2_PLACEMENT_3D('',#1529,#1530,#1531);
#1529 = CARTESIAN_POINT('',(-0.1,-0.3,0.2));
#1530 = DIRECTION('',(0.,-0.,-1.));
#1531 = DIRECTION('',(-1.110223024625E-16,-1.,0.));
#1532 = ADVANCED_FACE('',(#1533),#1574,.F.);
#1533 = FACE_BOUND('',#1534,.F.);
#1534 = EDGE_LOOP('',(#1535,#1543,#1544,#1552,#1560,#1568));
#1535 = ORIENTED_EDGE('',*,*,#1536,.T.);
#1536 = EDGE_CURVE('',#1537,#706,#1539,.T.);
#1537 = VERTEX_POINT('',#1538);
#1538 = CARTESIAN_POINT('',(0.1,-0.3,-2.5));
#1539 = LINE('',#1540,#1541);
#1540 = CARTESIAN_POINT('',(0.1,-0.3,-2.5));
#1541 = VECTOR('',#1542,1.);
#1542 = DIRECTION('',(0.,0.,1.));
#1543 = ORIENTED_EDGE('',*,*,#705,.F.);
#1544 = ORIENTED_EDGE('',*,*,#1545,.T.);
#1545 = EDGE_CURVE('',#698,#1546,#1548,.T.);
#1546 = VERTEX_POINT('',#1547);
#1547 = CARTESIAN_POINT('',(0.1,0.3,-2.5));
#1548 = LINE('',#1549,#1550);
#1549 = CARTESIAN_POINT('',(0.1,0.3,0.2));
#1550 = VECTOR('',#1551,1.);
#1551 = DIRECTION('',(0.,0.,-1.));
#1552 = ORIENTED_EDGE('',*,*,#1553,.T.);
#1553 = EDGE_CURVE('',#1546,#1554,#1556,.T.);
#1554 = VERTEX_POINT('',#1555);
#1555 = CARTESIAN_POINT('',(0.1,0.15,-3.1));
#1556 = LINE('',#1557,#1558);
#1557 = CARTESIAN_POINT('',(0.1,0.3,-2.5));
#1558 = VECTOR('',#1559,1.);
#1559 = DIRECTION('',(-2.692686352073E-17,-0.242535625036,
    -0.970142500145));
#1560 = ORIENTED_EDGE('',*,*,#1561,.T.);
#1561 = EDGE_CURVE('',#1554,#1562,#1564,.T.);
#1562 = VERTEX_POINT('',#1563);
#1563 = CARTESIAN_POINT('',(0.1,-0.15,-3.1));
#1564 = LINE('',#1565,#1566);
#1565 = CARTESIAN_POINT('',(0.1,0.15,-3.1));
#1566 = VECTOR('',#1567,1.);
#1567 = DIRECTION('',(-1.110223024625E-16,-1.,0.));
#1568 = ORIENTED_EDGE('',*,*,#1569,.T.);
#1569 = EDGE_CURVE('',#1562,#1537,#1570,.T.);
#1570 = LINE('',#1571,#1572);
#1571 = CARTESIAN_POINT('',(0.1,-0.15,-3.1));
#1572 = VECTOR('',#1573,1.);
#1573 = DIRECTION('',(-2.692686352073E-17,-0.242535625036,0.970142500145
    ));
#1574 = PLANE('',#1575);
#1575 = AXIS2_PLACEMENT_3D('',#1576,#1577,#1578);
#1576 = CARTESIAN_POINT('',(0.1,-1.110223024625E-17,3.911477598424));
#1577 = DIRECTION('',(-1.,1.110223024625E-16,0.));
#1578 = DIRECTION('',(0.,0.,1.));
#1579 = ADVANCED_FACE('',(#1580),#1591,.T.);
#1580 = FACE_BOUND('',#1581,.T.);
#1581 = EDGE_LOOP('',(#1582,#1588,#1589,#1590));
#1582 = ORIENTED_EDGE('',*,*,#1583,.F.);
#1583 = EDGE_CURVE('',#674,#698,#1584,.T.);
#1584 = LINE('',#1585,#1586);
#1585 = CARTESIAN_POINT('',(-0.1,0.3,0.2));
#1586 = VECTOR('',#1587,1.);
#1587 = DIRECTION('',(1.,-1.110223024625E-16,0.));
#1588 = ORIENTED_EDGE('',*,*,#681,.T.);
#1589 = ORIENTED_EDGE('',*,*,#689,.T.);
#1590 = ORIENTED_EDGE('',*,*,#697,.T.);
#1591 = PLANE('',#1592);
#1592 = AXIS2_PLACEMENT_3D('',#1593,#1594,#1595);
#1593 = CARTESIAN_POINT('',(-0.1,-0.3,0.2));
#1594 = DIRECTION('',(0.,-0.,-1.));
#1595 = DIRECTION('',(-1.110223024625E-16,-1.,0.));
#1596 = ADVANCED_FACE('',(#1597),#1638,.T.);
#1597 = FACE_BOUND('',#1598,.T.);
#1598 = EDGE_LOOP('',(#1599,#1607,#1608,#1616,#1624,#1632));
#1599 = ORIENTED_EDGE('',*,*,#1600,.T.);
#1600 = EDGE_CURVE('',#1601,#666,#1603,.T.);
#1601 = VERTEX_POINT('',#1602);
#1602 = CARTESIAN_POINT('',(-0.1,-0.3,-2.5));
#1603 = LINE('',#1604,#1605);
#1604 = CARTESIAN_POINT('',(-0.1,-0.3,-2.5));
#1605 = VECTOR('',#1606,1.);
#1606 = DIRECTION('',(0.,0.,1.));
#1607 = ORIENTED_EDGE('',*,*,#673,.F.);
#1608 = ORIENTED_EDGE('',*,*,#1609,.T.);
#1609 = EDGE_CURVE('',#674,#1610,#1612,.T.);
#1610 = VERTEX_POINT('',#1611);
#1611 = CARTESIAN_POINT('',(-0.1,0.3,-2.5));
#1612 = LINE('',#1613,#1614);
#1613 = CARTESIAN_POINT('',(-0.1,0.3,0.2));
#1614 = VECTOR('',#1615,1.);
#1615 = DIRECTION('',(0.,0.,-1.));
#1616 = ORIENTED_EDGE('',*,*,#1617,.T.);
#1617 = EDGE_CURVE('',#1610,#1618,#1620,.T.);
#1618 = VERTEX_POINT('',#1619);
#1619 = CARTESIAN_POINT('',(-0.1,0.15,-3.1));
#1620 = LINE('',#1621,#1622);
#1621 = CARTESIAN_POINT('',(-0.1,0.3,-2.5));
#1622 = VECTOR('',#1623,1.);
#1623 = DIRECTION('',(-2.692686352073E-17,-0.242535625036,
    -0.970142500145));
#1624 = ORIENTED_EDGE('',*,*,#1625,.F.);
#1625 = EDGE_CURVE('',#1626,#1618,#1628,.T.);
#1626 = VERTEX_POINT('',#1627);
#1627 = CARTESIAN_POINT('',(-0.1,-0.15,-3.1));
#1628 = LINE('',#1629,#1630);
#1629 = CARTESIAN_POINT('',(-0.1,-0.15,-3.1));
#1630 = VECTOR('',#1631,1.);
#1631 = DIRECTION('',(1.110223024625E-16,1.,0.));
#1632 = ORIENTED_EDGE('',*,*,#1633,.T.);
#1633 = EDGE_CURVE('',#1626,#1601,#1634,.T.);
#1634 = LINE('',#1635,#1636);
#1635 = CARTESIAN_POINT('',(-0.1,-0.15,-3.1));
#1636 = VECTOR('',#1637,1.);
#1637 = DIRECTION('',(-2.692686352073E-17,-0.242535625036,0.970142500145
    ));
#1638 = PLANE('',#1639);
#1639 = AXIS2_PLACEMENT_3D('',#1640,#1641,#1642);
#1640 = CARTESIAN_POINT('',(-0.1,1.110223024625E-17,3.911477598424));
#1641 = DIRECTION('',(-1.,1.110223024625E-16,0.));
#1642 = DIRECTION('',(0.,0.,1.));
#1643 = ADVANCED_FACE('',(#1644),#1669,.F.);
#1644 = FACE_BOUND('',#1645,.F.);
#1645 = EDGE_LOOP('',(#1646,#1654,#1662,#1668));
#1646 = ORIENTED_EDGE('',*,*,#1647,.T.);
#1647 = EDGE_CURVE('',#752,#1648,#1650,.T.);
#1648 = VERTEX_POINT('',#1649);
#1649 = CARTESIAN_POINT('',(0.3,-7.92,0.9));
#1650 = LINE('',#1651,#1652);
#1651 = CARTESIAN_POINT('',(0.3,-7.92,8.2));
#1652 = VECTOR('',#1653,1.);
#1653 = DIRECTION('',(0.,-0.,-1.));
#1654 = ORIENTED_EDGE('',*,*,#1655,.T.);
#1655 = EDGE_CURVE('',#1648,#1656,#1658,.T.);
#1656 = VERTEX_POINT('',#1657);
#1657 = CARTESIAN_POINT('',(0.3,-7.32,0.9));
#1658 = LINE('',#1659,#1660);
#1659 = CARTESIAN_POINT('',(0.3,-7.92,0.9));
#1660 = VECTOR('',#1661,1.);
#1661 = DIRECTION('',(1.110223024625E-16,1.,0.));
#1662 = ORIENTED_EDGE('',*,*,#1663,.F.);
#1663 = EDGE_CURVE('',#761,#1656,#1664,.T.);
#1664 = LINE('',#1665,#1666);
#1665 = CARTESIAN_POINT('',(0.3,-7.32,8.2));
#1666 = VECTOR('',#1667,1.);
#1667 = DIRECTION('',(0.,-0.,-1.));
#1668 = ORIENTED_EDGE('',*,*,#768,.F.);
#1669 = PLANE('',#1670);
#1670 = AXIS2_PLACEMENT_3D('',#1671,#1672,#1673);
#1671 = CARTESIAN_POINT('',(0.3,-7.92,8.2));
#1672 = DIRECTION('',(1.,-1.110223024625E-16,0.));
#1673 = DIRECTION('',(1.110223024625E-16,1.,0.));
#1674 = ADVANCED_FACE('',(#1675),#1725,.F.);
#1675 = FACE_BOUND('',#1676,.F.);
#1676 = EDGE_LOOP('',(#1677,#1678,#1679,#1687,#1695,#1703,#1711,#1719));
#1677 = ORIENTED_EDGE('',*,*,#792,.F.);
#1678 = ORIENTED_EDGE('',*,*,#1663,.T.);
#1679 = ORIENTED_EDGE('',*,*,#1680,.T.);
#1680 = EDGE_CURVE('',#1656,#1681,#1683,.T.);
#1681 = VERTEX_POINT('',#1682);
#1682 = CARTESIAN_POINT('',(0.1,-7.32,0.9));
#1683 = LINE('',#1684,#1685);
#1684 = CARTESIAN_POINT('',(0.3,-7.32,0.9));
#1685 = VECTOR('',#1686,1.);
#1686 = DIRECTION('',(-1.,1.110223024625E-16,0.));
#1687 = ORIENTED_EDGE('',*,*,#1688,.T.);
#1688 = EDGE_CURVE('',#1681,#1689,#1691,.T.);
#1689 = VERTEX_POINT('',#1690);
#1690 = CARTESIAN_POINT('',(0.1,-7.32,7.4));
#1691 = LINE('',#1692,#1693);
#1692 = CARTESIAN_POINT('',(0.1,-7.32,6.055738799212));
#1693 = VECTOR('',#1694,1.);
#1694 = DIRECTION('',(0.,-0.,1.));
#1695 = ORIENTED_EDGE('',*,*,#1696,.F.);
#1696 = EDGE_CURVE('',#1697,#1689,#1699,.T.);
#1697 = VERTEX_POINT('',#1698);
#1698 = CARTESIAN_POINT('',(-0.1,-7.32,7.4));
#1699 = LINE('',#1700,#1701);
#1700 = CARTESIAN_POINT('',(-0.1,-7.32,7.4));
#1701 = VECTOR('',#1702,1.);
#1702 = DIRECTION('',(1.,-1.110223024625E-16,0.));
#1703 = ORIENTED_EDGE('',*,*,#1704,.F.);
#1704 = EDGE_CURVE('',#1705,#1697,#1707,.T.);
#1705 = VERTEX_POINT('',#1706);
#1706 = CARTESIAN_POINT('',(-0.1,-7.32,0.9));
#1707 = LINE('',#1708,#1709);
#1708 = CARTESIAN_POINT('',(-0.1,-7.32,6.055738799212));
#1709 = VECTOR('',#1710,1.);
#1710 = DIRECTION('',(0.,-0.,1.));
#1711 = ORIENTED_EDGE('',*,*,#1712,.T.);
#1712 = EDGE_CURVE('',#1705,#1713,#1715,.T.);
#1713 = VERTEX_POINT('',#1714);
#1714 = CARTESIAN_POINT('',(-0.3,-7.32,0.9));
#1715 = LINE('',#1716,#1717);
#1716 = CARTESIAN_POINT('',(0.3,-7.32,0.9));
#1717 = VECTOR('',#1718,1.);
#1718 = DIRECTION('',(-1.,1.110223024625E-16,0.));
#1719 = ORIENTED_EDGE('',*,*,#1720,.F.);
#1720 = EDGE_CURVE('',#785,#1713,#1721,.T.);
#1721 = LINE('',#1722,#1723);
#1722 = CARTESIAN_POINT('',(-0.3,-7.32,8.2));
#1723 = VECTOR('',#1724,1.);
#1724 = DIRECTION('',(0.,-0.,-1.));
#1725 = PLANE('',#1726);
#1726 = AXIS2_PLACEMENT_3D('',#1727,#1728,#1729);
#1727 = CARTESIAN_POINT('',(0.3,-7.32,8.2));
#1728 = DIRECTION('',(1.110223024625E-16,1.,0.));
#1729 = DIRECTION('',(-1.,1.110223024625E-16,0.));
#1730 = ADVANCED_FACE('',(#1731),#1749,.F.);
#1731 = FACE_BOUND('',#1732,.F.);
#1732 = EDGE_LOOP('',(#1733,#1734,#1742,#1748));
#1733 = ORIENTED_EDGE('',*,*,#1720,.T.);
#1734 = ORIENTED_EDGE('',*,*,#1735,.T.);
#1735 = EDGE_CURVE('',#1713,#1736,#1738,.T.);
#1736 = VERTEX_POINT('',#1737);
#1737 = CARTESIAN_POINT('',(-0.3,-7.92,0.9));
#1738 = LINE('',#1739,#1740);
#1739 = CARTESIAN_POINT('',(-0.3,-7.32,0.9));
#1740 = VECTOR('',#1741,1.);
#1741 = DIRECTION('',(-1.110223024625E-16,-1.,0.));
#1742 = ORIENTED_EDGE('',*,*,#1743,.F.);
#1743 = EDGE_CURVE('',#809,#1736,#1744,.T.);
#1744 = LINE('',#1745,#1746);
#1745 = CARTESIAN_POINT('',(-0.3,-7.92,8.2));
#1746 = VECTOR('',#1747,1.);
#1747 = DIRECTION('',(0.,-0.,-1.));
#1748 = ORIENTED_EDGE('',*,*,#816,.F.);
#1749 = PLANE('',#1750);
#1750 = AXIS2_PLACEMENT_3D('',#1751,#1752,#1753);
#1751 = CARTESIAN_POINT('',(-0.3,-7.32,8.2));
#1752 = DIRECTION('',(-1.,1.110223024625E-16,0.));
#1753 = DIRECTION('',(-1.110223024625E-16,-1.,0.));
#1754 = ADVANCED_FACE('',(#1755),#1798,.F.);
#1755 = FACE_BOUND('',#1756,.F.);
#1756 = EDGE_LOOP('',(#1757,#1758,#1759,#1767,#1775,#1783,#1791,#1797));
#1757 = ORIENTED_EDGE('',*,*,#833,.F.);
#1758 = ORIENTED_EDGE('',*,*,#1743,.T.);
#1759 = ORIENTED_EDGE('',*,*,#1760,.T.);
#1760 = EDGE_CURVE('',#1736,#1761,#1763,.T.);
#1761 = VERTEX_POINT('',#1762);
#1762 = CARTESIAN_POINT('',(-0.1,-7.92,0.9));
#1763 = LINE('',#1764,#1765);
#1764 = CARTESIAN_POINT('',(-0.3,-7.92,0.9));
#1765 = VECTOR('',#1766,1.);
#1766 = DIRECTION('',(1.,-1.110223024625E-16,0.));
#1767 = ORIENTED_EDGE('',*,*,#1768,.F.);
#1768 = EDGE_CURVE('',#1769,#1761,#1771,.T.);
#1769 = VERTEX_POINT('',#1770);
#1770 = CARTESIAN_POINT('',(-0.1,-7.92,7.4));
#1771 = LINE('',#1772,#1773);
#1772 = CARTESIAN_POINT('',(-0.1,-7.92,6.055738799212));
#1773 = VECTOR('',#1774,1.);
#1774 = DIRECTION('',(-0.,0.,-1.));
#1775 = ORIENTED_EDGE('',*,*,#1776,.T.);
#1776 = EDGE_CURVE('',#1769,#1777,#1779,.T.);
#1777 = VERTEX_POINT('',#1778);
#1778 = CARTESIAN_POINT('',(0.1,-7.92,7.4));
#1779 = LINE('',#1780,#1781);
#1780 = CARTESIAN_POINT('',(-0.1,-7.92,7.4));
#1781 = VECTOR('',#1782,1.);
#1782 = DIRECTION('',(1.,-1.110223024625E-16,0.));
#1783 = ORIENTED_EDGE('',*,*,#1784,.T.);
#1784 = EDGE_CURVE('',#1777,#1785,#1787,.T.);
#1785 = VERTEX_POINT('',#1786);
#1786 = CARTESIAN_POINT('',(0.1,-7.92,0.9));
#1787 = LINE('',#1788,#1789);
#1788 = CARTESIAN_POINT('',(0.1,-7.92,6.055738799212));
#1789 = VECTOR('',#1790,1.);
#1790 = DIRECTION('',(-0.,0.,-1.));
#1791 = ORIENTED_EDGE('',*,*,#1792,.T.);
#1792 = EDGE_CURVE('',#1785,#1648,#1793,.T.);
#1793 = LINE('',#1794,#1795);
#1794 = CARTESIAN_POINT('',(-0.3,-7.92,0.9));
#1795 = VECTOR('',#1796,1.);
#1796 = DIRECTION('',(1.,-1.110223024625E-16,0.));
#1797 = ORIENTED_EDGE('',*,*,#1647,.F.);
#1798 = PLANE('',#1799);
#1799 = AXIS2_PLACEMENT_3D('',#1800,#1801,#1802);
#1800 = CARTESIAN_POINT('',(-0.3,-7.92,8.2));
#1801 = DIRECTION('',(-1.110223024625E-16,-1.,0.));
#1802 = DIRECTION('',(1.,-1.110223024625E-16,0.));
#1803 = ADVANCED_FACE('',(#1804),#1829,.F.);
#1804 = FACE_BOUND('',#1805,.F.);
#1805 = EDGE_LOOP('',(#1806,#1814,#1822,#1828));
#1806 = ORIENTED_EDGE('',*,*,#1807,.T.);
#1807 = EDGE_CURVE('',#848,#1808,#1810,.T.);
#1808 = VERTEX_POINT('',#1809);
#1809 = CARTESIAN_POINT('',(0.3,-5.38,0.9));
#1810 = LINE('',#1811,#1812);
#1811 = CARTESIAN_POINT('',(0.3,-5.38,8.2));
#1812 = VECTOR('',#1813,1.);
#1813 = DIRECTION('',(0.,-0.,-1.));
#1814 = ORIENTED_EDGE('',*,*,#1815,.T.);
#1815 = EDGE_CURVE('',#1808,#1816,#1818,.T.);
#1816 = VERTEX_POINT('',#1817);
#1817 = CARTESIAN_POINT('',(0.3,-4.78,0.9));
#1818 = LINE('',#1819,#1820);
#1819 = CARTESIAN_POINT('',(0.3,-5.38,0.9));
#1820 = VECTOR('',#1821,1.);
#1821 = DIRECTION('',(1.110223024625E-16,1.,0.));
#1822 = ORIENTED_EDGE('',*,*,#1823,.F.);
#1823 = EDGE_CURVE('',#857,#1816,#1824,.T.);
#1824 = LINE('',#1825,#1826);
#1825 = CARTESIAN_POINT('',(0.3,-4.78,8.2));
#1826 = VECTOR('',#1827,1.);
#1827 = DIRECTION('',(0.,-0.,-1.));
#1828 = ORIENTED_EDGE('',*,*,#864,.F.);
#1829 = PLANE('',#1830);
#1830 = AXIS2_PLACEMENT_3D('',#1831,#1832,#1833);
#1831 = CARTESIAN_POINT('',(0.3,-5.38,8.2));
#1832 = DIRECTION('',(1.,-1.110223024625E-16,0.));
#1833 = DIRECTION('',(1.110223024625E-16,1.,0.));
#1834 = ADVANCED_FACE('',(#1835),#1885,.F.);
#1835 = FACE_BOUND('',#1836,.F.);
#1836 = EDGE_LOOP('',(#1837,#1838,#1839,#1847,#1855,#1863,#1871,#1879));
#1837 = ORIENTED_EDGE('',*,*,#888,.F.);
#1838 = ORIENTED_EDGE('',*,*,#1823,.T.);
#1839 = ORIENTED_EDGE('',*,*,#1840,.T.);
#1840 = EDGE_CURVE('',#1816,#1841,#1843,.T.);
#1841 = VERTEX_POINT('',#1842);
#1842 = CARTESIAN_POINT('',(0.1,-4.78,0.9));
#1843 = LINE('',#1844,#1845);
#1844 = CARTESIAN_POINT('',(0.3,-4.78,0.9));
#1845 = VECTOR('',#1846,1.);
#1846 = DIRECTION('',(-1.,1.110223024625E-16,0.));
#1847 = ORIENTED_EDGE('',*,*,#1848,.T.);
#1848 = EDGE_CURVE('',#1841,#1849,#1851,.T.);
#1849 = VERTEX_POINT('',#1850);
#1850 = CARTESIAN_POINT('',(0.1,-4.78,7.4));
#1851 = LINE('',#1852,#1853);
#1852 = CARTESIAN_POINT('',(0.1,-4.78,6.055738799212));
#1853 = VECTOR('',#1854,1.);
#1854 = DIRECTION('',(0.,-0.,1.));
#1855 = ORIENTED_EDGE('',*,*,#1856,.F.);
#1856 = EDGE_CURVE('',#1857,#1849,#1859,.T.);
#1857 = VERTEX_POINT('',#1858);
#1858 = CARTESIAN_POINT('',(-0.1,-4.78,7.4));
#1859 = LINE('',#1860,#1861);
#1860 = CARTESIAN_POINT('',(-0.1,-4.78,7.4));
#1861 = VECTOR('',#1862,1.);
#1862 = DIRECTION('',(1.,-1.110223024625E-16,0.));
#1863 = ORIENTED_EDGE('',*,*,#1864,.F.);
#1864 = EDGE_CURVE('',#1865,#1857,#1867,.T.);
#1865 = VERTEX_POINT('',#1866);
#1866 = CARTESIAN_POINT('',(-0.1,-4.78,0.9));
#1867 = LINE('',#1868,#1869);
#1868 = CARTESIAN_POINT('',(-0.1,-4.78,6.055738799212));
#1869 = VECTOR('',#1870,1.);
#1870 = DIRECTION('',(0.,-0.,1.));
#1871 = ORIENTED_EDGE('',*,*,#1872,.T.);
#1872 = EDGE_CURVE('',#1865,#1873,#1875,.T.);
#1873 = VERTEX_POINT('',#1874);
#1874 = CARTESIAN_POINT('',(-0.3,-4.78,0.9));
#1875 = LINE('',#1876,#1877);
#1876 = CARTESIAN_POINT('',(0.3,-4.78,0.9));
#1877 = VECTOR('',#1878,1.);
#1878 = DIRECTION('',(-1.,1.110223024625E-16,0.));
#1879 = ORIENTED_EDGE('',*,*,#1880,.F.);
#1880 = EDGE_CURVE('',#881,#1873,#1881,.T.);
#1881 = LINE('',#1882,#1883);
#1882 = CARTESIAN_POINT('',(-0.3,-4.78,8.2));
#1883 = VECTOR('',#1884,1.);
#1884 = DIRECTION('',(0.,-0.,-1.));
#1885 = PLANE('',#1886);
#1886 = AXIS2_PLACEMENT_3D('',#1887,#1888,#1889);
#1887 = CARTESIAN_POINT('',(0.3,-4.78,8.2));
#1888 = DIRECTION('',(1.110223024625E-16,1.,0.));
#1889 = DIRECTION('',(-1.,1.110223024625E-16,0.));
#1890 = ADVANCED_FACE('',(#1891),#1909,.F.);
#1891 = FACE_BOUND('',#1892,.F.);
#1892 = EDGE_LOOP('',(#1893,#1894,#1902,#1908));
#1893 = ORIENTED_EDGE('',*,*,#1880,.T.);
#1894 = ORIENTED_EDGE('',*,*,#1895,.T.);
#1895 = EDGE_CURVE('',#1873,#1896,#1898,.T.);
#1896 = VERTEX_POINT('',#1897);
#1897 = CARTESIAN_POINT('',(-0.3,-5.38,0.9));
#1898 = LINE('',#1899,#1900);
#1899 = CARTESIAN_POINT('',(-0.3,-4.78,0.9));
#1900 = VECTOR('',#1901,1.);
#1901 = DIRECTION('',(-1.110223024625E-16,-1.,0.));
#1902 = ORIENTED_EDGE('',*,*,#1903,.F.);
#1903 = EDGE_CURVE('',#905,#1896,#1904,.T.);
#1904 = LINE('',#1905,#1906);
#1905 = CARTESIAN_POINT('',(-0.3,-5.38,8.2));
#1906 = VECTOR('',#1907,1.);
#1907 = DIRECTION('',(0.,-0.,-1.));
#1908 = ORIENTED_EDGE('',*,*,#912,.F.);
#1909 = PLANE('',#1910);
#1910 = AXIS2_PLACEMENT_3D('',#1911,#1912,#1913);
#1911 = CARTESIAN_POINT('',(-0.3,-4.78,8.2));
#1912 = DIRECTION('',(-1.,1.110223024625E-16,0.));
#1913 = DIRECTION('',(-1.110223024625E-16,-1.,0.));
#1914 = ADVANCED_FACE('',(#1915),#1958,.F.);
#1915 = FACE_BOUND('',#1916,.F.);
#1916 = EDGE_LOOP('',(#1917,#1918,#1919,#1927,#1935,#1943,#1951,#1957));
#1917 = ORIENTED_EDGE('',*,*,#929,.F.);
#1918 = ORIENTED_EDGE('',*,*,#1903,.T.);
#1919 = ORIENTED_EDGE('',*,*,#1920,.T.);
#1920 = EDGE_CURVE('',#1896,#1921,#1923,.T.);
#1921 = VERTEX_POINT('',#1922);
#1922 = CARTESIAN_POINT('',(-0.1,-5.38,0.9));
#1923 = LINE('',#1924,#1925);
#1924 = CARTESIAN_POINT('',(-0.3,-5.38,0.9));
#1925 = VECTOR('',#1926,1.);
#1926 = DIRECTION('',(1.,-1.110223024625E-16,0.));
#1927 = ORIENTED_EDGE('',*,*,#1928,.F.);
#1928 = EDGE_CURVE('',#1929,#1921,#1931,.T.);
#1929 = VERTEX_POINT('',#1930);
#1930 = CARTESIAN_POINT('',(-0.1,-5.38,7.4));
#1931 = LINE('',#1932,#1933);
#1932 = CARTESIAN_POINT('',(-0.1,-5.38,6.055738799212));
#1933 = VECTOR('',#1934,1.);
#1934 = DIRECTION('',(-0.,0.,-1.));
#1935 = ORIENTED_EDGE('',*,*,#1936,.T.);
#1936 = EDGE_CURVE('',#1929,#1937,#1939,.T.);
#1937 = VERTEX_POINT('',#1938);
#1938 = CARTESIAN_POINT('',(0.1,-5.38,7.4));
#1939 = LINE('',#1940,#1941);
#1940 = CARTESIAN_POINT('',(-0.1,-5.38,7.4));
#1941 = VECTOR('',#1942,1.);
#1942 = DIRECTION('',(1.,-1.110223024625E-16,0.));
#1943 = ORIENTED_EDGE('',*,*,#1944,.T.);
#1944 = EDGE_CURVE('',#1937,#1945,#1947,.T.);
#1945 = VERTEX_POINT('',#1946);
#1946 = CARTESIAN_POINT('',(0.1,-5.38,0.9));
#1947 = LINE('',#1948,#1949);
#1948 = CARTESIAN_POINT('',(0.1,-5.38,6.055738799212));
#1949 = VECTOR('',#1950,1.);
#1950 = DIRECTION('',(-0.,0.,-1.));
#1951 = ORIENTED_EDGE('',*,*,#1952,.T.);
#1952 = EDGE_CURVE('',#1945,#1808,#1953,.T.);
#1953 = LINE('',#1954,#1955);
#1954 = CARTESIAN_POINT('',(-0.3,-5.38,0.9));
#1955 = VECTOR('',#1956,1.);
#1956 = DIRECTION('',(1.,-1.110223024625E-16,0.));
#1957 = ORIENTED_EDGE('',*,*,#1807,.F.);
#1958 = PLANE('',#1959);
#1959 = AXIS2_PLACEMENT_3D('',#1960,#1961,#1962);
#1960 = CARTESIAN_POINT('',(-0.3,-5.38,8.2));
#1961 = DIRECTION('',(-1.110223024625E-16,-1.,0.));
#1962 = DIRECTION('',(1.,-1.110223024625E-16,0.));
#1963 = ADVANCED_FACE('',(#1964),#1989,.F.);
#1964 = FACE_BOUND('',#1965,.F.);
#1965 = EDGE_LOOP('',(#1966,#1974,#1982,#1988));
#1966 = ORIENTED_EDGE('',*,*,#1967,.T.);
#1967 = EDGE_CURVE('',#944,#1968,#1970,.T.);
#1968 = VERTEX_POINT('',#1969);
#1969 = CARTESIAN_POINT('',(0.3,-2.84,0.9));
#1970 = LINE('',#1971,#1972);
#1971 = CARTESIAN_POINT('',(0.3,-2.84,8.2));
#1972 = VECTOR('',#1973,1.);
#1973 = DIRECTION('',(0.,-0.,-1.));
#1974 = ORIENTED_EDGE('',*,*,#1975,.T.);
#1975 = EDGE_CURVE('',#1968,#1976,#1978,.T.);
#1976 = VERTEX_POINT('',#1977);
#1977 = CARTESIAN_POINT('',(0.3,-2.24,0.9));
#1978 = LINE('',#1979,#1980);
#1979 = CARTESIAN_POINT('',(0.3,-2.84,0.9));
#1980 = VECTOR('',#1981,1.);
#1981 = DIRECTION('',(1.110223024625E-16,1.,0.));
#1982 = ORIENTED_EDGE('',*,*,#1983,.F.);
#1983 = EDGE_CURVE('',#953,#1976,#1984,.T.);
#1984 = LINE('',#1985,#1986);
#1985 = CARTESIAN_POINT('',(0.3,-2.24,8.2));
#1986 = VECTOR('',#1987,1.);
#1987 = DIRECTION('',(0.,-0.,-1.));
#1988 = ORIENTED_EDGE('',*,*,#960,.F.);
#1989 = PLANE('',#1990);
#1990 = AXIS2_PLACEMENT_3D('',#1991,#1992,#1993);
#1991 = CARTESIAN_POINT('',(0.3,-2.84,8.2));
#1992 = DIRECTION('',(1.,-1.110223024625E-16,0.));
#1993 = DIRECTION('',(1.110223024625E-16,1.,0.));
#1994 = ADVANCED_FACE('',(#1995),#2045,.F.);
#1995 = FACE_BOUND('',#1996,.F.);
#1996 = EDGE_LOOP('',(#1997,#1998,#1999,#2007,#2015,#2023,#2031,#2039));
#1997 = ORIENTED_EDGE('',*,*,#984,.F.);
#1998 = ORIENTED_EDGE('',*,*,#1983,.T.);
#1999 = ORIENTED_EDGE('',*,*,#2000,.T.);
#2000 = EDGE_CURVE('',#1976,#2001,#2003,.T.);
#2001 = VERTEX_POINT('',#2002);
#2002 = CARTESIAN_POINT('',(0.1,-2.24,0.9));
#2003 = LINE('',#2004,#2005);
#2004 = CARTESIAN_POINT('',(0.3,-2.24,0.9));
#2005 = VECTOR('',#2006,1.);
#2006 = DIRECTION('',(-1.,1.110223024625E-16,0.));
#2007 = ORIENTED_EDGE('',*,*,#2008,.T.);
#2008 = EDGE_CURVE('',#2001,#2009,#2011,.T.);
#2009 = VERTEX_POINT('',#2010);
#2010 = CARTESIAN_POINT('',(0.1,-2.24,7.4));
#2011 = LINE('',#2012,#2013);
#2012 = CARTESIAN_POINT('',(0.1,-2.24,6.055738799212));
#2013 = VECTOR('',#2014,1.);
#2014 = DIRECTION('',(0.,-0.,1.));
#2015 = ORIENTED_EDGE('',*,*,#2016,.F.);
#2016 = EDGE_CURVE('',#2017,#2009,#2019,.T.);
#2017 = VERTEX_POINT('',#2018);
#2018 = CARTESIAN_POINT('',(-0.1,-2.24,7.4));
#2019 = LINE('',#2020,#2021);
#2020 = CARTESIAN_POINT('',(-0.1,-2.24,7.4));
#2021 = VECTOR('',#2022,1.);
#2022 = DIRECTION('',(1.,-1.110223024625E-16,0.));
#2023 = ORIENTED_EDGE('',*,*,#2024,.F.);
#2024 = EDGE_CURVE('',#2025,#2017,#2027,.T.);
#2025 = VERTEX_POINT('',#2026);
#2026 = CARTESIAN_POINT('',(-0.1,-2.24,0.9));
#2027 = LINE('',#2028,#2029);
#2028 = CARTESIAN_POINT('',(-0.1,-2.24,6.055738799212));
#2029 = VECTOR('',#2030,1.);
#2030 = DIRECTION('',(0.,-0.,1.));
#2031 = ORIENTED_EDGE('',*,*,#2032,.T.);
#2032 = EDGE_CURVE('',#2025,#2033,#2035,.T.);
#2033 = VERTEX_POINT('',#2034);
#2034 = CARTESIAN_POINT('',(-0.3,-2.24,0.9));
#2035 = LINE('',#2036,#2037);
#2036 = CARTESIAN_POINT('',(0.3,-2.24,0.9));
#2037 = VECTOR('',#2038,1.);
#2038 = DIRECTION('',(-1.,1.110223024625E-16,0.));
#2039 = ORIENTED_EDGE('',*,*,#2040,.F.);
#2040 = EDGE_CURVE('',#977,#2033,#2041,.T.);
#2041 = LINE('',#2042,#2043);
#2042 = CARTESIAN_POINT('',(-0.3,-2.24,8.2));
#2043 = VECTOR('',#2044,1.);
#2044 = DIRECTION('',(0.,-0.,-1.));
#2045 = PLANE('',#2046);
#2046 = AXIS2_PLACEMENT_3D('',#2047,#2048,#2049);
#2047 = CARTESIAN_POINT('',(0.3,-2.24,8.2));
#2048 = DIRECTION('',(1.110223024625E-16,1.,0.));
#2049 = DIRECTION('',(-1.,1.110223024625E-16,0.));
#2050 = ADVANCED_FACE('',(#2051),#2069,.F.);
#2051 = FACE_BOUND('',#2052,.F.);
#2052 = EDGE_LOOP('',(#2053,#2054,#2062,#2068));
#2053 = ORIENTED_EDGE('',*,*,#2040,.T.);
#2054 = ORIENTED_EDGE('',*,*,#2055,.T.);
#2055 = EDGE_CURVE('',#2033,#2056,#2058,.T.);
#2056 = VERTEX_POINT('',#2057);
#2057 = CARTESIAN_POINT('',(-0.3,-2.84,0.9));
#2058 = LINE('',#2059,#2060);
#2059 = CARTESIAN_POINT('',(-0.3,-2.24,0.9));
#2060 = VECTOR('',#2061,1.);
#2061 = DIRECTION('',(-1.110223024625E-16,-1.,0.));
#2062 = ORIENTED_EDGE('',*,*,#2063,.F.);
#2063 = EDGE_CURVE('',#1001,#2056,#2064,.T.);
#2064 = LINE('',#2065,#2066);
#2065 = CARTESIAN_POINT('',(-0.3,-2.84,8.2));
#2066 = VECTOR('',#2067,1.);
#2067 = DIRECTION('',(0.,-0.,-1.));
#2068 = ORIENTED_EDGE('',*,*,#1008,.F.);
#2069 = PLANE('',#2070);
#2070 = AXIS2_PLACEMENT_3D('',#2071,#2072,#2073);
#2071 = CARTESIAN_POINT('',(-0.3,-2.24,8.2));
#2072 = DIRECTION('',(-1.,1.110223024625E-16,0.));
#2073 = DIRECTION('',(-1.110223024625E-16,-1.,0.));
#2074 = ADVANCED_FACE('',(#2075),#2118,.F.);
#2075 = FACE_BOUND('',#2076,.F.);
#2076 = EDGE_LOOP('',(#2077,#2078,#2079,#2087,#2095,#2103,#2111,#2117));
#2077 = ORIENTED_EDGE('',*,*,#1025,.F.);
#2078 = ORIENTED_EDGE('',*,*,#2063,.T.);
#2079 = ORIENTED_EDGE('',*,*,#2080,.T.);
#2080 = EDGE_CURVE('',#2056,#2081,#2083,.T.);
#2081 = VERTEX_POINT('',#2082);
#2082 = CARTESIAN_POINT('',(-0.1,-2.84,0.9));
#2083 = LINE('',#2084,#2085);
#2084 = CARTESIAN_POINT('',(-0.3,-2.84,0.9));
#2085 = VECTOR('',#2086,1.);
#2086 = DIRECTION('',(1.,-1.110223024625E-16,0.));
#2087 = ORIENTED_EDGE('',*,*,#2088,.F.);
#2088 = EDGE_CURVE('',#2089,#2081,#2091,.T.);
#2089 = VERTEX_POINT('',#2090);
#2090 = CARTESIAN_POINT('',(-0.1,-2.84,7.4));
#2091 = LINE('',#2092,#2093);
#2092 = CARTESIAN_POINT('',(-0.1,-2.84,6.055738799212));
#2093 = VECTOR('',#2094,1.);
#2094 = DIRECTION('',(-0.,0.,-1.));
#2095 = ORIENTED_EDGE('',*,*,#2096,.T.);
#2096 = EDGE_CURVE('',#2089,#2097,#2099,.T.);
#2097 = VERTEX_POINT('',#2098);
#2098 = CARTESIAN_POINT('',(0.1,-2.84,7.4));
#2099 = LINE('',#2100,#2101);
#2100 = CARTESIAN_POINT('',(-0.1,-2.84,7.4));
#2101 = VECTOR('',#2102,1.);
#2102 = DIRECTION('',(1.,-1.110223024625E-16,0.));
#2103 = ORIENTED_EDGE('',*,*,#2104,.T.);
#2104 = EDGE_CURVE('',#2097,#2105,#2107,.T.);
#2105 = VERTEX_POINT('',#2106);
#2106 = CARTESIAN_POINT('',(0.1,-2.84,0.9));
#2107 = LINE('',#2108,#2109);
#2108 = CARTESIAN_POINT('',(0.1,-2.84,6.055738799212));
#2109 = VECTOR('',#2110,1.);
#2110 = DIRECTION('',(-0.,0.,-1.));
#2111 = ORIENTED_EDGE('',*,*,#2112,.T.);
#2112 = EDGE_CURVE('',#2105,#1968,#2113,.T.);
#2113 = LINE('',#2114,#2115);
#2114 = CARTESIAN_POINT('',(-0.3,-2.84,0.9));
#2115 = VECTOR('',#2116,1.);
#2116 = DIRECTION('',(1.,-1.110223024625E-16,0.));
#2117 = ORIENTED_EDGE('',*,*,#1967,.F.);
#2118 = PLANE('',#2119);
#2119 = AXIS2_PLACEMENT_3D('',#2120,#2121,#2122);
#2120 = CARTESIAN_POINT('',(-0.3,-2.84,8.2));
#2121 = DIRECTION('',(-1.110223024625E-16,-1.,0.));
#2122 = DIRECTION('',(1.,-1.110223024625E-16,0.));
#2123 = ADVANCED_FACE('',(#2124),#2149,.F.);
#2124 = FACE_BOUND('',#2125,.F.);
#2125 = EDGE_LOOP('',(#2126,#2134,#2142,#2148));
#2126 = ORIENTED_EDGE('',*,*,#2127,.T.);
#2127 = EDGE_CURVE('',#1040,#2128,#2130,.T.);
#2128 = VERTEX_POINT('',#2129);
#2129 = CARTESIAN_POINT('',(0.3,-0.3,0.9));
#2130 = LINE('',#2131,#2132);
#2131 = CARTESIAN_POINT('',(0.3,-0.3,8.2));
#2132 = VECTOR('',#2133,1.);
#2133 = DIRECTION('',(0.,-0.,-1.));
#2134 = ORIENTED_EDGE('',*,*,#2135,.T.);
#2135 = EDGE_CURVE('',#2128,#2136,#2138,.T.);
#2136 = VERTEX_POINT('',#2137);
#2137 = CARTESIAN_POINT('',(0.3,0.3,0.9));
#2138 = LINE('',#2139,#2140);
#2139 = CARTESIAN_POINT('',(0.3,-0.3,0.9));
#2140 = VECTOR('',#2141,1.);
#2141 = DIRECTION('',(1.110223024625E-16,1.,0.));
#2142 = ORIENTED_EDGE('',*,*,#2143,.F.);
#2143 = EDGE_CURVE('',#1049,#2136,#2144,.T.);
#2144 = LINE('',#2145,#2146);
#2145 = CARTESIAN_POINT('',(0.3,0.3,8.2));
#2146 = VECTOR('',#2147,1.);
#2147 = DIRECTION('',(0.,-0.,-1.));
#2148 = ORIENTED_EDGE('',*,*,#1056,.F.);
#2149 = PLANE('',#2150);
#2150 = AXIS2_PLACEMENT_3D('',#2151,#2152,#2153);
#2151 = CARTESIAN_POINT('',(0.3,-0.3,8.2));
#2152 = DIRECTION('',(1.,-1.110223024625E-16,0.));
#2153 = DIRECTION('',(1.110223024625E-16,1.,0.));
#2154 = ADVANCED_FACE('',(#2155),#2205,.F.);
#2155 = FACE_BOUND('',#2156,.F.);
#2156 = EDGE_LOOP('',(#2157,#2158,#2159,#2167,#2175,#2183,#2191,#2199));
#2157 = ORIENTED_EDGE('',*,*,#1080,.F.);
#2158 = ORIENTED_EDGE('',*,*,#2143,.T.);
#2159 = ORIENTED_EDGE('',*,*,#2160,.T.);
#2160 = EDGE_CURVE('',#2136,#2161,#2163,.T.);
#2161 = VERTEX_POINT('',#2162);
#2162 = CARTESIAN_POINT('',(0.1,0.3,0.9));
#2163 = LINE('',#2164,#2165);
#2164 = CARTESIAN_POINT('',(0.3,0.3,0.9));
#2165 = VECTOR('',#2166,1.);
#2166 = DIRECTION('',(-1.,1.110223024625E-16,0.));
#2167 = ORIENTED_EDGE('',*,*,#2168,.T.);
#2168 = EDGE_CURVE('',#2161,#2169,#2171,.T.);
#2169 = VERTEX_POINT('',#2170);
#2170 = CARTESIAN_POINT('',(0.1,0.3,7.4));
#2171 = LINE('',#2172,#2173);
#2172 = CARTESIAN_POINT('',(0.1,0.3,6.055738799212));
#2173 = VECTOR('',#2174,1.);
#2174 = DIRECTION('',(0.,-0.,1.));
#2175 = ORIENTED_EDGE('',*,*,#2176,.F.);
#2176 = EDGE_CURVE('',#2177,#2169,#2179,.T.);
#2177 = VERTEX_POINT('',#2178);
#2178 = CARTESIAN_POINT('',(-0.1,0.3,7.4));
#2179 = LINE('',#2180,#2181);
#2180 = CARTESIAN_POINT('',(-0.1,0.3,7.4));
#2181 = VECTOR('',#2182,1.);
#2182 = DIRECTION('',(1.,-1.110223024625E-16,0.));
#2183 = ORIENTED_EDGE('',*,*,#2184,.F.);
#2184 = EDGE_CURVE('',#2185,#2177,#2187,.T.);
#2185 = VERTEX_POINT('',#2186);
#2186 = CARTESIAN_POINT('',(-0.1,0.3,0.9));
#2187 = LINE('',#2188,#2189);
#2188 = CARTESIAN_POINT('',(-0.1,0.3,6.055738799212));
#2189 = VECTOR('',#2190,1.);
#2190 = DIRECTION('',(0.,-0.,1.));
#2191 = ORIENTED_EDGE('',*,*,#2192,.T.);
#2192 = EDGE_CURVE('',#2185,#2193,#2195,.T.);
#2193 = VERTEX_POINT('',#2194);
#2194 = CARTESIAN_POINT('',(-0.3,0.3,0.9));
#2195 = LINE('',#2196,#2197);
#2196 = CARTESIAN_POINT('',(0.3,0.3,0.9));
#2197 = VECTOR('',#2198,1.);
#2198 = DIRECTION('',(-1.,1.110223024625E-16,0.));
#2199 = ORIENTED_EDGE('',*,*,#2200,.F.);
#2200 = EDGE_CURVE('',#1073,#2193,#2201,.T.);
#2201 = LINE('',#2202,#2203);
#2202 = CARTESIAN_POINT('',(-0.3,0.3,8.2));
#2203 = VECTOR('',#2204,1.);
#2204 = DIRECTION('',(0.,-0.,-1.));
#2205 = PLANE('',#2206);
#2206 = AXIS2_PLACEMENT_3D('',#2207,#2208,#2209);
#2207 = CARTESIAN_POINT('',(0.3,0.3,8.2));
#2208 = DIRECTION('',(1.110223024625E-16,1.,0.));
#2209 = DIRECTION('',(-1.,1.110223024625E-16,0.));
#2210 = ADVANCED_FACE('',(#2211),#2229,.F.);
#2211 = FACE_BOUND('',#2212,.F.);
#2212 = EDGE_LOOP('',(#2213,#2214,#2222,#2228));
#2213 = ORIENTED_EDGE('',*,*,#2200,.T.);
#2214 = ORIENTED_EDGE('',*,*,#2215,.T.);
#2215 = EDGE_CURVE('',#2193,#2216,#2218,.T.);
#2216 = VERTEX_POINT('',#2217);
#2217 = CARTESIAN_POINT('',(-0.3,-0.3,0.9));
#2218 = LINE('',#2219,#2220);
#2219 = CARTESIAN_POINT('',(-0.3,0.3,0.9));
#2220 = VECTOR('',#2221,1.);
#2221 = DIRECTION('',(-1.110223024625E-16,-1.,0.));
#2222 = ORIENTED_EDGE('',*,*,#2223,.F.);
#2223 = EDGE_CURVE('',#1097,#2216,#2224,.T.);
#2224 = LINE('',#2225,#2226);
#2225 = CARTESIAN_POINT('',(-0.3,-0.3,8.2));
#2226 = VECTOR('',#2227,1.);
#2227 = DIRECTION('',(0.,-0.,-1.));
#2228 = ORIENTED_EDGE('',*,*,#1104,.F.);
#2229 = PLANE('',#2230);
#2230 = AXIS2_PLACEMENT_3D('',#2231,#2232,#2233);
#2231 = CARTESIAN_POINT('',(-0.3,0.3,8.2));
#2232 = DIRECTION('',(-1.,1.110223024625E-16,0.));
#2233 = DIRECTION('',(-1.110223024625E-16,-1.,0.));
#2234 = ADVANCED_FACE('',(#2235),#2278,.F.);
#2235 = FACE_BOUND('',#2236,.F.);
#2236 = EDGE_LOOP('',(#2237,#2238,#2239,#2247,#2255,#2263,#2271,#2277));
#2237 = ORIENTED_EDGE('',*,*,#1121,.F.);
#2238 = ORIENTED_EDGE('',*,*,#2223,.T.);
#2239 = ORIENTED_EDGE('',*,*,#2240,.T.);
#2240 = EDGE_CURVE('',#2216,#2241,#2243,.T.);
#2241 = VERTEX_POINT('',#2242);
#2242 = CARTESIAN_POINT('',(-0.1,-0.3,0.9));
#2243 = LINE('',#2244,#2245);
#2244 = CARTESIAN_POINT('',(-0.3,-0.3,0.9));
#2245 = VECTOR('',#2246,1.);
#2246 = DIRECTION('',(1.,-1.110223024625E-16,0.));
#2247 = ORIENTED_EDGE('',*,*,#2248,.F.);
#2248 = EDGE_CURVE('',#2249,#2241,#2251,.T.);
#2249 = VERTEX_POINT('',#2250);
#2250 = CARTESIAN_POINT('',(-0.1,-0.3,7.4));
#2251 = LINE('',#2252,#2253);
#2252 = CARTESIAN_POINT('',(-0.1,-0.3,6.055738799212));
#2253 = VECTOR('',#2254,1.);
#2254 = DIRECTION('',(-0.,0.,-1.));
#2255 = ORIENTED_EDGE('',*,*,#2256,.T.);
#2256 = EDGE_CURVE('',#2249,#2257,#2259,.T.);
#2257 = VERTEX_POINT('',#2258);
#2258 = CARTESIAN_POINT('',(0.1,-0.3,7.4));
#2259 = LINE('',#2260,#2261);
#2260 = CARTESIAN_POINT('',(-0.1,-0.3,7.4));
#2261 = VECTOR('',#2262,1.);
#2262 = DIRECTION('',(1.,-1.110223024625E-16,0.));
#2263 = ORIENTED_EDGE('',*,*,#2264,.T.);
#2264 = EDGE_CURVE('',#2257,#2265,#2267,.T.);
#2265 = VERTEX_POINT('',#2266);
#2266 = CARTESIAN_POINT('',(0.1,-0.3,0.9));
#2267 = LINE('',#2268,#2269);
#2268 = CARTESIAN_POINT('',(0.1,-0.3,6.055738799212));
#2269 = VECTOR('',#2270,1.);
#2270 = DIRECTION('',(-0.,0.,-1.));
#2271 = ORIENTED_EDGE('',*,*,#2272,.T.);
#2272 = EDGE_CURVE('',#2265,#2128,#2273,.T.);
#2273 = LINE('',#2274,#2275);
#2274 = CARTESIAN_POINT('',(-0.3,-0.3,0.9));
#2275 = VECTOR('',#2276,1.);
#2276 = DIRECTION('',(1.,-1.110223024625E-16,0.));
#2277 = ORIENTED_EDGE('',*,*,#2127,.F.);
#2278 = PLANE('',#2279);
#2279 = AXIS2_PLACEMENT_3D('',#2280,#2281,#2282);
#2280 = CARTESIAN_POINT('',(-0.3,-0.3,8.2));
#2281 = DIRECTION('',(-1.110223024625E-16,-1.,0.));
#2282 = DIRECTION('',(1.,-1.110223024625E-16,0.));
#2283 = ADVANCED_FACE('',(#2284),#2295,.T.);
#2284 = FACE_BOUND('',#2285,.T.);
#2285 = EDGE_LOOP('',(#2286,#2292,#2293,#2294));
#2286 = ORIENTED_EDGE('',*,*,#2287,.T.);
#2287 = EDGE_CURVE('',#1217,#1153,#2288,.T.);
#2288 = LINE('',#2289,#2290);
#2289 = CARTESIAN_POINT('',(-0.1,-7.92,-2.5));
#2290 = VECTOR('',#2291,1.);
#2291 = DIRECTION('',(1.,-1.110223024625E-16,0.));
#2292 = ORIENTED_EDGE('',*,*,#1152,.T.);
#2293 = ORIENTED_EDGE('',*,*,#1137,.F.);
#2294 = ORIENTED_EDGE('',*,*,#1216,.F.);
#2295 = PLANE('',#2296);
#2296 = AXIS2_PLACEMENT_3D('',#2297,#2298,#2299);
#2297 = CARTESIAN_POINT('',(-0.1,-7.92,-2.5));
#2298 = DIRECTION('',(-1.110223024625E-16,-1.,0.));
#2299 = DIRECTION('',(0.,0.,1.));
#2300 = ADVANCED_FACE('',(#2301),#2312,.T.);
#2301 = FACE_BOUND('',#2302,.T.);
#2302 = EDGE_LOOP('',(#2303,#2309,#2310,#2311));
#2303 = ORIENTED_EDGE('',*,*,#2304,.T.);
#2304 = EDGE_CURVE('',#1242,#1178,#2305,.T.);
#2305 = LINE('',#2306,#2307);
#2306 = CARTESIAN_POINT('',(-0.1,-7.77,-3.1));
#2307 = VECTOR('',#2308,1.);
#2308 = DIRECTION('',(1.,-1.110223024625E-16,0.));
#2309 = ORIENTED_EDGE('',*,*,#1185,.T.);
#2310 = ORIENTED_EDGE('',*,*,#2287,.F.);
#2311 = ORIENTED_EDGE('',*,*,#1249,.F.);
#2312 = PLANE('',#2313);
#2313 = AXIS2_PLACEMENT_3D('',#2314,#2315,#2316);
#2314 = CARTESIAN_POINT('',(-0.1,-7.77,-3.1));
#2315 = DIRECTION('',(-1.077074540829E-16,-0.970142500145,
    -0.242535625036));
#2316 = DIRECTION('',(-2.692686352073E-17,-0.242535625036,0.970142500145
    ));
#2317 = ADVANCED_FACE('',(#2318),#2329,.T.);
#2318 = FACE_BOUND('',#2319,.T.);
#2319 = EDGE_LOOP('',(#2320,#2326,#2327,#2328));
#2320 = ORIENTED_EDGE('',*,*,#2321,.T.);
#2321 = EDGE_CURVE('',#1234,#1170,#2322,.T.);
#2322 = LINE('',#2323,#2324);
#2323 = CARTESIAN_POINT('',(-0.1,-7.47,-3.1));
#2324 = VECTOR('',#2325,1.);
#2325 = DIRECTION('',(1.,-1.110223024625E-16,0.));
#2326 = ORIENTED_EDGE('',*,*,#1177,.T.);
#2327 = ORIENTED_EDGE('',*,*,#2304,.F.);
#2328 = ORIENTED_EDGE('',*,*,#1241,.T.);
#2329 = PLANE('',#2330);
#2330 = AXIS2_PLACEMENT_3D('',#2331,#2332,#2333);
#2331 = CARTESIAN_POINT('',(-0.1,-7.47,-3.1));
#2332 = DIRECTION('',(0.,-0.,-1.));
#2333 = DIRECTION('',(-1.110223024625E-16,-1.,0.));
#2334 = ADVANCED_FACE('',(#2335),#2346,.T.);
#2335 = FACE_BOUND('',#2336,.T.);
#2336 = EDGE_LOOP('',(#2337,#2343,#2344,#2345));
#2337 = ORIENTED_EDGE('',*,*,#2338,.T.);
#2338 = EDGE_CURVE('',#1226,#1162,#2339,.T.);
#2339 = LINE('',#2340,#2341);
#2340 = CARTESIAN_POINT('',(-0.1,-7.32,-2.5));
#2341 = VECTOR('',#2342,1.);
#2342 = DIRECTION('',(1.,-1.110223024625E-16,0.));
#2343 = ORIENTED_EDGE('',*,*,#1169,.T.);
#2344 = ORIENTED_EDGE('',*,*,#2321,.F.);
#2345 = ORIENTED_EDGE('',*,*,#1233,.F.);
#2346 = PLANE('',#2347);
#2347 = AXIS2_PLACEMENT_3D('',#2348,#2349,#2350);
#2348 = CARTESIAN_POINT('',(-0.1,-7.32,-2.5));
#2349 = DIRECTION('',(1.077074540829E-16,0.970142500145,-0.242535625036)
  );
#2350 = DIRECTION('',(-2.692686352073E-17,-0.242535625036,
    -0.970142500145));
#2351 = ADVANCED_FACE('',(#2352),#2358,.T.);
#2352 = FACE_BOUND('',#2353,.T.);
#2353 = EDGE_LOOP('',(#2354,#2355,#2356,#2357));
#2354 = ORIENTED_EDGE('',*,*,#1199,.T.);
#2355 = ORIENTED_EDGE('',*,*,#1161,.T.);
#2356 = ORIENTED_EDGE('',*,*,#2338,.F.);
#2357 = ORIENTED_EDGE('',*,*,#1225,.F.);
#2358 = PLANE('',#2359);
#2359 = AXIS2_PLACEMENT_3D('',#2360,#2361,#2362);
#2360 = CARTESIAN_POINT('',(-0.1,-7.32,0.2));
#2361 = DIRECTION('',(1.110223024625E-16,1.,0.));
#2362 = DIRECTION('',(0.,0.,-1.));
#2363 = ADVANCED_FACE('',(#2364),#2375,.T.);
#2364 = FACE_BOUND('',#2365,.T.);
#2365 = EDGE_LOOP('',(#2366,#2372,#2373,#2374));
#2366 = ORIENTED_EDGE('',*,*,#2367,.T.);
#2367 = EDGE_CURVE('',#1345,#1281,#2368,.T.);
#2368 = LINE('',#2369,#2370);
#2369 = CARTESIAN_POINT('',(-0.1,-5.38,-2.5));
#2370 = VECTOR('',#2371,1.);
#2371 = DIRECTION('',(1.,-1.110223024625E-16,0.));
#2372 = ORIENTED_EDGE('',*,*,#1280,.T.);
#2373 = ORIENTED_EDGE('',*,*,#1265,.F.);
#2374 = ORIENTED_EDGE('',*,*,#1344,.F.);
#2375 = PLANE('',#2376);
#2376 = AXIS2_PLACEMENT_3D('',#2377,#2378,#2379);
#2377 = CARTESIAN_POINT('',(-0.1,-5.38,-2.5));
#2378 = DIRECTION('',(-1.110223024625E-16,-1.,0.));
#2379 = DIRECTION('',(0.,0.,1.));
#2380 = ADVANCED_FACE('',(#2381),#2392,.T.);
#2381 = FACE_BOUND('',#2382,.T.);
#2382 = EDGE_LOOP('',(#2383,#2389,#2390,#2391));
#2383 = ORIENTED_EDGE('',*,*,#2384,.T.);
#2384 = EDGE_CURVE('',#1370,#1306,#2385,.T.);
#2385 = LINE('',#2386,#2387);
#2386 = CARTESIAN_POINT('',(-0.1,-5.23,-3.1));
#2387 = VECTOR('',#2388,1.);
#2388 = DIRECTION('',(1.,-1.110223024625E-16,0.));
#2389 = ORIENTED_EDGE('',*,*,#1313,.T.);
#2390 = ORIENTED_EDGE('',*,*,#2367,.F.);
#2391 = ORIENTED_EDGE('',*,*,#1377,.F.);
#2392 = PLANE('',#2393);
#2393 = AXIS2_PLACEMENT_3D('',#2394,#2395,#2396);
#2394 = CARTESIAN_POINT('',(-0.1,-5.23,-3.1));
#2395 = DIRECTION('',(-1.077074540829E-16,-0.970142500145,
    -0.242535625036));
#2396 = DIRECTION('',(-2.692686352073E-17,-0.242535625036,0.970142500145
    ));
#2397 = ADVANCED_FACE('',(#2398),#2409,.T.);
#2398 = FACE_BOUND('',#2399,.T.);
#2399 = EDGE_LOOP('',(#2400,#2406,#2407,#2408));
#2400 = ORIENTED_EDGE('',*,*,#2401,.T.);
#2401 = EDGE_CURVE('',#1362,#1298,#2402,.T.);
#2402 = LINE('',#2403,#2404);
#2403 = CARTESIAN_POINT('',(-0.1,-4.93,-3.1));
#2404 = VECTOR('',#2405,1.);
#2405 = DIRECTION('',(1.,-1.110223024625E-16,0.));
#2406 = ORIENTED_EDGE('',*,*,#1305,.T.);
#2407 = ORIENTED_EDGE('',*,*,#2384,.F.);
#2408 = ORIENTED_EDGE('',*,*,#1369,.T.);
#2409 = PLANE('',#2410);
#2410 = AXIS2_PLACEMENT_3D('',#2411,#2412,#2413);
#2411 = CARTESIAN_POINT('',(-0.1,-4.93,-3.1));
#2412 = DIRECTION('',(0.,-0.,-1.));
#2413 = DIRECTION('',(-1.110223024625E-16,-1.,0.));
#2414 = ADVANCED_FACE('',(#2415),#2426,.T.);
#2415 = FACE_BOUND('',#2416,.T.);
#2416 = EDGE_LOOP('',(#2417,#2423,#2424,#2425));
#2417 = ORIENTED_EDGE('',*,*,#2418,.T.);
#2418 = EDGE_CURVE('',#1354,#1290,#2419,.T.);
#2419 = LINE('',#2420,#2421);
#2420 = CARTESIAN_POINT('',(-0.1,-4.78,-2.5));
#2421 = VECTOR('',#2422,1.);
#2422 = DIRECTION('',(1.,-1.110223024625E-16,0.));
#2423 = ORIENTED_EDGE('',*,*,#1297,.T.);
#2424 = ORIENTED_EDGE('',*,*,#2401,.F.);
#2425 = ORIENTED_EDGE('',*,*,#1361,.F.);
#2426 = PLANE('',#2427);
#2427 = AXIS2_PLACEMENT_3D('',#2428,#2429,#2430);
#2428 = CARTESIAN_POINT('',(-0.1,-4.78,-2.5));
#2429 = DIRECTION('',(1.077074540829E-16,0.970142500145,-0.242535625036)
  );
#2430 = DIRECTION('',(-2.692686352073E-17,-0.242535625036,
    -0.970142500145));
#2431 = ADVANCED_FACE('',(#2432),#2438,.T.);
#2432 = FACE_BOUND('',#2433,.T.);
#2433 = EDGE_LOOP('',(#2434,#2435,#2436,#2437));
#2434 = ORIENTED_EDGE('',*,*,#1327,.T.);
#2435 = ORIENTED_EDGE('',*,*,#1289,.T.);
#2436 = ORIENTED_EDGE('',*,*,#2418,.F.);
#2437 = ORIENTED_EDGE('',*,*,#1353,.F.);
#2438 = PLANE('',#2439);
#2439 = AXIS2_PLACEMENT_3D('',#2440,#2441,#2442);
#2440 = CARTESIAN_POINT('',(-0.1,-4.78,0.2));
#2441 = DIRECTION('',(1.110223024625E-16,1.,0.));
#2442 = DIRECTION('',(0.,0.,-1.));
#2443 = ADVANCED_FACE('',(#2444),#2455,.T.);
#2444 = FACE_BOUND('',#2445,.T.);
#2445 = EDGE_LOOP('',(#2446,#2452,#2453,#2454));
#2446 = ORIENTED_EDGE('',*,*,#2447,.T.);
#2447 = EDGE_CURVE('',#1473,#1409,#2448,.T.);
#2448 = LINE('',#2449,#2450);
#2449 = CARTESIAN_POINT('',(-0.1,-2.84,-2.5));
#2450 = VECTOR('',#2451,1.);
#2451 = DIRECTION('',(1.,-1.110223024625E-16,0.));
#2452 = ORIENTED_EDGE('',*,*,#1408,.T.);
#2453 = ORIENTED_EDGE('',*,*,#1393,.F.);
#2454 = ORIENTED_EDGE('',*,*,#1472,.F.);
#2455 = PLANE('',#2456);
#2456 = AXIS2_PLACEMENT_3D('',#2457,#2458,#2459);
#2457 = CARTESIAN_POINT('',(-0.1,-2.84,-2.5));
#2458 = DIRECTION('',(-1.110223024625E-16,-1.,0.));
#2459 = DIRECTION('',(0.,0.,1.));
#2460 = ADVANCED_FACE('',(#2461),#2472,.T.);
#2461 = FACE_BOUND('',#2462,.T.);
#2462 = EDGE_LOOP('',(#2463,#2469,#2470,#2471));
#2463 = ORIENTED_EDGE('',*,*,#2464,.T.);
#2464 = EDGE_CURVE('',#1498,#1434,#2465,.T.);
#2465 = LINE('',#2466,#2467);
#2466 = CARTESIAN_POINT('',(-0.1,-2.69,-3.1));
#2467 = VECTOR('',#2468,1.);
#2468 = DIRECTION('',(1.,-1.110223024625E-16,0.));
#2469 = ORIENTED_EDGE('',*,*,#1441,.T.);
#2470 = ORIENTED_EDGE('',*,*,#2447,.F.);
#2471 = ORIENTED_EDGE('',*,*,#1505,.F.);
#2472 = PLANE('',#2473);
#2473 = AXIS2_PLACEMENT_3D('',#2474,#2475,#2476);
#2474 = CARTESIAN_POINT('',(-0.1,-2.69,-3.1));
#2475 = DIRECTION('',(-1.077074540829E-16,-0.970142500145,
    -0.242535625036));
#2476 = DIRECTION('',(-2.692686352073E-17,-0.242535625036,0.970142500145
    ));
#2477 = ADVANCED_FACE('',(#2478),#2489,.T.);
#2478 = FACE_BOUND('',#2479,.T.);
#2479 = EDGE_LOOP('',(#2480,#2486,#2487,#2488));
#2480 = ORIENTED_EDGE('',*,*,#2481,.T.);
#2481 = EDGE_CURVE('',#1490,#1426,#2482,.T.);
#2482 = LINE('',#2483,#2484);
#2483 = CARTESIAN_POINT('',(-0.1,-2.39,-3.1));
#2484 = VECTOR('',#2485,1.);
#2485 = DIRECTION('',(1.,-1.110223024625E-16,0.));
#2486 = ORIENTED_EDGE('',*,*,#1433,.T.);
#2487 = ORIENTED_EDGE('',*,*,#2464,.F.);
#2488 = ORIENTED_EDGE('',*,*,#1497,.T.);
#2489 = PLANE('',#2490);
#2490 = AXIS2_PLACEMENT_3D('',#2491,#2492,#2493);
#2491 = CARTESIAN_POINT('',(-0.1,-2.39,-3.1));
#2492 = DIRECTION('',(0.,-0.,-1.));
#2493 = DIRECTION('',(-1.110223024625E-16,-1.,0.));
#2494 = ADVANCED_FACE('',(#2495),#2506,.T.);
#2495 = FACE_BOUND('',#2496,.T.);
#2496 = EDGE_LOOP('',(#2497,#2503,#2504,#2505));
#2497 = ORIENTED_EDGE('',*,*,#2498,.T.);
#2498 = EDGE_CURVE('',#1482,#1418,#2499,.T.);
#2499 = LINE('',#2500,#2501);
#2500 = CARTESIAN_POINT('',(-0.1,-2.24,-2.5));
#2501 = VECTOR('',#2502,1.);
#2502 = DIRECTION('',(1.,-1.110223024625E-16,0.));
#2503 = ORIENTED_EDGE('',*,*,#1425,.T.);
#2504 = ORIENTED_EDGE('',*,*,#2481,.F.);
#2505 = ORIENTED_EDGE('',*,*,#1489,.F.);
#2506 = PLANE('',#2507);
#2507 = AXIS2_PLACEMENT_3D('',#2508,#2509,#2510);
#2508 = CARTESIAN_POINT('',(-0.1,-2.24,-2.5));
#2509 = DIRECTION('',(1.077074540829E-16,0.970142500145,-0.242535625036)
  );
#2510 = DIRECTION('',(-2.692686352073E-17,-0.242535625036,
    -0.970142500145));
#2511 = ADVANCED_FACE('',(#2512),#2518,.T.);
#2512 = FACE_BOUND('',#2513,.T.);
#2513 = EDGE_LOOP('',(#2514,#2515,#2516,#2517));
#2514 = ORIENTED_EDGE('',*,*,#1455,.T.);
#2515 = ORIENTED_EDGE('',*,*,#1417,.T.);
#2516 = ORIENTED_EDGE('',*,*,#2498,.F.);
#2517 = ORIENTED_EDGE('',*,*,#1481,.F.);
#2518 = PLANE('',#2519);
#2519 = AXIS2_PLACEMENT_3D('',#2520,#2521,#2522);
#2520 = CARTESIAN_POINT('',(-0.1,-2.24,0.2));
#2521 = DIRECTION('',(1.110223024625E-16,1.,0.));
#2522 = DIRECTION('',(0.,0.,-1.));
#2523 = ADVANCED_FACE('',(#2524),#2535,.T.);
#2524 = FACE_BOUND('',#2525,.T.);
#2525 = EDGE_LOOP('',(#2526,#2532,#2533,#2534));
#2526 = ORIENTED_EDGE('',*,*,#2527,.T.);
#2527 = EDGE_CURVE('',#1601,#1537,#2528,.T.);
#2528 = LINE('',#2529,#2530);
#2529 = CARTESIAN_POINT('',(-0.1,-0.3,-2.5));
#2530 = VECTOR('',#2531,1.);
#2531 = DIRECTION('',(1.,-1.110223024625E-16,0.));
#2532 = ORIENTED_EDGE('',*,*,#1536,.T.);
#2533 = ORIENTED_EDGE('',*,*,#1521,.F.);
#2534 = ORIENTED_EDGE('',*,*,#1600,.F.);
#2535 = PLANE('',#2536);
#2536 = AXIS2_PLACEMENT_3D('',#2537,#2538,#2539);
#2537 = CARTESIAN_POINT('',(-0.1,-0.3,-2.5));
#2538 = DIRECTION('',(-1.110223024625E-16,-1.,0.));
#2539 = DIRECTION('',(0.,0.,1.));
#2540 = ADVANCED_FACE('',(#2541),#2552,.T.);
#2541 = FACE_BOUND('',#2542,.T.);
#2542 = EDGE_LOOP('',(#2543,#2549,#2550,#2551));
#2543 = ORIENTED_EDGE('',*,*,#2544,.T.);
#2544 = EDGE_CURVE('',#1626,#1562,#2545,.T.);
#2545 = LINE('',#2546,#2547);
#2546 = CARTESIAN_POINT('',(-0.1,-0.15,-3.1));
#2547 = VECTOR('',#2548,1.);
#2548 = DIRECTION('',(1.,-1.110223024625E-16,0.));
#2549 = ORIENTED_EDGE('',*,*,#1569,.T.);
#2550 = ORIENTED_EDGE('',*,*,#2527,.F.);
#2551 = ORIENTED_EDGE('',*,*,#1633,.F.);
#2552 = PLANE('',#2553);
#2553 = AXIS2_PLACEMENT_3D('',#2554,#2555,#2556);
#2554 = CARTESIAN_POINT('',(-0.1,-0.15,-3.1));
#2555 = DIRECTION('',(-1.077074540829E-16,-0.970142500145,
    -0.242535625036));
#2556 = DIRECTION('',(-2.692686352073E-17,-0.242535625036,0.970142500145
    ));
#2557 = ADVANCED_FACE('',(#2558),#2569,.T.);
#2558 = FACE_BOUND('',#2559,.T.);
#2559 = EDGE_LOOP('',(#2560,#2566,#2567,#2568));
#2560 = ORIENTED_EDGE('',*,*,#2561,.T.);
#2561 = EDGE_CURVE('',#1618,#1554,#2562,.T.);
#2562 = LINE('',#2563,#2564);
#2563 = CARTESIAN_POINT('',(-0.1,0.15,-3.1));
#2564 = VECTOR('',#2565,1.);
#2565 = DIRECTION('',(1.,-1.110223024625E-16,0.));
#2566 = ORIENTED_EDGE('',*,*,#1561,.T.);
#2567 = ORIENTED_EDGE('',*,*,#2544,.F.);
#2568 = ORIENTED_EDGE('',*,*,#1625,.T.);
#2569 = PLANE('',#2570);
#2570 = AXIS2_PLACEMENT_3D('',#2571,#2572,#2573);
#2571 = CARTESIAN_POINT('',(-0.1,0.15,-3.1));
#2572 = DIRECTION('',(0.,-0.,-1.));
#2573 = DIRECTION('',(-1.110223024625E-16,-1.,0.));
#2574 = ADVANCED_FACE('',(#2575),#2586,.T.);
#2575 = FACE_BOUND('',#2576,.T.);
#2576 = EDGE_LOOP('',(#2577,#2583,#2584,#2585));
#2577 = ORIENTED_EDGE('',*,*,#2578,.T.);
#2578 = EDGE_CURVE('',#1610,#1546,#2579,.T.);
#2579 = LINE('',#2580,#2581);
#2580 = CARTESIAN_POINT('',(-0.1,0.3,-2.5));
#2581 = VECTOR('',#2582,1.);
#2582 = DIRECTION('',(1.,-1.110223024625E-16,0.));
#2583 = ORIENTED_EDGE('',*,*,#1553,.T.);
#2584 = ORIENTED_EDGE('',*,*,#2561,.F.);
#2585 = ORIENTED_EDGE('',*,*,#1617,.F.);
#2586 = PLANE('',#2587);
#2587 = AXIS2_PLACEMENT_3D('',#2588,#2589,#2590);
#2588 = CARTESIAN_POINT('',(-0.1,0.3,-2.5));
#2589 = DIRECTION('',(1.077074540829E-16,0.970142500145,-0.242535625036)
  );
#2590 = DIRECTION('',(-2.692686352073E-17,-0.242535625036,
    -0.970142500145));
#2591 = ADVANCED_FACE('',(#2592),#2598,.T.);
#2592 = FACE_BOUND('',#2593,.T.);
#2593 = EDGE_LOOP('',(#2594,#2595,#2596,#2597));
#2594 = ORIENTED_EDGE('',*,*,#1583,.T.);
#2595 = ORIENTED_EDGE('',*,*,#1545,.T.);
#2596 = ORIENTED_EDGE('',*,*,#2578,.F.);
#2597 = ORIENTED_EDGE('',*,*,#1609,.F.);
#2598 = PLANE('',#2599);
#2599 = AXIS2_PLACEMENT_3D('',#2600,#2601,#2602);
#2600 = CARTESIAN_POINT('',(-0.1,0.3,0.2));
#2601 = DIRECTION('',(1.110223024625E-16,1.,0.));
#2602 = DIRECTION('',(0.,0.,-1.));
#2603 = ADVANCED_FACE('',(#2604),#2615,.T.);
#2604 = FACE_BOUND('',#2605,.T.);
#2605 = EDGE_LOOP('',(#2606,#2607,#2608,#2609));
#2606 = ORIENTED_EDGE('',*,*,#1792,.T.);
#2607 = ORIENTED_EDGE('',*,*,#1655,.T.);
#2608 = ORIENTED_EDGE('',*,*,#1680,.T.);
#2609 = ORIENTED_EDGE('',*,*,#2610,.T.);
#2610 = EDGE_CURVE('',#1681,#1785,#2611,.T.);
#2611 = LINE('',#2612,#2613);
#2612 = CARTESIAN_POINT('',(0.1,-7.62,0.9));
#2613 = VECTOR('',#2614,1.);
#2614 = DIRECTION('',(-1.110223024625E-16,-1.,0.));
#2615 = PLANE('',#2616);
#2616 = AXIS2_PLACEMENT_3D('',#2617,#2618,#2619);
#2617 = CARTESIAN_POINT('',(-9.281001892939E-16,-7.62,0.9));
#2618 = DIRECTION('',(0.,0.,1.));
#2619 = DIRECTION('',(1.110223024625E-16,1.,-0.));
#2620 = ADVANCED_FACE('',(#2621),#2632,.T.);
#2621 = FACE_BOUND('',#2622,.T.);
#2622 = EDGE_LOOP('',(#2623,#2624,#2630,#2631));
#2623 = ORIENTED_EDGE('',*,*,#1760,.T.);
#2624 = ORIENTED_EDGE('',*,*,#2625,.F.);
#2625 = EDGE_CURVE('',#1705,#1761,#2626,.T.);
#2626 = LINE('',#2627,#2628);
#2627 = CARTESIAN_POINT('',(-0.1,-7.62,0.9));
#2628 = VECTOR('',#2629,1.);
#2629 = DIRECTION('',(-1.110223024625E-16,-1.,0.));
#2630 = ORIENTED_EDGE('',*,*,#1712,.T.);
#2631 = ORIENTED_EDGE('',*,*,#1735,.T.);
#2632 = PLANE('',#2633);
#2633 = AXIS2_PLACEMENT_3D('',#2634,#2635,#2636);
#2634 = CARTESIAN_POINT('',(-9.281001892939E-16,-7.62,0.9));
#2635 = DIRECTION('',(0.,0.,1.));
#2636 = DIRECTION('',(1.110223024625E-16,1.,-0.));
#2637 = ADVANCED_FACE('',(#2638),#2681,.T.);
#2638 = FACE_BOUND('',#2639,.T.);
#2639 = EDGE_LOOP('',(#2640,#2641,#2649,#2657,#2665,#2673,#2679,#2680));
#2640 = ORIENTED_EDGE('',*,*,#1768,.F.);
#2641 = ORIENTED_EDGE('',*,*,#2642,.T.);
#2642 = EDGE_CURVE('',#1769,#2643,#2645,.T.);
#2643 = VERTEX_POINT('',#2644);
#2644 = CARTESIAN_POINT('',(-0.1,-7.87,7.35));
#2645 = LINE('',#2646,#2647);
#2646 = CARTESIAN_POINT('',(-0.1,-7.92,7.4));
#2647 = VECTOR('',#2648,1.);
#2648 = DIRECTION('',(7.850462293414E-17,0.707106781187,-0.707106781187)
  );
#2649 = ORIENTED_EDGE('',*,*,#2650,.T.);
#2650 = EDGE_CURVE('',#2643,#2651,#2653,.T.);
#2651 = VERTEX_POINT('',#2652);
#2652 = CARTESIAN_POINT('',(-0.1,-7.87,1.25));
#2653 = LINE('',#2654,#2655);
#2654 = CARTESIAN_POINT('',(-0.1,-7.87,7.35));
#2655 = VECTOR('',#2656,1.);
#2656 = DIRECTION('',(0.,0.,-1.));
#2657 = ORIENTED_EDGE('',*,*,#2658,.T.);
#2658 = EDGE_CURVE('',#2651,#2659,#2661,.T.);
#2659 = VERTEX_POINT('',#2660);
#2660 = CARTESIAN_POINT('',(-0.1,-7.37,1.25));
#2661 = LINE('',#2662,#2663);
#2662 = CARTESIAN_POINT('',(-0.1,-7.87,1.25));
#2663 = VECTOR('',#2664,1.);
#2664 = DIRECTION('',(1.110223024625E-16,1.,0.));
#2665 = ORIENTED_EDGE('',*,*,#2666,.T.);
#2666 = EDGE_CURVE('',#2659,#2667,#2669,.T.);
#2667 = VERTEX_POINT('',#2668);
#2668 = CARTESIAN_POINT('',(-0.1,-7.37,7.35));
#2669 = LINE('',#2670,#2671);
#2670 = CARTESIAN_POINT('',(-0.1,-7.37,1.25));
#2671 = VECTOR('',#2672,1.);
#2672 = DIRECTION('',(0.,0.,1.));
#2673 = ORIENTED_EDGE('',*,*,#2674,.T.);
#2674 = EDGE_CURVE('',#2667,#1697,#2675,.T.);
#2675 = LINE('',#2676,#2677);
#2676 = CARTESIAN_POINT('',(-0.1,-7.37,7.35));
#2677 = VECTOR('',#2678,1.);
#2678 = DIRECTION('',(7.850462293414E-17,0.707106781187,0.707106781187)
  );
#2679 = ORIENTED_EDGE('',*,*,#1704,.F.);
#2680 = ORIENTED_EDGE('',*,*,#2625,.T.);
#2681 = PLANE('',#2682);
#2682 = AXIS2_PLACEMENT_3D('',#2683,#2684,#2685);
#2683 = CARTESIAN_POINT('',(-0.1,-7.62,3.911477598424));
#2684 = DIRECTION('',(-1.,1.110223024625E-16,0.));
#2685 = DIRECTION('',(0.,0.,1.));
#2686 = ADVANCED_FACE('',(#2687),#2705,.T.);
#2687 = FACE_BOUND('',#2688,.T.);
#2688 = EDGE_LOOP('',(#2689,#2697,#2703,#2704));
#2689 = ORIENTED_EDGE('',*,*,#2690,.T.);
#2690 = EDGE_CURVE('',#2667,#2691,#2693,.T.);
#2691 = VERTEX_POINT('',#2692);
#2692 = CARTESIAN_POINT('',(0.1,-7.37,7.35));
#2693 = LINE('',#2694,#2695);
#2694 = CARTESIAN_POINT('',(-0.1,-7.37,7.35));
#2695 = VECTOR('',#2696,1.);
#2696 = DIRECTION('',(1.,-1.110223024625E-16,0.));
#2697 = ORIENTED_EDGE('',*,*,#2698,.T.);
#2698 = EDGE_CURVE('',#2691,#1689,#2699,.T.);
#2699 = LINE('',#2700,#2701);
#2700 = CARTESIAN_POINT('',(0.1,-7.37,7.35));
#2701 = VECTOR('',#2702,1.);
#2702 = DIRECTION('',(7.850462293414E-17,0.707106781187,0.707106781187)
  );
#2703 = ORIENTED_EDGE('',*,*,#1696,.F.);
#2704 = ORIENTED_EDGE('',*,*,#2674,.F.);
#2705 = PLANE('',#2706);
#2706 = AXIS2_PLACEMENT_3D('',#2707,#2708,#2709);
#2707 = CARTESIAN_POINT('',(-0.1,-7.37,7.35));
#2708 = DIRECTION('',(-7.850462293414E-17,-0.707106781187,0.707106781187
    ));
#2709 = DIRECTION('',(7.850462293414E-17,0.707106781187,0.707106781187)
  );
#2710 = ADVANCED_FACE('',(#2711),#2747,.F.);
#2711 = FACE_BOUND('',#2712,.F.);
#2712 = EDGE_LOOP('',(#2713,#2714,#2722,#2730,#2738,#2744,#2745,#2746));
#2713 = ORIENTED_EDGE('',*,*,#1784,.F.);
#2714 = ORIENTED_EDGE('',*,*,#2715,.T.);
#2715 = EDGE_CURVE('',#1777,#2716,#2718,.T.);
#2716 = VERTEX_POINT('',#2717);
#2717 = CARTESIAN_POINT('',(0.1,-7.87,7.35));
#2718 = LINE('',#2719,#2720);
#2719 = CARTESIAN_POINT('',(0.1,-7.92,7.4));
#2720 = VECTOR('',#2721,1.);
#2721 = DIRECTION('',(7.850462293414E-17,0.707106781187,-0.707106781187)
  );
#2722 = ORIENTED_EDGE('',*,*,#2723,.T.);
#2723 = EDGE_CURVE('',#2716,#2724,#2726,.T.);
#2724 = VERTEX_POINT('',#2725);
#2725 = CARTESIAN_POINT('',(0.1,-7.87,1.25));
#2726 = LINE('',#2727,#2728);
#2727 = CARTESIAN_POINT('',(0.1,-7.87,7.35));
#2728 = VECTOR('',#2729,1.);
#2729 = DIRECTION('',(0.,0.,-1.));
#2730 = ORIENTED_EDGE('',*,*,#2731,.T.);
#2731 = EDGE_CURVE('',#2724,#2732,#2734,.T.);
#2732 = VERTEX_POINT('',#2733);
#2733 = CARTESIAN_POINT('',(0.1,-7.37,1.25));
#2734 = LINE('',#2735,#2736);
#2735 = CARTESIAN_POINT('',(0.1,-7.87,1.25));
#2736 = VECTOR('',#2737,1.);
#2737 = DIRECTION('',(1.110223024625E-16,1.,0.));
#2738 = ORIENTED_EDGE('',*,*,#2739,.T.);
#2739 = EDGE_CURVE('',#2732,#2691,#2740,.T.);
#2740 = LINE('',#2741,#2742);
#2741 = CARTESIAN_POINT('',(0.1,-7.37,1.25));
#2742 = VECTOR('',#2743,1.);
#2743 = DIRECTION('',(0.,0.,1.));
#2744 = ORIENTED_EDGE('',*,*,#2698,.T.);
#2745 = ORIENTED_EDGE('',*,*,#1688,.F.);
#2746 = ORIENTED_EDGE('',*,*,#2610,.T.);
#2747 = PLANE('',#2748);
#2748 = AXIS2_PLACEMENT_3D('',#2749,#2750,#2751);
#2749 = CARTESIAN_POINT('',(0.1,-7.62,3.911477598424));
#2750 = DIRECTION('',(-1.,1.110223024625E-16,0.));
#2751 = DIRECTION('',(0.,0.,1.));
#2752 = ADVANCED_FACE('',(#2753),#2764,.T.);
#2753 = FACE_BOUND('',#2754,.T.);
#2754 = EDGE_LOOP('',(#2755,#2756,#2757,#2763));
#2755 = ORIENTED_EDGE('',*,*,#1776,.T.);
#2756 = ORIENTED_EDGE('',*,*,#2715,.T.);
#2757 = ORIENTED_EDGE('',*,*,#2758,.F.);
#2758 = EDGE_CURVE('',#2643,#2716,#2759,.T.);
#2759 = LINE('',#2760,#2761);
#2760 = CARTESIAN_POINT('',(-0.1,-7.87,7.35));
#2761 = VECTOR('',#2762,1.);
#2762 = DIRECTION('',(1.,-1.110223024625E-16,0.));
#2763 = ORIENTED_EDGE('',*,*,#2642,.F.);
#2764 = PLANE('',#2765);
#2765 = AXIS2_PLACEMENT_3D('',#2766,#2767,#2768);
#2766 = CARTESIAN_POINT('',(-0.1,-7.92,7.4));
#2767 = DIRECTION('',(7.850462293414E-17,0.707106781187,0.707106781187)
  );
#2768 = DIRECTION('',(7.850462293414E-17,0.707106781187,-0.707106781187)
  );
#2769 = ADVANCED_FACE('',(#2770),#2781,.T.);
#2770 = FACE_BOUND('',#2771,.T.);
#2771 = EDGE_LOOP('',(#2772,#2773,#2774,#2775));
#2772 = ORIENTED_EDGE('',*,*,#1952,.T.);
#2773 = ORIENTED_EDGE('',*,*,#1815,.T.);
#2774 = ORIENTED_EDGE('',*,*,#1840,.T.);
#2775 = ORIENTED_EDGE('',*,*,#2776,.T.);
#2776 = EDGE_CURVE('',#1841,#1945,#2777,.T.);
#2777 = LINE('',#2778,#2779);
#2778 = CARTESIAN_POINT('',(0.1,-5.08,0.9));
#2779 = VECTOR('',#2780,1.);
#2780 = DIRECTION('',(-1.110223024625E-16,-1.,0.));
#2781 = PLANE('',#2782);
#2782 = AXIS2_PLACEMENT_3D('',#2783,#2784,#2785);
#2783 = CARTESIAN_POINT('',(-6.461035410391E-16,-5.08,0.9));
#2784 = DIRECTION('',(0.,0.,1.));
#2785 = DIRECTION('',(1.110223024625E-16,1.,-0.));
#2786 = ADVANCED_FACE('',(#2787),#2798,.T.);
#2787 = FACE_BOUND('',#2788,.T.);
#2788 = EDGE_LOOP('',(#2789,#2790,#2796,#2797));
#2789 = ORIENTED_EDGE('',*,*,#1920,.T.);
#2790 = ORIENTED_EDGE('',*,*,#2791,.F.);
#2791 = EDGE_CURVE('',#1865,#1921,#2792,.T.);
#2792 = LINE('',#2793,#2794);
#2793 = CARTESIAN_POINT('',(-0.1,-5.08,0.9));
#2794 = VECTOR('',#2795,1.);
#2795 = DIRECTION('',(-1.110223024625E-16,-1.,0.));
#2796 = ORIENTED_EDGE('',*,*,#1872,.T.);
#2797 = ORIENTED_EDGE('',*,*,#1895,.T.);
#2798 = PLANE('',#2799);
#2799 = AXIS2_PLACEMENT_3D('',#2800,#2801,#2802);
#2800 = CARTESIAN_POINT('',(-6.461035410391E-16,-5.08,0.9));
#2801 = DIRECTION('',(0.,0.,1.));
#2802 = DIRECTION('',(1.110223024625E-16,1.,-0.));
#2803 = ADVANCED_FACE('',(#2804),#2847,.T.);
#2804 = FACE_BOUND('',#2805,.T.);
#2805 = EDGE_LOOP('',(#2806,#2807,#2815,#2823,#2831,#2839,#2845,#2846));
#2806 = ORIENTED_EDGE('',*,*,#1928,.F.);
#2807 = ORIENTED_EDGE('',*,*,#2808,.T.);
#2808 = EDGE_CURVE('',#1929,#2809,#2811,.T.);
#2809 = VERTEX_POINT('',#2810);
#2810 = CARTESIAN_POINT('',(-0.1,-5.33,7.35));
#2811 = LINE('',#2812,#2813);
#2812 = CARTESIAN_POINT('',(-0.1,-5.38,7.4));
#2813 = VECTOR('',#2814,1.);
#2814 = DIRECTION('',(7.850462293414E-17,0.707106781187,-0.707106781187)
  );
#2815 = ORIENTED_EDGE('',*,*,#2816,.T.);
#2816 = EDGE_CURVE('',#2809,#2817,#2819,.T.);
#2817 = VERTEX_POINT('',#2818);
#2818 = CARTESIAN_POINT('',(-0.1,-5.33,1.25));
#2819 = LINE('',#2820,#2821);
#2820 = CARTESIAN_POINT('',(-0.1,-5.33,7.35));
#2821 = VECTOR('',#2822,1.);
#2822 = DIRECTION('',(0.,0.,-1.));
#2823 = ORIENTED_EDGE('',*,*,#2824,.T.);
#2824 = EDGE_CURVE('',#2817,#2825,#2827,.T.);
#2825 = VERTEX_POINT('',#2826);
#2826 = CARTESIAN_POINT('',(-0.1,-4.83,1.25));
#2827 = LINE('',#2828,#2829);
#2828 = CARTESIAN_POINT('',(-0.1,-5.33,1.25));
#2829 = VECTOR('',#2830,1.);
#2830 = DIRECTION('',(1.110223024625E-16,1.,0.));
#2831 = ORIENTED_EDGE('',*,*,#2832,.T.);
#2832 = EDGE_CURVE('',#2825,#2833,#2835,.T.);
#2833 = VERTEX_POINT('',#2834);
#2834 = CARTESIAN_POINT('',(-0.1,-4.83,7.35));
#2835 = LINE('',#2836,#2837);
#2836 = CARTESIAN_POINT('',(-0.1,-4.83,1.25));
#2837 = VECTOR('',#2838,1.);
#2838 = DIRECTION('',(0.,0.,1.));
#2839 = ORIENTED_EDGE('',*,*,#2840,.T.);
#2840 = EDGE_CURVE('',#2833,#1857,#2841,.T.);
#2841 = LINE('',#2842,#2843);
#2842 = CARTESIAN_POINT('',(-0.1,-4.83,7.35));
#2843 = VECTOR('',#2844,1.);
#2844 = DIRECTION('',(7.850462293414E-17,0.707106781187,0.707106781187)
  );
#2845 = ORIENTED_EDGE('',*,*,#1864,.F.);
#2846 = ORIENTED_EDGE('',*,*,#2791,.T.);
#2847 = PLANE('',#2848);
#2848 = AXIS2_PLACEMENT_3D('',#2849,#2850,#2851);
#2849 = CARTESIAN_POINT('',(-0.1,-5.08,3.911477598424));
#2850 = DIRECTION('',(-1.,1.110223024625E-16,0.));
#2851 = DIRECTION('',(0.,0.,1.));
#2852 = ADVANCED_FACE('',(#2853),#2871,.T.);
#2853 = FACE_BOUND('',#2854,.T.);
#2854 = EDGE_LOOP('',(#2855,#2863,#2869,#2870));
#2855 = ORIENTED_EDGE('',*,*,#2856,.T.);
#2856 = EDGE_CURVE('',#2833,#2857,#2859,.T.);
#2857 = VERTEX_POINT('',#2858);
#2858 = CARTESIAN_POINT('',(0.1,-4.83,7.35));
#2859 = LINE('',#2860,#2861);
#2860 = CARTESIAN_POINT('',(-0.1,-4.83,7.35));
#2861 = VECTOR('',#2862,1.);
#2862 = DIRECTION('',(1.,-1.110223024625E-16,0.));
#2863 = ORIENTED_EDGE('',*,*,#2864,.T.);
#2864 = EDGE_CURVE('',#2857,#1849,#2865,.T.);
#2865 = LINE('',#2866,#2867);
#2866 = CARTESIAN_POINT('',(0.1,-4.83,7.35));
#2867 = VECTOR('',#2868,1.);
#2868 = DIRECTION('',(7.850462293414E-17,0.707106781187,0.707106781187)
  );
#2869 = ORIENTED_EDGE('',*,*,#1856,.F.);
#2870 = ORIENTED_EDGE('',*,*,#2840,.F.);
#2871 = PLANE('',#2872);
#2872 = AXIS2_PLACEMENT_3D('',#2873,#2874,#2875);
#2873 = CARTESIAN_POINT('',(-0.1,-4.83,7.35));
#2874 = DIRECTION('',(-7.850462293414E-17,-0.707106781187,0.707106781187
    ));
#2875 = DIRECTION('',(7.850462293414E-17,0.707106781187,0.707106781187)
  );
#2876 = ADVANCED_FACE('',(#2877),#2913,.F.);
#2877 = FACE_BOUND('',#2878,.F.);
#2878 = EDGE_LOOP('',(#2879,#2880,#2888,#2896,#2904,#2910,#2911,#2912));
#2879 = ORIENTED_EDGE('',*,*,#1944,.F.);
#2880 = ORIENTED_EDGE('',*,*,#2881,.T.);
#2881 = EDGE_CURVE('',#1937,#2882,#2884,.T.);
#2882 = VERTEX_POINT('',#2883);
#2883 = CARTESIAN_POINT('',(0.1,-5.33,7.35));
#2884 = LINE('',#2885,#2886);
#2885 = CARTESIAN_POINT('',(0.1,-5.38,7.4));
#2886 = VECTOR('',#2887,1.);
#2887 = DIRECTION('',(7.850462293414E-17,0.707106781187,-0.707106781187)
  );
#2888 = ORIENTED_EDGE('',*,*,#2889,.T.);
#2889 = EDGE_CURVE('',#2882,#2890,#2892,.T.);
#2890 = VERTEX_POINT('',#2891);
#2891 = CARTESIAN_POINT('',(0.1,-5.33,1.25));
#2892 = LINE('',#2893,#2894);
#2893 = CARTESIAN_POINT('',(0.1,-5.33,7.35));
#2894 = VECTOR('',#2895,1.);
#2895 = DIRECTION('',(0.,0.,-1.));
#2896 = ORIENTED_EDGE('',*,*,#2897,.T.);
#2897 = EDGE_CURVE('',#2890,#2898,#2900,.T.);
#2898 = VERTEX_POINT('',#2899);
#2899 = CARTESIAN_POINT('',(0.1,-4.83,1.25));
#2900 = LINE('',#2901,#2902);
#2901 = CARTESIAN_POINT('',(0.1,-5.33,1.25));
#2902 = VECTOR('',#2903,1.);
#2903 = DIRECTION('',(1.110223024625E-16,1.,0.));
#2904 = ORIENTED_EDGE('',*,*,#2905,.T.);
#2905 = EDGE_CURVE('',#2898,#2857,#2906,.T.);
#2906 = LINE('',#2907,#2908);
#2907 = CARTESIAN_POINT('',(0.1,-4.83,1.25));
#2908 = VECTOR('',#2909,1.);
#2909 = DIRECTION('',(0.,0.,1.));
#2910 = ORIENTED_EDGE('',*,*,#2864,.T.);
#2911 = ORIENTED_EDGE('',*,*,#1848,.F.);
#2912 = ORIENTED_EDGE('',*,*,#2776,.T.);
#2913 = PLANE('',#2914);
#2914 = AXIS2_PLACEMENT_3D('',#2915,#2916,#2917);
#2915 = CARTESIAN_POINT('',(0.1,-5.08,3.911477598424));
#2916 = DIRECTION('',(-1.,1.110223024625E-16,0.));
#2917 = DIRECTION('',(0.,0.,1.));
#2918 = ADVANCED_FACE('',(#2919),#2930,.T.);
#2919 = FACE_BOUND('',#2920,.T.);
#2920 = EDGE_LOOP('',(#2921,#2922,#2923,#2929));
#2921 = ORIENTED_EDGE('',*,*,#1936,.T.);
#2922 = ORIENTED_EDGE('',*,*,#2881,.T.);
#2923 = ORIENTED_EDGE('',*,*,#2924,.F.);
#2924 = EDGE_CURVE('',#2809,#2882,#2925,.T.);
#2925 = LINE('',#2926,#2927);
#2926 = CARTESIAN_POINT('',(-0.1,-5.33,7.35));
#2927 = VECTOR('',#2928,1.);
#2928 = DIRECTION('',(1.,-1.110223024625E-16,0.));
#2929 = ORIENTED_EDGE('',*,*,#2808,.F.);
#2930 = PLANE('',#2931);
#2931 = AXIS2_PLACEMENT_3D('',#2932,#2933,#2934);
#2932 = CARTESIAN_POINT('',(-0.1,-5.38,7.4));
#2933 = DIRECTION('',(7.850462293414E-17,0.707106781187,0.707106781187)
  );
#2934 = DIRECTION('',(7.850462293414E-17,0.707106781187,-0.707106781187)
  );
#2935 = ADVANCED_FACE('',(#2936),#2947,.T.);
#2936 = FACE_BOUND('',#2937,.T.);
#2937 = EDGE_LOOP('',(#2938,#2939,#2940,#2941));
#2938 = ORIENTED_EDGE('',*,*,#2112,.T.);
#2939 = ORIENTED_EDGE('',*,*,#1975,.T.);
#2940 = ORIENTED_EDGE('',*,*,#2000,.T.);
#2941 = ORIENTED_EDGE('',*,*,#2942,.T.);
#2942 = EDGE_CURVE('',#2001,#2105,#2943,.T.);
#2943 = LINE('',#2944,#2945);
#2944 = CARTESIAN_POINT('',(0.1,-2.54,0.9));
#2945 = VECTOR('',#2946,1.);
#2946 = DIRECTION('',(-1.110223024625E-16,-1.,0.));
#2947 = PLANE('',#2948);
#2948 = AXIS2_PLACEMENT_3D('',#2949,#2950,#2951);
#2949 = CARTESIAN_POINT('',(-3.641068927844E-16,-2.54,0.9));
#2950 = DIRECTION('',(0.,0.,1.));
#2951 = DIRECTION('',(1.110223024625E-16,1.,-0.));
#2952 = ADVANCED_FACE('',(#2953),#2964,.T.);
#2953 = FACE_BOUND('',#2954,.T.);
#2954 = EDGE_LOOP('',(#2955,#2956,#2962,#2963));
#2955 = ORIENTED_EDGE('',*,*,#2080,.T.);
#2956 = ORIENTED_EDGE('',*,*,#2957,.F.);
#2957 = EDGE_CURVE('',#2025,#2081,#2958,.T.);
#2958 = LINE('',#2959,#2960);
#2959 = CARTESIAN_POINT('',(-0.1,-2.54,0.9));
#2960 = VECTOR('',#2961,1.);
#2961 = DIRECTION('',(-1.110223024625E-16,-1.,0.));
#2962 = ORIENTED_EDGE('',*,*,#2032,.T.);
#2963 = ORIENTED_EDGE('',*,*,#2055,.T.);
#2964 = PLANE('',#2965);
#2965 = AXIS2_PLACEMENT_3D('',#2966,#2967,#2968);
#2966 = CARTESIAN_POINT('',(-3.641068927844E-16,-2.54,0.9));
#2967 = DIRECTION('',(0.,0.,1.));
#2968 = DIRECTION('',(1.110223024625E-16,1.,-0.));
#2969 = ADVANCED_FACE('',(#2970),#3013,.T.);
#2970 = FACE_BOUND('',#2971,.T.);
#2971 = EDGE_LOOP('',(#2972,#2973,#2981,#2989,#2997,#3005,#3011,#3012));
#2972 = ORIENTED_EDGE('',*,*,#2088,.F.);
#2973 = ORIENTED_EDGE('',*,*,#2974,.T.);
#2974 = EDGE_CURVE('',#2089,#2975,#2977,.T.);
#2975 = VERTEX_POINT('',#2976);
#2976 = CARTESIAN_POINT('',(-0.1,-2.79,7.35));
#2977 = LINE('',#2978,#2979);
#2978 = CARTESIAN_POINT('',(-0.1,-2.84,7.4));
#2979 = VECTOR('',#2980,1.);
#2980 = DIRECTION('',(7.850462293414E-17,0.707106781187,-0.707106781187)
  );
#2981 = ORIENTED_EDGE('',*,*,#2982,.T.);
#2982 = EDGE_CURVE('',#2975,#2983,#2985,.T.);
#2983 = VERTEX_POINT('',#2984);
#2984 = CARTESIAN_POINT('',(-0.1,-2.79,1.25));
#2985 = LINE('',#2986,#2987);
#2986 = CARTESIAN_POINT('',(-0.1,-2.79,7.35));
#2987 = VECTOR('',#2988,1.);
#2988 = DIRECTION('',(0.,0.,-1.));
#2989 = ORIENTED_EDGE('',*,*,#2990,.T.);
#2990 = EDGE_CURVE('',#2983,#2991,#2993,.T.);
#2991 = VERTEX_POINT('',#2992);
#2992 = CARTESIAN_POINT('',(-0.1,-2.29,1.25));
#2993 = LINE('',#2994,#2995);
#2994 = CARTESIAN_POINT('',(-0.1,-2.79,1.25));
#2995 = VECTOR('',#2996,1.);
#2996 = DIRECTION('',(1.110223024625E-16,1.,0.));
#2997 = ORIENTED_EDGE('',*,*,#2998,.T.);
#2998 = EDGE_CURVE('',#2991,#2999,#3001,.T.);
#2999 = VERTEX_POINT('',#3000);
#3000 = CARTESIAN_POINT('',(-0.1,-2.29,7.35));
#3001 = LINE('',#3002,#3003);
#3002 = CARTESIAN_POINT('',(-0.1,-2.29,1.25));
#3003 = VECTOR('',#3004,1.);
#3004 = DIRECTION('',(0.,0.,1.));
#3005 = ORIENTED_EDGE('',*,*,#3006,.T.);
#3006 = EDGE_CURVE('',#2999,#2017,#3007,.T.);
#3007 = LINE('',#3008,#3009);
#3008 = CARTESIAN_POINT('',(-0.1,-2.29,7.35));
#3009 = VECTOR('',#3010,1.);
#3010 = DIRECTION('',(7.850462293414E-17,0.707106781187,0.707106781187)
  );
#3011 = ORIENTED_EDGE('',*,*,#2024,.F.);
#3012 = ORIENTED_EDGE('',*,*,#2957,.T.);
#3013 = PLANE('',#3014);
#3014 = AXIS2_PLACEMENT_3D('',#3015,#3016,#3017);
#3015 = CARTESIAN_POINT('',(-0.1,-2.54,3.911477598424));
#3016 = DIRECTION('',(-1.,1.110223024625E-16,0.));
#3017 = DIRECTION('',(0.,0.,1.));
#3018 = ADVANCED_FACE('',(#3019),#3037,.T.);
#3019 = FACE_BOUND('',#3020,.T.);
#3020 = EDGE_LOOP('',(#3021,#3029,#3035,#3036));
#3021 = ORIENTED_EDGE('',*,*,#3022,.T.);
#3022 = EDGE_CURVE('',#2999,#3023,#3025,.T.);
#3023 = VERTEX_POINT('',#3024);
#3024 = CARTESIAN_POINT('',(0.1,-2.29,7.35));
#3025 = LINE('',#3026,#3027);
#3026 = CARTESIAN_POINT('',(-0.1,-2.29,7.35));
#3027 = VECTOR('',#3028,1.);
#3028 = DIRECTION('',(1.,-1.110223024625E-16,0.));
#3029 = ORIENTED_EDGE('',*,*,#3030,.T.);
#3030 = EDGE_CURVE('',#3023,#2009,#3031,.T.);
#3031 = LINE('',#3032,#3033);
#3032 = CARTESIAN_POINT('',(0.1,-2.29,7.35));
#3033 = VECTOR('',#3034,1.);
#3034 = DIRECTION('',(7.850462293414E-17,0.707106781187,0.707106781187)
  );
#3035 = ORIENTED_EDGE('',*,*,#2016,.F.);
#3036 = ORIENTED_EDGE('',*,*,#3006,.F.);
#3037 = PLANE('',#3038);
#3038 = AXIS2_PLACEMENT_3D('',#3039,#3040,#3041);
#3039 = CARTESIAN_POINT('',(-0.1,-2.29,7.35));
#3040 = DIRECTION('',(-7.850462293414E-17,-0.707106781187,0.707106781187
    ));
#3041 = DIRECTION('',(7.850462293414E-17,0.707106781187,0.707106781187)
  );
#3042 = ADVANCED_FACE('',(#3043),#3079,.F.);
#3043 = FACE_BOUND('',#3044,.F.);
#3044 = EDGE_LOOP('',(#3045,#3046,#3054,#3062,#3070,#3076,#3077,#3078));
#3045 = ORIENTED_EDGE('',*,*,#2104,.F.);
#3046 = ORIENTED_EDGE('',*,*,#3047,.T.);
#3047 = EDGE_CURVE('',#2097,#3048,#3050,.T.);
#3048 = VERTEX_POINT('',#3049);
#3049 = CARTESIAN_POINT('',(0.1,-2.79,7.35));
#3050 = LINE('',#3051,#3052);
#3051 = CARTESIAN_POINT('',(0.1,-2.84,7.4));
#3052 = VECTOR('',#3053,1.);
#3053 = DIRECTION('',(7.850462293414E-17,0.707106781187,-0.707106781187)
  );
#3054 = ORIENTED_EDGE('',*,*,#3055,.T.);
#3055 = EDGE_CURVE('',#3048,#3056,#3058,.T.);
#3056 = VERTEX_POINT('',#3057);
#3057 = CARTESIAN_POINT('',(0.1,-2.79,1.25));
#3058 = LINE('',#3059,#3060);
#3059 = CARTESIAN_POINT('',(0.1,-2.79,7.35));
#3060 = VECTOR('',#3061,1.);
#3061 = DIRECTION('',(0.,0.,-1.));
#3062 = ORIENTED_EDGE('',*,*,#3063,.T.);
#3063 = EDGE_CURVE('',#3056,#3064,#3066,.T.);
#3064 = VERTEX_POINT('',#3065);
#3065 = CARTESIAN_POINT('',(0.1,-2.29,1.25));
#3066 = LINE('',#3067,#3068);
#3067 = CARTESIAN_POINT('',(0.1,-2.79,1.25));
#3068 = VECTOR('',#3069,1.);
#3069 = DIRECTION('',(1.110223024625E-16,1.,0.));
#3070 = ORIENTED_EDGE('',*,*,#3071,.T.);
#3071 = EDGE_CURVE('',#3064,#3023,#3072,.T.);
#3072 = LINE('',#3073,#3074);
#3073 = CARTESIAN_POINT('',(0.1,-2.29,1.25));
#3074 = VECTOR('',#3075,1.);
#3075 = DIRECTION('',(0.,0.,1.));
#3076 = ORIENTED_EDGE('',*,*,#3030,.T.);
#3077 = ORIENTED_EDGE('',*,*,#2008,.F.);
#3078 = ORIENTED_EDGE('',*,*,#2942,.T.);
#3079 = PLANE('',#3080);
#3080 = AXIS2_PLACEMENT_3D('',#3081,#3082,#3083);
#3081 = CARTESIAN_POINT('',(0.1,-2.54,3.911477598424));
#3082 = DIRECTION('',(-1.,1.110223024625E-16,0.));
#3083 = DIRECTION('',(0.,0.,1.));
#3084 = ADVANCED_FACE('',(#3085),#3096,.T.);
#3085 = FACE_BOUND('',#3086,.T.);
#3086 = EDGE_LOOP('',(#3087,#3088,#3089,#3095));
#3087 = ORIENTED_EDGE('',*,*,#2096,.T.);
#3088 = ORIENTED_EDGE('',*,*,#3047,.T.);
#3089 = ORIENTED_EDGE('',*,*,#3090,.F.);
#3090 = EDGE_CURVE('',#2975,#3048,#3091,.T.);
#3091 = LINE('',#3092,#3093);
#3092 = CARTESIAN_POINT('',(-0.1,-2.79,7.35));
#3093 = VECTOR('',#3094,1.);
#3094 = DIRECTION('',(1.,-1.110223024625E-16,0.));
#3095 = ORIENTED_EDGE('',*,*,#2974,.F.);
#3096 = PLANE('',#3097);
#3097 = AXIS2_PLACEMENT_3D('',#3098,#3099,#3100);
#3098 = CARTESIAN_POINT('',(-0.1,-2.84,7.4));
#3099 = DIRECTION('',(7.850462293414E-17,0.707106781187,0.707106781187)
  );
#3100 = DIRECTION('',(7.850462293414E-17,0.707106781187,-0.707106781187)
  );
#3101 = ADVANCED_FACE('',(#3102),#3113,.T.);
#3102 = FACE_BOUND('',#3103,.T.);
#3103 = EDGE_LOOP('',(#3104,#3105,#3106,#3107));
#3104 = ORIENTED_EDGE('',*,*,#2272,.T.);
#3105 = ORIENTED_EDGE('',*,*,#2135,.T.);
#3106 = ORIENTED_EDGE('',*,*,#2160,.T.);
#3107 = ORIENTED_EDGE('',*,*,#3108,.T.);
#3108 = EDGE_CURVE('',#2161,#2265,#3109,.T.);
#3109 = LINE('',#3110,#3111);
#3110 = CARTESIAN_POINT('',(0.1,4.329869796038E-16,0.9));
#3111 = VECTOR('',#3112,1.);
#3112 = DIRECTION('',(-1.110223024625E-16,-1.,0.));
#3113 = PLANE('',#3114);
#3114 = AXIS2_PLACEMENT_3D('',#3115,#3116,#3117);
#3115 = CARTESIAN_POINT('',(-8.211024452957E-17,8.881784197001E-16,0.9)
  );
#3116 = DIRECTION('',(0.,0.,1.));
#3117 = DIRECTION('',(1.110223024625E-16,1.,-0.));
#3118 = ADVANCED_FACE('',(#3119),#3130,.T.);
#3119 = FACE_BOUND('',#3120,.T.);
#3120 = EDGE_LOOP('',(#3121,#3122,#3128,#3129));
#3121 = ORIENTED_EDGE('',*,*,#2240,.T.);
#3122 = ORIENTED_EDGE('',*,*,#3123,.F.);
#3123 = EDGE_CURVE('',#2185,#2241,#3124,.T.);
#3124 = LINE('',#3125,#3126);
#3125 = CARTESIAN_POINT('',(-0.1,4.551914400963E-16,0.9));
#3126 = VECTOR('',#3127,1.);
#3127 = DIRECTION('',(-1.110223024625E-16,-1.,0.));
#3128 = ORIENTED_EDGE('',*,*,#2192,.T.);
#3129 = ORIENTED_EDGE('',*,*,#2215,.T.);
#3130 = PLANE('',#3131);
#3131 = AXIS2_PLACEMENT_3D('',#3132,#3133,#3134);
#3132 = CARTESIAN_POINT('',(-8.211024452957E-17,8.881784197001E-16,0.9)
  );
#3133 = DIRECTION('',(0.,0.,1.));
#3134 = DIRECTION('',(1.110223024625E-16,1.,-0.));
#3135 = ADVANCED_FACE('',(#3136),#3179,.T.);
#3136 = FACE_BOUND('',#3137,.T.);
#3137 = EDGE_LOOP('',(#3138,#3139,#3147,#3155,#3163,#3171,#3177,#3178));
#3138 = ORIENTED_EDGE('',*,*,#2248,.F.);
#3139 = ORIENTED_EDGE('',*,*,#3140,.T.);
#3140 = EDGE_CURVE('',#2249,#3141,#3143,.T.);
#3141 = VERTEX_POINT('',#3142);
#3142 = CARTESIAN_POINT('',(-0.1,-0.25,7.35));
#3143 = LINE('',#3144,#3145);
#3144 = CARTESIAN_POINT('',(-0.1,-0.3,7.4));
#3145 = VECTOR('',#3146,1.);
#3146 = DIRECTION('',(7.850462293414E-17,0.707106781187,-0.707106781187)
  );
#3147 = ORIENTED_EDGE('',*,*,#3148,.T.);
#3148 = EDGE_CURVE('',#3141,#3149,#3151,.T.);
#3149 = VERTEX_POINT('',#3150);
#3150 = CARTESIAN_POINT('',(-0.1,-0.25,1.25));
#3151 = LINE('',#3152,#3153);
#3152 = CARTESIAN_POINT('',(-0.1,-0.25,7.35));
#3153 = VECTOR('',#3154,1.);
#3154 = DIRECTION('',(0.,0.,-1.));
#3155 = ORIENTED_EDGE('',*,*,#3156,.T.);
#3156 = EDGE_CURVE('',#3149,#3157,#3159,.T.);
#3157 = VERTEX_POINT('',#3158);
#3158 = CARTESIAN_POINT('',(-0.1,0.25,1.25));
#3159 = LINE('',#3160,#3161);
#3160 = CARTESIAN_POINT('',(-0.1,-0.25,1.25));
#3161 = VECTOR('',#3162,1.);
#3162 = DIRECTION('',(1.110223024625E-16,1.,0.));
#3163 = ORIENTED_EDGE('',*,*,#3164,.T.);
#3164 = EDGE_CURVE('',#3157,#3165,#3167,.T.);
#3165 = VERTEX_POINT('',#3166);
#3166 = CARTESIAN_POINT('',(-0.1,0.25,7.35));
#3167 = LINE('',#3168,#3169);
#3168 = CARTESIAN_POINT('',(-0.1,0.25,1.25));
#3169 = VECTOR('',#3170,1.);
#3170 = DIRECTION('',(0.,0.,1.));
#3171 = ORIENTED_EDGE('',*,*,#3172,.T.);
#3172 = EDGE_CURVE('',#3165,#2177,#3173,.T.);
#3173 = LINE('',#3174,#3175);
#3174 = CARTESIAN_POINT('',(-0.1,0.25,7.35));
#3175 = VECTOR('',#3176,1.);
#3176 = DIRECTION('',(7.850462293414E-17,0.707106781187,0.707106781187)
  );
#3177 = ORIENTED_EDGE('',*,*,#2184,.F.);
#3178 = ORIENTED_EDGE('',*,*,#3123,.T.);
#3179 = PLANE('',#3180);
#3180 = AXIS2_PLACEMENT_3D('',#3181,#3182,#3183);
#3181 = CARTESIAN_POINT('',(-0.1,1.110223024625E-17,3.911477598424));
#3182 = DIRECTION('',(-1.,1.110223024625E-16,0.));
#3183 = DIRECTION('',(0.,0.,1.));
#3184 = ADVANCED_FACE('',(#3185),#3203,.T.);
#3185 = FACE_BOUND('',#3186,.T.);
#3186 = EDGE_LOOP('',(#3187,#3195,#3201,#3202));
#3187 = ORIENTED_EDGE('',*,*,#3188,.T.);
#3188 = EDGE_CURVE('',#3165,#3189,#3191,.T.);
#3189 = VERTEX_POINT('',#3190);
#3190 = CARTESIAN_POINT('',(0.1,0.25,7.35));
#3191 = LINE('',#3192,#3193);
#3192 = CARTESIAN_POINT('',(-0.1,0.25,7.35));
#3193 = VECTOR('',#3194,1.);
#3194 = DIRECTION('',(1.,-1.110223024625E-16,0.));
#3195 = ORIENTED_EDGE('',*,*,#3196,.T.);
#3196 = EDGE_CURVE('',#3189,#2169,#3197,.T.);
#3197 = LINE('',#3198,#3199);
#3198 = CARTESIAN_POINT('',(0.1,0.25,7.35));
#3199 = VECTOR('',#3200,1.);
#3200 = DIRECTION('',(7.850462293414E-17,0.707106781187,0.707106781187)
  );
#3201 = ORIENTED_EDGE('',*,*,#2176,.F.);
#3202 = ORIENTED_EDGE('',*,*,#3172,.F.);
#3203 = PLANE('',#3204);
#3204 = AXIS2_PLACEMENT_3D('',#3205,#3206,#3207);
#3205 = CARTESIAN_POINT('',(-0.1,0.25,7.35));
#3206 = DIRECTION('',(-7.850462293414E-17,-0.707106781187,0.707106781187
    ));
#3207 = DIRECTION('',(7.850462293414E-17,0.707106781187,0.707106781187)
  );
#3208 = ADVANCED_FACE('',(#3209),#3245,.F.);
#3209 = FACE_BOUND('',#3210,.F.);
#3210 = EDGE_LOOP('',(#3211,#3212,#3220,#3228,#3236,#3242,#3243,#3244));
#3211 = ORIENTED_EDGE('',*,*,#2264,.F.);
#3212 = ORIENTED_EDGE('',*,*,#3213,.T.);
#3213 = EDGE_CURVE('',#2257,#3214,#3216,.T.);
#3214 = VERTEX_POINT('',#3215);
#3215 = CARTESIAN_POINT('',(0.1,-0.25,7.35));
#3216 = LINE('',#3217,#3218);
#3217 = CARTESIAN_POINT('',(0.1,-0.3,7.4));
#3218 = VECTOR('',#3219,1.);
#3219 = DIRECTION('',(7.850462293414E-17,0.707106781187,-0.707106781187)
  );
#3220 = ORIENTED_EDGE('',*,*,#3221,.T.);
#3221 = EDGE_CURVE('',#3214,#3222,#3224,.T.);
#3222 = VERTEX_POINT('',#3223);
#3223 = CARTESIAN_POINT('',(0.1,-0.25,1.25));
#3224 = LINE('',#3225,#3226);
#3225 = CARTESIAN_POINT('',(0.1,-0.25,7.35));
#3226 = VECTOR('',#3227,1.);
#3227 = DIRECTION('',(0.,0.,-1.));
#3228 = ORIENTED_EDGE('',*,*,#3229,.T.);
#3229 = EDGE_CURVE('',#3222,#3230,#3232,.T.);
#3230 = VERTEX_POINT('',#3231);
#3231 = CARTESIAN_POINT('',(0.1,0.25,1.25));
#3232 = LINE('',#3233,#3234);
#3233 = CARTESIAN_POINT('',(0.1,-0.25,1.25));
#3234 = VECTOR('',#3235,1.);
#3235 = DIRECTION('',(1.110223024625E-16,1.,0.));
#3236 = ORIENTED_EDGE('',*,*,#3237,.T.);
#3237 = EDGE_CURVE('',#3230,#3189,#3238,.T.);
#3238 = LINE('',#3239,#3240);
#3239 = CARTESIAN_POINT('',(0.1,0.25,1.25));
#3240 = VECTOR('',#3241,1.);
#3241 = DIRECTION('',(0.,0.,1.));
#3242 = ORIENTED_EDGE('',*,*,#3196,.T.);
#3243 = ORIENTED_EDGE('',*,*,#2168,.F.);
#3244 = ORIENTED_EDGE('',*,*,#3108,.T.);
#3245 = PLANE('',#3246);
#3246 = AXIS2_PLACEMENT_3D('',#3247,#3248,#3249);
#3247 = CARTESIAN_POINT('',(0.1,-1.110223024625E-17,3.911477598424));
#3248 = DIRECTION('',(-1.,1.110223024625E-16,0.));
#3249 = DIRECTION('',(0.,0.,1.));
#3250 = ADVANCED_FACE('',(#3251),#3262,.T.);
#3251 = FACE_BOUND('',#3252,.T.);
#3252 = EDGE_LOOP('',(#3253,#3254,#3255,#3261));
#3253 = ORIENTED_EDGE('',*,*,#2256,.T.);
#3254 = ORIENTED_EDGE('',*,*,#3213,.T.);
#3255 = ORIENTED_EDGE('',*,*,#3256,.F.);
#3256 = EDGE_CURVE('',#3141,#3214,#3257,.T.);
#3257 = LINE('',#3258,#3259);
#3258 = CARTESIAN_POINT('',(-0.1,-0.25,7.35));
#3259 = VECTOR('',#3260,1.);
#3260 = DIRECTION('',(1.,-1.110223024625E-16,0.));
#3261 = ORIENTED_EDGE('',*,*,#3140,.F.);
#3262 = PLANE('',#3263);
#3263 = AXIS2_PLACEMENT_3D('',#3264,#3265,#3266);
#3264 = CARTESIAN_POINT('',(-0.1,-0.3,7.4));
#3265 = DIRECTION('',(7.850462293414E-17,0.707106781187,0.707106781187)
  );
#3266 = DIRECTION('',(7.850462293414E-17,0.707106781187,-0.707106781187)
  );
#3267 = ADVANCED_FACE('',(#3268),#3279,.T.);
#3268 = FACE_BOUND('',#3269,.T.);
#3269 = EDGE_LOOP('',(#3270,#3276,#3277,#3278));
#3270 = ORIENTED_EDGE('',*,*,#3271,.T.);
#3271 = EDGE_CURVE('',#2659,#2732,#3272,.T.);
#3272 = LINE('',#3273,#3274);
#3273 = CARTESIAN_POINT('',(-0.1,-7.37,1.25));
#3274 = VECTOR('',#3275,1.);
#3275 = DIRECTION('',(1.,-1.110223024625E-16,0.));
#3276 = ORIENTED_EDGE('',*,*,#2739,.T.);
#3277 = ORIENTED_EDGE('',*,*,#2690,.F.);
#3278 = ORIENTED_EDGE('',*,*,#2666,.F.);
#3279 = PLANE('',#3280);
#3280 = AXIS2_PLACEMENT_3D('',#3281,#3282,#3283);
#3281 = CARTESIAN_POINT('',(-0.1,-7.37,1.25));
#3282 = DIRECTION('',(-1.110223024625E-16,-1.,0.));
#3283 = DIRECTION('',(0.,0.,1.));
#3284 = ADVANCED_FACE('',(#3285),#3296,.T.);
#3285 = FACE_BOUND('',#3286,.T.);
#3286 = EDGE_LOOP('',(#3287,#3293,#3294,#3295));
#3287 = ORIENTED_EDGE('',*,*,#3288,.T.);
#3288 = EDGE_CURVE('',#2651,#2724,#3289,.T.);
#3289 = LINE('',#3290,#3291);
#3290 = CARTESIAN_POINT('',(-0.1,-7.87,1.25));
#3291 = VECTOR('',#3292,1.);
#3292 = DIRECTION('',(1.,-1.110223024625E-16,0.));
#3293 = ORIENTED_EDGE('',*,*,#2731,.T.);
#3294 = ORIENTED_EDGE('',*,*,#3271,.F.);
#3295 = ORIENTED_EDGE('',*,*,#2658,.F.);
#3296 = PLANE('',#3297);
#3297 = AXIS2_PLACEMENT_3D('',#3298,#3299,#3300);
#3298 = CARTESIAN_POINT('',(-0.1,-7.87,1.25));
#3299 = DIRECTION('',(0.,0.,1.));
#3300 = DIRECTION('',(1.110223024625E-16,1.,-0.));
#3301 = ADVANCED_FACE('',(#3302),#3308,.T.);
#3302 = FACE_BOUND('',#3303,.T.);
#3303 = EDGE_LOOP('',(#3304,#3305,#3306,#3307));
#3304 = ORIENTED_EDGE('',*,*,#2758,.T.);
#3305 = ORIENTED_EDGE('',*,*,#2723,.T.);
#3306 = ORIENTED_EDGE('',*,*,#3288,.F.);
#3307 = ORIENTED_EDGE('',*,*,#2650,.F.);
#3308 = PLANE('',#3309);
#3309 = AXIS2_PLACEMENT_3D('',#3310,#3311,#3312);
#3310 = CARTESIAN_POINT('',(-0.1,-7.87,7.35));
#3311 = DIRECTION('',(1.110223024625E-16,1.,0.));
#3312 = DIRECTION('',(0.,0.,-1.));
#3313 = ADVANCED_FACE('',(#3314),#3325,.T.);
#3314 = FACE_BOUND('',#3315,.T.);
#3315 = EDGE_LOOP('',(#3316,#3322,#3323,#3324));
#3316 = ORIENTED_EDGE('',*,*,#3317,.T.);
#3317 = EDGE_CURVE('',#2825,#2898,#3318,.T.);
#3318 = LINE('',#3319,#3320);
#3319 = CARTESIAN_POINT('',(-0.1,-4.83,1.25));
#3320 = VECTOR('',#3321,1.);
#3321 = DIRECTION('',(1.,-1.110223024625E-16,0.));
#3322 = ORIENTED_EDGE('',*,*,#2905,.T.);
#3323 = ORIENTED_EDGE('',*,*,#2856,.F.);
#3324 = ORIENTED_EDGE('',*,*,#2832,.F.);
#3325 = PLANE('',#3326);
#3326 = AXIS2_PLACEMENT_3D('',#3327,#3328,#3329);
#3327 = CARTESIAN_POINT('',(-0.1,-4.83,1.25));
#3328 = DIRECTION('',(-1.110223024625E-16,-1.,0.));
#3329 = DIRECTION('',(0.,0.,1.));
#3330 = ADVANCED_FACE('',(#3331),#3342,.T.);
#3331 = FACE_BOUND('',#3332,.T.);
#3332 = EDGE_LOOP('',(#3333,#3339,#3340,#3341));
#3333 = ORIENTED_EDGE('',*,*,#3334,.T.);
#3334 = EDGE_CURVE('',#2817,#2890,#3335,.T.);
#3335 = LINE('',#3336,#3337);
#3336 = CARTESIAN_POINT('',(-0.1,-5.33,1.25));
#3337 = VECTOR('',#3338,1.);
#3338 = DIRECTION('',(1.,-1.110223024625E-16,0.));
#3339 = ORIENTED_EDGE('',*,*,#2897,.T.);
#3340 = ORIENTED_EDGE('',*,*,#3317,.F.);
#3341 = ORIENTED_EDGE('',*,*,#2824,.F.);
#3342 = PLANE('',#3343);
#3343 = AXIS2_PLACEMENT_3D('',#3344,#3345,#3346);
#3344 = CARTESIAN_POINT('',(-0.1,-5.33,1.25));
#3345 = DIRECTION('',(0.,0.,1.));
#3346 = DIRECTION('',(1.110223024625E-16,1.,-0.));
#3347 = ADVANCED_FACE('',(#3348),#3354,.T.);
#3348 = FACE_BOUND('',#3349,.T.);
#3349 = EDGE_LOOP('',(#3350,#3351,#3352,#3353));
#3350 = ORIENTED_EDGE('',*,*,#2924,.T.);
#3351 = ORIENTED_EDGE('',*,*,#2889,.T.);
#3352 = ORIENTED_EDGE('',*,*,#3334,.F.);
#3353 = ORIENTED_EDGE('',*,*,#2816,.F.);
#3354 = PLANE('',#3355);
#3355 = AXIS2_PLACEMENT_3D('',#3356,#3357,#3358);
#3356 = CARTESIAN_POINT('',(-0.1,-5.33,7.35));
#3357 = DIRECTION('',(1.110223024625E-16,1.,0.));
#3358 = DIRECTION('',(0.,0.,-1.));
#3359 = ADVANCED_FACE('',(#3360),#3371,.T.);
#3360 = FACE_BOUND('',#3361,.T.);
#3361 = EDGE_LOOP('',(#3362,#3368,#3369,#3370));
#3362 = ORIENTED_EDGE('',*,*,#3363,.T.);
#3363 = EDGE_CURVE('',#2991,#3064,#3364,.T.);
#3364 = LINE('',#3365,#3366);
#3365 = CARTESIAN_POINT('',(-0.1,-2.29,1.25));
#3366 = VECTOR('',#3367,1.);
#3367 = DIRECTION('',(1.,-1.110223024625E-16,0.));
#3368 = ORIENTED_EDGE('',*,*,#3071,.T.);
#3369 = ORIENTED_EDGE('',*,*,#3022,.F.);
#3370 = ORIENTED_EDGE('',*,*,#2998,.F.);
#3371 = PLANE('',#3372);
#3372 = AXIS2_PLACEMENT_3D('',#3373,#3374,#3375);
#3373 = CARTESIAN_POINT('',(-0.1,-2.29,1.25));
#3374 = DIRECTION('',(-1.110223024625E-16,-1.,0.));
#3375 = DIRECTION('',(0.,0.,1.));
#3376 = ADVANCED_FACE('',(#3377),#3388,.T.);
#3377 = FACE_BOUND('',#3378,.T.);
#3378 = EDGE_LOOP('',(#3379,#3385,#3386,#3387));
#3379 = ORIENTED_EDGE('',*,*,#3380,.T.);
#3380 = EDGE_CURVE('',#2983,#3056,#3381,.T.);
#3381 = LINE('',#3382,#3383);
#3382 = CARTESIAN_POINT('',(-0.1,-2.79,1.25));
#3383 = VECTOR('',#3384,1.);
#3384 = DIRECTION('',(1.,-1.110223024625E-16,0.));
#3385 = ORIENTED_EDGE('',*,*,#3063,.T.);
#3386 = ORIENTED_EDGE('',*,*,#3363,.F.);
#3387 = ORIENTED_EDGE('',*,*,#2990,.F.);
#3388 = PLANE('',#3389);
#3389 = AXIS2_PLACEMENT_3D('',#3390,#3391,#3392);
#3390 = CARTESIAN_POINT('',(-0.1,-2.79,1.25));
#3391 = DIRECTION('',(0.,0.,1.));
#3392 = DIRECTION('',(1.110223024625E-16,1.,-0.));
#3393 = ADVANCED_FACE('',(#3394),#3400,.T.);
#3394 = FACE_BOUND('',#3395,.T.);
#3395 = EDGE_LOOP('',(#3396,#3397,#3398,#3399));
#3396 = ORIENTED_EDGE('',*,*,#3090,.T.);
#3397 = ORIENTED_EDGE('',*,*,#3055,.T.);
#3398 = ORIENTED_EDGE('',*,*,#3380,.F.);
#3399 = ORIENTED_EDGE('',*,*,#2982,.F.);
#3400 = PLANE('',#3401);
#3401 = AXIS2_PLACEMENT_3D('',#3402,#3403,#3404);
#3402 = CARTESIAN_POINT('',(-0.1,-2.79,7.35));
#3403 = DIRECTION('',(1.110223024625E-16,1.,0.));
#3404 = DIRECTION('',(0.,0.,-1.));
#3405 = ADVANCED_FACE('',(#3406),#3417,.T.);
#3406 = FACE_BOUND('',#3407,.T.);
#3407 = EDGE_LOOP('',(#3408,#3414,#3415,#3416));
#3408 = ORIENTED_EDGE('',*,*,#3409,.T.);
#3409 = EDGE_CURVE('',#3157,#3230,#3410,.T.);
#3410 = LINE('',#3411,#3412);
#3411 = CARTESIAN_POINT('',(-0.1,0.25,1.25));
#3412 = VECTOR('',#3413,1.);
#3413 = DIRECTION('',(1.,-1.110223024625E-16,0.));
#3414 = ORIENTED_EDGE('',*,*,#3237,.T.);
#3415 = ORIENTED_EDGE('',*,*,#3188,.F.);
#3416 = ORIENTED_EDGE('',*,*,#3164,.F.);
#3417 = PLANE('',#3418);
#3418 = AXIS2_PLACEMENT_3D('',#3419,#3420,#3421);
#3419 = CARTESIAN_POINT('',(-0.1,0.25,1.25));
#3420 = DIRECTION('',(-1.110223024625E-16,-1.,0.));
#3421 = DIRECTION('',(0.,0.,1.));
#3422 = ADVANCED_FACE('',(#3423),#3434,.T.);
#3423 = FACE_BOUND('',#3424,.T.);
#3424 = EDGE_LOOP('',(#3425,#3431,#3432,#3433));
#3425 = ORIENTED_EDGE('',*,*,#3426,.T.);
#3426 = EDGE_CURVE('',#3149,#3222,#3427,.T.);
#3427 = LINE('',#3428,#3429);
#3428 = CARTESIAN_POINT('',(-0.1,-0.25,1.25));
#3429 = VECTOR('',#3430,1.);
#3430 = DIRECTION('',(1.,-1.110223024625E-16,0.));
#3431 = ORIENTED_EDGE('',*,*,#3229,.T.);
#3432 = ORIENTED_EDGE('',*,*,#3409,.F.);
#3433 = ORIENTED_EDGE('',*,*,#3156,.F.);
#3434 = PLANE('',#3435);
#3435 = AXIS2_PLACEMENT_3D('',#3436,#3437,#3438);
#3436 = CARTESIAN_POINT('',(-0.1,-0.25,1.25));
#3437 = DIRECTION('',(0.,0.,1.));
#3438 = DIRECTION('',(1.110223024625E-16,1.,-0.));
#3439 = ADVANCED_FACE('',(#3440),#3446,.T.);
#3440 = FACE_BOUND('',#3441,.T.);
#3441 = EDGE_LOOP('',(#3442,#3443,#3444,#3445));
#3442 = ORIENTED_EDGE('',*,*,#3256,.T.);
#3443 = ORIENTED_EDGE('',*,*,#3221,.T.);
#3444 = ORIENTED_EDGE('',*,*,#3426,.F.);
#3445 = ORIENTED_EDGE('',*,*,#3148,.F.);
#3446 = PLANE('',#3447);
#3447 = AXIS2_PLACEMENT_3D('',#3448,#3449,#3450);
#3448 = CARTESIAN_POINT('',(-0.1,-0.25,7.35));
#3449 = DIRECTION('',(1.110223024625E-16,1.,0.));
#3450 = DIRECTION('',(0.,0.,-1.));
#3451 = ( GEOMETRIC_REPRESENTATION_CONTEXT(3) 
GLOBAL_UNCERTAINTY_ASSIGNED_CONTEXT((#3455)) 
GLOBAL_UNIT_ASSIGNED_CONTEXT((#3452,#3453,#3454)) REPRESENTATION_CONTEXT
('Context #1','3D Context with UNIT and UNCERTAINTY') );
#3452 = ( LENGTH_UNIT() NAMED_UNIT(*) SI_UNIT(.MILLI.,.METRE.) );
#3453 = ( NAMED_UNIT(*) PLANE_ANGLE_UNIT() SI_UNIT($,.RADIAN.) );
#3454 = ( NAMED_UNIT(*) SI_UNIT($,.STERADIAN.) SOLID_ANGLE_UNIT() );
#3455 = UNCERTAINTY_MEASURE_WITH_UNIT(LENGTH_MEASURE(1.E-07),#3452,
  'distance_accuracy_value','confusion accuracy');
#3456 = CONTEXT_DEPENDENT_SHAPE_REPRESENTATION(#3457,#3459);
#3457 = ( REPRESENTATION_RELATIONSHIP('','',#64,#10) 
REPRESENTATION_RELATIONSHIP_WITH_TRANSFORMATION(#3458) 
SHAPE_REPRESENTATION_RELATIONSHIP() );
#3458 = ITEM_DEFINED_TRANSFORMATION('','',#11,#15);
#3459 = PRODUCT_DEFINITION_SHAPE('Placement','Placement of an item',
  #3460);
#3460 = NEXT_ASSEMBLY_USAGE_OCCURRENCE('1','J12','',#5,#59,$);
#3461 = PRODUCT_RELATED_PRODUCT_CATEGORY('part',$,(#61));
#3462 = CONTEXT_DEPENDENT_SHAPE_REPRESENTATION(#3463,#3465);
#3463 = ( REPRESENTATION_RELATIONSHIP('','',#64,#10) 
REPRESENTATION_RELATIONSHIP_WITH_TRANSFORMATION(#3464) 
SHAPE_REPRESENTATION_RELATIONSHIP() );
#3464 = ITEM_DEFINED_TRANSFORMATION('','',#11,#19);
#3465 = PRODUCT_DEFINITION_SHAPE('Placement','Placement of an item',
  #3466);
#3466 = NEXT_ASSEMBLY_USAGE_OCCURRENCE('2','J15','',#5,#59,$);
#3467 = CONTEXT_DEPENDENT_SHAPE_REPRESENTATION(#3468,#3470);
#3468 = ( REPRESENTATION_RELATIONSHIP('','',#64,#10) 
REPRESENTATION_RELATIONSHIP_WITH_TRANSFORMATION(#3469) 
SHAPE_REPRESENTATION_RELATIONSHIP() );
#3469 = ITEM_DEFINED_TRANSFORMATION('','',#11,#23);
#3470 = PRODUCT_DEFINITION_SHAPE('Placement','Placement of an item',
  #3471);
#3471 = NEXT_ASSEMBLY_USAGE_OCCURRENCE('3','J13','',#5,#59,$);
#3472 = SHAPE_DEFINITION_REPRESENTATION(#3473,#3479);
#3473 = PRODUCT_DEFINITION_SHAPE('','',#3474);
#3474 = PRODUCT_DEFINITION('design','',#3475,#3478);
#3475 = PRODUCT_DEFINITION_FORMATION('','',#3476);
#3476 = PRODUCT('PinSocket_1x03_P2.54mm_Vertical',
  'PinSocket_1x03_P2.54mm_Vertical','',(#3477));
#3477 = PRODUCT_CONTEXT('',#2,'mechanical');
#3478 = PRODUCT_DEFINITION_CONTEXT('part definition',#2,'design');
#3479 = ADVANCED_BREP_SHAPE_REPRESENTATION('',(#11,#3480),#6090);
#3480 = MANIFOLD_SOLID_BREP('',#3481);
#3481 = CLOSED_SHELL('',(#3482,#3522,#3585,#3648,#3665,#3784,#3806,#3823
    ,#4038,#4050,#4062,#4093,#4117,#4141,#4158,#4189,#4213,#4237,#4254,
    #4285,#4309,#4333,#4350,#4367,#4414,#4431,#4478,#4495,#4542,#4559,
    #4606,#4623,#4670,#4687,#4734,#4765,#4821,#4845,#4894,#4925,#4981,
    #5005,#5054,#5085,#5141,#5165,#5214,#5231,#5248,#5265,#5282,#5294,
    #5311,#5328,#5345,#5362,#5374,#5391,#5408,#5425,#5442,#5454,#5471,
    #5488,#5537,#5561,#5603,#5620,#5637,#5654,#5703,#5727,#5769,#5786,
    #5803,#5820,#5869,#5893,#5935,#5952,#5969,#5986,#5998,#6015,#6032,
    #6044,#6061,#6078));
#3482 = ADVANCED_FACE('',(#3483),#3517,.F.);
#3483 = FACE_BOUND('',#3484,.F.);
#3484 = EDGE_LOOP('',(#3485,#3495,#3503,#3511));
#3485 = ORIENTED_EDGE('',*,*,#3486,.T.);
#3486 = EDGE_CURVE('',#3487,#3489,#3491,.T.);
#3487 = VERTEX_POINT('',#3488);
#3488 = CARTESIAN_POINT('',(1.27,-6.35,0.));
#3489 = VERTEX_POINT('',#3490);
#3490 = CARTESIAN_POINT('',(1.27,-6.35,8.5));
#3491 = LINE('',#3492,#3493);
#3492 = CARTESIAN_POINT('',(1.27,-6.35,0.));
#3493 = VECTOR('',#3494,1.);
#3494 = DIRECTION('',(0.,0.,1.));
#3495 = ORIENTED_EDGE('',*,*,#3496,.T.);
#3496 = EDGE_CURVE('',#3489,#3497,#3499,.T.);
#3497 = VERTEX_POINT('',#3498);
#3498 = CARTESIAN_POINT('',(1.27,1.27,8.5));
#3499 = LINE('',#3500,#3501);
#3500 = CARTESIAN_POINT('',(1.27,-6.35,8.5));
#3501 = VECTOR('',#3502,1.);
#3502 = DIRECTION('',(1.110223024625E-16,1.,0.));
#3503 = ORIENTED_EDGE('',*,*,#3504,.F.);
#3504 = EDGE_CURVE('',#3505,#3497,#3507,.T.);
#3505 = VERTEX_POINT('',#3506);
#3506 = CARTESIAN_POINT('',(1.27,1.27,0.));
#3507 = LINE('',#3508,#3509);
#3508 = CARTESIAN_POINT('',(1.27,1.27,0.));
#3509 = VECTOR('',#3510,1.);
#3510 = DIRECTION('',(0.,0.,1.));
#3511 = ORIENTED_EDGE('',*,*,#3512,.F.);
#3512 = EDGE_CURVE('',#3487,#3505,#3513,.T.);
#3513 = LINE('',#3514,#3515);
#3514 = CARTESIAN_POINT('',(1.27,-6.35,0.));
#3515 = VECTOR('',#3516,1.);
#3516 = DIRECTION('',(1.110223024625E-16,1.,0.));
#3517 = PLANE('',#3518);
#3518 = AXIS2_PLACEMENT_3D('',#3519,#3520,#3521);
#3519 = CARTESIAN_POINT('',(1.27,-6.35,0.));
#3520 = DIRECTION('',(-1.,1.110223024625E-16,0.));
#3521 = DIRECTION('',(1.110223024625E-16,1.,0.));
#3522 = ADVANCED_FACE('',(#3523),#3580,.F.);
#3523 = FACE_BOUND('',#3524,.F.);
#3524 = EDGE_LOOP('',(#3525,#3535,#3543,#3549,#3550,#3558,#3566,#3574));
#3525 = ORIENTED_EDGE('',*,*,#3526,.F.);
#3526 = EDGE_CURVE('',#3527,#3529,#3531,.T.);
#3527 = VERTEX_POINT('',#3528);
#3528 = CARTESIAN_POINT('',(-1.27,-6.35,0.));
#3529 = VERTEX_POINT('',#3530);
#3530 = CARTESIAN_POINT('',(-0.846666666667,-6.35,0.));
#3531 = LINE('',#3532,#3533);
#3532 = CARTESIAN_POINT('',(-1.27,-6.35,0.));
#3533 = VECTOR('',#3534,1.);
#3534 = DIRECTION('',(1.,-1.110223024625E-16,0.));
#3535 = ORIENTED_EDGE('',*,*,#3536,.T.);
#3536 = EDGE_CURVE('',#3527,#3537,#3539,.T.);
#3537 = VERTEX_POINT('',#3538);
#3538 = CARTESIAN_POINT('',(-1.27,-6.35,8.5));
#3539 = LINE('',#3540,#3541);
#3540 = CARTESIAN_POINT('',(-1.27,-6.35,0.));
#3541 = VECTOR('',#3542,1.);
#3542 = DIRECTION('',(0.,0.,1.));
#3543 = ORIENTED_EDGE('',*,*,#3544,.T.);
#3544 = EDGE_CURVE('',#3537,#3489,#3545,.T.);
#3545 = LINE('',#3546,#3547);
#3546 = CARTESIAN_POINT('',(-1.27,-6.35,8.5));
#3547 = VECTOR('',#3548,1.);
#3548 = DIRECTION('',(1.,-1.110223024625E-16,0.));
#3549 = ORIENTED_EDGE('',*,*,#3486,.F.);
#3550 = ORIENTED_EDGE('',*,*,#3551,.F.);
#3551 = EDGE_CURVE('',#3552,#3487,#3554,.T.);
#3552 = VERTEX_POINT('',#3553);
#3553 = CARTESIAN_POINT('',(0.846666666667,-6.35,0.));
#3554 = LINE('',#3555,#3556);
#3555 = CARTESIAN_POINT('',(-1.27,-6.35,0.));
#3556 = VECTOR('',#3557,1.);
#3557 = DIRECTION('',(1.,-1.110223024625E-16,0.));
#3558 = ORIENTED_EDGE('',*,*,#3559,.T.);
#3559 = EDGE_CURVE('',#3552,#3560,#3562,.T.);
#3560 = VERTEX_POINT('',#3561);
#3561 = CARTESIAN_POINT('',(0.846666666667,-6.35,0.2));
#3562 = LINE('',#3563,#3564);
#3563 = CARTESIAN_POINT('',(0.846666666667,-6.35,0.));
#3564 = VECTOR('',#3565,1.);
#3565 = DIRECTION('',(0.,0.,1.));
#3566 = ORIENTED_EDGE('',*,*,#3567,.F.);
#3567 = EDGE_CURVE('',#3568,#3560,#3570,.T.);
#3568 = VERTEX_POINT('',#3569);
#3569 = CARTESIAN_POINT('',(-0.846666666667,-6.35,0.2));
#3570 = LINE('',#3571,#3572);
#3571 = CARTESIAN_POINT('',(-0.846666666667,-6.35,0.2));
#3572 = VECTOR('',#3573,1.);
#3573 = DIRECTION('',(1.,-1.110223024625E-16,0.));
#3574 = ORIENTED_EDGE('',*,*,#3575,.F.);
#3575 = EDGE_CURVE('',#3529,#3568,#3576,.T.);
#3576 = LINE('',#3577,#3578);
#3577 = CARTESIAN_POINT('',(-0.846666666667,-6.35,0.));
#3578 = VECTOR('',#3579,1.);
#3579 = DIRECTION('',(0.,0.,1.));
#3580 = PLANE('',#3581);
#3581 = AXIS2_PLACEMENT_3D('',#3582,#3583,#3584);
#3582 = CARTESIAN_POINT('',(-1.27,-6.35,0.));
#3583 = DIRECTION('',(1.110223024625E-16,1.,0.));
#3584 = DIRECTION('',(1.,-1.110223024625E-16,0.));
#3585 = ADVANCED_FACE('',(#3586),#3643,.F.);
#3586 = FACE_BOUND('',#3587,.F.);
#3587 = EDGE_LOOP('',(#3588,#3596,#3597,#3605,#3613,#3621,#3629,#3637));
#3588 = ORIENTED_EDGE('',*,*,#3589,.F.);
#3589 = EDGE_CURVE('',#3505,#3590,#3592,.T.);
#3590 = VERTEX_POINT('',#3591);
#3591 = CARTESIAN_POINT('',(0.846666666667,1.27,0.));
#3592 = LINE('',#3593,#3594);
#3593 = CARTESIAN_POINT('',(1.27,1.27,0.));
#3594 = VECTOR('',#3595,1.);
#3595 = DIRECTION('',(-1.,1.110223024625E-16,0.));
#3596 = ORIENTED_EDGE('',*,*,#3504,.T.);
#3597 = ORIENTED_EDGE('',*,*,#3598,.T.);
#3598 = EDGE_CURVE('',#3497,#3599,#3601,.T.);
#3599 = VERTEX_POINT('',#3600);
#3600 = CARTESIAN_POINT('',(-1.27,1.27,8.5));
#3601 = LINE('',#3602,#3603);
#3602 = CARTESIAN_POINT('',(1.27,1.27,8.5));
#3603 = VECTOR('',#3604,1.);
#3604 = DIRECTION('',(-1.,1.110223024625E-16,0.));
#3605 = ORIENTED_EDGE('',*,*,#3606,.F.);
#3606 = EDGE_CURVE('',#3607,#3599,#3609,.T.);
#3607 = VERTEX_POINT('',#3608);
#3608 = CARTESIAN_POINT('',(-1.27,1.27,0.));
#3609 = LINE('',#3610,#3611);
#3610 = CARTESIAN_POINT('',(-1.27,1.27,0.));
#3611 = VECTOR('',#3612,1.);
#3612 = DIRECTION('',(0.,0.,1.));
#3613 = ORIENTED_EDGE('',*,*,#3614,.F.);
#3614 = EDGE_CURVE('',#3615,#3607,#3617,.T.);
#3615 = VERTEX_POINT('',#3616);
#3616 = CARTESIAN_POINT('',(-0.846666666667,1.27,0.));
#3617 = LINE('',#3618,#3619);
#3618 = CARTESIAN_POINT('',(1.27,1.27,0.));
#3619 = VECTOR('',#3620,1.);
#3620 = DIRECTION('',(-1.,1.110223024625E-16,0.));
#3621 = ORIENTED_EDGE('',*,*,#3622,.T.);
#3622 = EDGE_CURVE('',#3615,#3623,#3625,.T.);
#3623 = VERTEX_POINT('',#3624);
#3624 = CARTESIAN_POINT('',(-0.846666666667,1.27,0.2));
#3625 = LINE('',#3626,#3627);
#3626 = CARTESIAN_POINT('',(-0.846666666667,1.27,0.));
#3627 = VECTOR('',#3628,1.);
#3628 = DIRECTION('',(0.,0.,1.));
#3629 = ORIENTED_EDGE('',*,*,#3630,.F.);
#3630 = EDGE_CURVE('',#3631,#3623,#3633,.T.);
#3631 = VERTEX_POINT('',#3632);
#3632 = CARTESIAN_POINT('',(0.846666666667,1.27,0.2));
#3633 = LINE('',#3634,#3635);
#3634 = CARTESIAN_POINT('',(0.846666666667,1.27,0.2));
#3635 = VECTOR('',#3636,1.);
#3636 = DIRECTION('',(-1.,1.110223024625E-16,0.));
#3637 = ORIENTED_EDGE('',*,*,#3638,.F.);
#3638 = EDGE_CURVE('',#3590,#3631,#3639,.T.);
#3639 = LINE('',#3640,#3641);
#3640 = CARTESIAN_POINT('',(0.846666666667,1.27,0.));
#3641 = VECTOR('',#3642,1.);
#3642 = DIRECTION('',(0.,0.,1.));
#3643 = PLANE('',#3644);
#3644 = AXIS2_PLACEMENT_3D('',#3645,#3646,#3647);
#3645 = CARTESIAN_POINT('',(1.27,1.27,0.));
#3646 = DIRECTION('',(-1.110223024625E-16,-1.,0.));
#3647 = DIRECTION('',(-1.,1.110223024625E-16,0.));
#3648 = ADVANCED_FACE('',(#3649),#3660,.F.);
#3649 = FACE_BOUND('',#3650,.F.);
#3650 = EDGE_LOOP('',(#3651,#3652,#3653,#3654));
#3651 = ORIENTED_EDGE('',*,*,#3551,.T.);
#3652 = ORIENTED_EDGE('',*,*,#3512,.T.);
#3653 = ORIENTED_EDGE('',*,*,#3589,.T.);
#3654 = ORIENTED_EDGE('',*,*,#3655,.F.);
#3655 = EDGE_CURVE('',#3552,#3590,#3656,.T.);
#3656 = LINE('',#3657,#3658);
#3657 = CARTESIAN_POINT('',(0.846666666667,-6.35,0.));
#3658 = VECTOR('',#3659,1.);
#3659 = DIRECTION('',(1.110223024625E-16,1.,0.));
#3660 = PLANE('',#3661);
#3661 = AXIS2_PLACEMENT_3D('',#3662,#3663,#3664);
#3662 = CARTESIAN_POINT('',(-2.542410726392E-16,-2.54,0.));
#3663 = DIRECTION('',(0.,0.,1.));
#3664 = DIRECTION('',(1.110223024625E-16,1.,-0.));
#3665 = ADVANCED_FACE('',(#3666,#3677,#3711,#3745),#3779,.T.);
#3666 = FACE_BOUND('',#3667,.T.);
#3667 = EDGE_LOOP('',(#3668,#3669,#3670,#3676));
#3668 = ORIENTED_EDGE('',*,*,#3496,.T.);
#3669 = ORIENTED_EDGE('',*,*,#3598,.T.);
#3670 = ORIENTED_EDGE('',*,*,#3671,.T.);
#3671 = EDGE_CURVE('',#3599,#3537,#3672,.T.);
#3672 = LINE('',#3673,#3674);
#3673 = CARTESIAN_POINT('',(-1.27,1.27,8.5));
#3674 = VECTOR('',#3675,1.);
#3675 = DIRECTION('',(-1.110223024625E-16,-1.,0.));
#3676 = ORIENTED_EDGE('',*,*,#3544,.T.);
#3677 = FACE_BOUND('',#3678,.T.);
#3678 = EDGE_LOOP('',(#3679,#3689,#3697,#3705));
#3679 = ORIENTED_EDGE('',*,*,#3680,.F.);
#3680 = EDGE_CURVE('',#3681,#3683,#3685,.T.);
#3681 = VERTEX_POINT('',#3682);
#3682 = CARTESIAN_POINT('',(0.6,-5.68,8.5));
#3683 = VERTEX_POINT('',#3684);
#3684 = CARTESIAN_POINT('',(0.6,-4.48,8.5));
#3685 = LINE('',#3686,#3687);
#3686 = CARTESIAN_POINT('',(0.6,-5.68,8.5));
#3687 = VECTOR('',#3688,1.);
#3688 = DIRECTION('',(1.110223024625E-16,1.,0.));
#3689 = ORIENTED_EDGE('',*,*,#3690,.F.);
#3690 = EDGE_CURVE('',#3691,#3681,#3693,.T.);
#3691 = VERTEX_POINT('',#3692);
#3692 = CARTESIAN_POINT('',(-0.6,-5.68,8.5));
#3693 = LINE('',#3694,#3695);
#3694 = CARTESIAN_POINT('',(-0.6,-5.68,8.5));
#3695 = VECTOR('',#3696,1.);
#3696 = DIRECTION('',(1.,-1.110223024625E-16,0.));
#3697 = ORIENTED_EDGE('',*,*,#3698,.F.);
#3698 = EDGE_CURVE('',#3699,#3691,#3701,.T.);
#3699 = VERTEX_POINT('',#3700);
#3700 = CARTESIAN_POINT('',(-0.6,-4.48,8.5));
#3701 = LINE('',#3702,#3703);
#3702 = CARTESIAN_POINT('',(-0.6,-4.48,8.5));
#3703 = VECTOR('',#3704,1.);
#3704 = DIRECTION('',(-1.110223024625E-16,-1.,0.));
#3705 = ORIENTED_EDGE('',*,*,#3706,.F.);
#3706 = EDGE_CURVE('',#3683,#3699,#3707,.T.);
#3707 = LINE('',#3708,#3709);
#3708 = CARTESIAN_POINT('',(0.6,-4.48,8.5));
#3709 = VECTOR('',#3710,1.);
#3710 = DIRECTION('',(-1.,1.110223024625E-16,0.));
#3711 = FACE_BOUND('',#3712,.T.);
#3712 = EDGE_LOOP('',(#3713,#3723,#3731,#3739));
#3713 = ORIENTED_EDGE('',*,*,#3714,.F.);
#3714 = EDGE_CURVE('',#3715,#3717,#3719,.T.);
#3715 = VERTEX_POINT('',#3716);
#3716 = CARTESIAN_POINT('',(0.6,-3.14,8.5));
#3717 = VERTEX_POINT('',#3718);
#3718 = CARTESIAN_POINT('',(0.6,-1.94,8.5));
#3719 = LINE('',#3720,#3721);
#3720 = CARTESIAN_POINT('',(0.6,-3.14,8.5));
#3721 = VECTOR('',#3722,1.);
#3722 = DIRECTION('',(1.110223024625E-16,1.,0.));
#3723 = ORIENTED_EDGE('',*,*,#3724,.F.);
#3724 = EDGE_CURVE('',#3725,#3715,#3727,.T.);
#3725 = VERTEX_POINT('',#3726);
#3726 = CARTESIAN_POINT('',(-0.6,-3.14,8.5));
#3727 = LINE('',#3728,#3729);
#3728 = CARTESIAN_POINT('',(-0.6,-3.14,8.5));
#3729 = VECTOR('',#3730,1.);
#3730 = DIRECTION('',(1.,-1.110223024625E-16,0.));
#3731 = ORIENTED_EDGE('',*,*,#3732,.F.);
#3732 = EDGE_CURVE('',#3733,#3725,#3735,.T.);
#3733 = VERTEX_POINT('',#3734);
#3734 = CARTESIAN_POINT('',(-0.6,-1.94,8.5));
#3735 = LINE('',#3736,#3737);
#3736 = CARTESIAN_POINT('',(-0.6,-1.94,8.5));
#3737 = VECTOR('',#3738,1.);
#3738 = DIRECTION('',(-1.110223024625E-16,-1.,0.));
#3739 = ORIENTED_EDGE('',*,*,#3740,.F.);
#3740 = EDGE_CURVE('',#3717,#3733,#3741,.T.);
#3741 = LINE('',#3742,#3743);
#3742 = CARTESIAN_POINT('',(0.6,-1.94,8.5));
#3743 = VECTOR('',#3744,1.);
#3744 = DIRECTION('',(-1.,1.110223024625E-16,0.));
#3745 = FACE_BOUND('',#3746,.T.);
#3746 = EDGE_LOOP('',(#3747,#3757,#3765,#3773));
#3747 = ORIENTED_EDGE('',*,*,#3748,.F.);
#3748 = EDGE_CURVE('',#3749,#3751,#3753,.T.);
#3749 = VERTEX_POINT('',#3750);
#3750 = CARTESIAN_POINT('',(0.6,-0.6,8.5));
#3751 = VERTEX_POINT('',#3752);
#3752 = CARTESIAN_POINT('',(0.6,0.6,8.5));
#3753 = LINE('',#3754,#3755);
#3754 = CARTESIAN_POINT('',(0.6,-0.6,8.5));
#3755 = VECTOR('',#3756,1.);
#3756 = DIRECTION('',(1.110223024625E-16,1.,0.));
#3757 = ORIENTED_EDGE('',*,*,#3758,.F.);
#3758 = EDGE_CURVE('',#3759,#3749,#3761,.T.);
#3759 = VERTEX_POINT('',#3760);
#3760 = CARTESIAN_POINT('',(-0.6,-0.6,8.5));
#3761 = LINE('',#3762,#3763);
#3762 = CARTESIAN_POINT('',(-0.6,-0.6,8.5));
#3763 = VECTOR('',#3764,1.);
#3764 = DIRECTION('',(1.,-1.110223024625E-16,0.));
#3765 = ORIENTED_EDGE('',*,*,#3766,.F.);
#3766 = EDGE_CURVE('',#3767,#3759,#3769,.T.);
#3767 = VERTEX_POINT('',#3768);
#3768 = CARTESIAN_POINT('',(-0.6,0.6,8.5));
#3769 = LINE('',#3770,#3771);
#3770 = CARTESIAN_POINT('',(-0.6,0.6,8.5));
#3771 = VECTOR('',#3772,1.);
#3772 = DIRECTION('',(-1.110223024625E-16,-1.,0.));
#3773 = ORIENTED_EDGE('',*,*,#3774,.F.);
#3774 = EDGE_CURVE('',#3751,#3767,#3775,.T.);
#3775 = LINE('',#3776,#3777);
#3776 = CARTESIAN_POINT('',(0.6,0.6,8.5));
#3777 = VECTOR('',#3778,1.);
#3778 = DIRECTION('',(-1.,1.110223024625E-16,0.));
#3779 = PLANE('',#3780);
#3780 = AXIS2_PLACEMENT_3D('',#3781,#3782,#3783);
#3781 = CARTESIAN_POINT('',(-2.542410726392E-16,-2.54,8.5));
#3782 = DIRECTION('',(0.,0.,1.));
#3783 = DIRECTION('',(1.110223024625E-16,1.,-0.));
#3784 = ADVANCED_FACE('',(#3785),#3801,.F.);
#3785 = FACE_BOUND('',#3786,.F.);
#3786 = EDGE_LOOP('',(#3787,#3788,#3794,#3795));
#3787 = ORIENTED_EDGE('',*,*,#3526,.T.);
#3788 = ORIENTED_EDGE('',*,*,#3789,.F.);
#3789 = EDGE_CURVE('',#3615,#3529,#3790,.T.);
#3790 = LINE('',#3791,#3792);
#3791 = CARTESIAN_POINT('',(-0.846666666667,1.27,0.));
#3792 = VECTOR('',#3793,1.);
#3793 = DIRECTION('',(-1.110223024625E-16,-1.,0.));
#3794 = ORIENTED_EDGE('',*,*,#3614,.T.);
#3795 = ORIENTED_EDGE('',*,*,#3796,.T.);
#3796 = EDGE_CURVE('',#3607,#3527,#3797,.T.);
#3797 = LINE('',#3798,#3799);
#3798 = CARTESIAN_POINT('',(-1.27,1.27,0.));
#3799 = VECTOR('',#3800,1.);
#3800 = DIRECTION('',(-1.110223024625E-16,-1.,0.));
#3801 = PLANE('',#3802);
#3802 = AXIS2_PLACEMENT_3D('',#3803,#3804,#3805);
#3803 = CARTESIAN_POINT('',(-2.542410726392E-16,-2.54,0.));
#3804 = DIRECTION('',(0.,0.,1.));
#3805 = DIRECTION('',(1.110223024625E-16,1.,-0.));
#3806 = ADVANCED_FACE('',(#3807),#3818,.T.);
#3807 = FACE_BOUND('',#3808,.T.);
#3808 = EDGE_LOOP('',(#3809,#3810,#3816,#3817));
#3809 = ORIENTED_EDGE('',*,*,#3622,.T.);
#3810 = ORIENTED_EDGE('',*,*,#3811,.T.);
#3811 = EDGE_CURVE('',#3623,#3568,#3812,.T.);
#3812 = LINE('',#3813,#3814);
#3813 = CARTESIAN_POINT('',(-0.846666666667,1.27,0.2));
#3814 = VECTOR('',#3815,1.);
#3815 = DIRECTION('',(-1.110223024625E-16,-1.,0.));
#3816 = ORIENTED_EDGE('',*,*,#3575,.F.);
#3817 = ORIENTED_EDGE('',*,*,#3789,.F.);
#3818 = PLANE('',#3819);
#3819 = AXIS2_PLACEMENT_3D('',#3820,#3821,#3822);
#3820 = CARTESIAN_POINT('',(-0.846666666667,1.27,0.));
#3821 = DIRECTION('',(1.,-1.110223024625E-16,0.));
#3822 = DIRECTION('',(-1.110223024625E-16,-1.,0.));
#3823 = ADVANCED_FACE('',(#3824,#3835,#3901,#3967),#4033,.F.);
#3824 = FACE_BOUND('',#3825,.F.);
#3825 = EDGE_LOOP('',(#3826,#3832,#3833,#3834));
#3826 = ORIENTED_EDGE('',*,*,#3827,.T.);
#3827 = EDGE_CURVE('',#3560,#3631,#3828,.T.);
#3828 = LINE('',#3829,#3830);
#3829 = CARTESIAN_POINT('',(0.846666666667,-6.35,0.2));
#3830 = VECTOR('',#3831,1.);
#3831 = DIRECTION('',(1.110223024625E-16,1.,0.));
#3832 = ORIENTED_EDGE('',*,*,#3630,.T.);
#3833 = ORIENTED_EDGE('',*,*,#3811,.T.);
#3834 = ORIENTED_EDGE('',*,*,#3567,.T.);
#3835 = FACE_BOUND('',#3836,.F.);
#3836 = EDGE_LOOP('',(#3837,#3847,#3855,#3863,#3871,#3879,#3887,#3895));
#3837 = ORIENTED_EDGE('',*,*,#3838,.F.);
#3838 = EDGE_CURVE('',#3839,#3841,#3843,.T.);
#3839 = VERTEX_POINT('',#3840);
#3840 = CARTESIAN_POINT('',(-0.1,-5.53,0.2));
#3841 = VERTEX_POINT('',#3842);
#3842 = CARTESIAN_POINT('',(0.1,-5.53,0.2));
#3843 = LINE('',#3844,#3845);
#3844 = CARTESIAN_POINT('',(-0.1,-5.53,0.2));
#3845 = VECTOR('',#3846,1.);
#3846 = DIRECTION('',(1.,-1.110223024625E-16,0.));
#3847 = ORIENTED_EDGE('',*,*,#3848,.T.);
#3848 = EDGE_CURVE('',#3839,#3849,#3851,.T.);
#3849 = VERTEX_POINT('',#3850);
#3850 = CARTESIAN_POINT('',(-0.1,-5.38,0.2));
#3851 = LINE('',#3852,#3853);
#3852 = CARTESIAN_POINT('',(-0.1,-5.53,0.2));
#3853 = VECTOR('',#3854,1.);
#3854 = DIRECTION('',(1.110223024625E-16,1.,0.));
#3855 = ORIENTED_EDGE('',*,*,#3856,.F.);
#3856 = EDGE_CURVE('',#3857,#3849,#3859,.T.);
#3857 = VERTEX_POINT('',#3858);
#3858 = CARTESIAN_POINT('',(-0.1,-4.78,0.2));
#3859 = LINE('',#3860,#3861);
#3860 = CARTESIAN_POINT('',(-0.1,-3.81,0.2));
#3861 = VECTOR('',#3862,1.);
#3862 = DIRECTION('',(-1.110223024625E-16,-1.,0.));
#3863 = ORIENTED_EDGE('',*,*,#3864,.T.);
#3864 = EDGE_CURVE('',#3857,#3865,#3867,.T.);
#3865 = VERTEX_POINT('',#3866);
#3866 = CARTESIAN_POINT('',(-0.1,-4.63,0.2));
#3867 = LINE('',#3868,#3869);
#3868 = CARTESIAN_POINT('',(-0.1,-5.53,0.2));
#3869 = VECTOR('',#3870,1.);
#3870 = DIRECTION('',(1.110223024625E-16,1.,0.));
#3871 = ORIENTED_EDGE('',*,*,#3872,.T.);
#3872 = EDGE_CURVE('',#3865,#3873,#3875,.T.);
#3873 = VERTEX_POINT('',#3874);
#3874 = CARTESIAN_POINT('',(0.1,-4.63,0.2));
#3875 = LINE('',#3876,#3877);
#3876 = CARTESIAN_POINT('',(-0.1,-4.63,0.2));
#3877 = VECTOR('',#3878,1.);
#3878 = DIRECTION('',(1.,-1.110223024625E-16,0.));
#3879 = ORIENTED_EDGE('',*,*,#3880,.T.);
#3880 = EDGE_CURVE('',#3873,#3881,#3883,.T.);
#3881 = VERTEX_POINT('',#3882);
#3882 = CARTESIAN_POINT('',(0.1,-4.78,0.2));
#3883 = LINE('',#3884,#3885);
#3884 = CARTESIAN_POINT('',(0.1,-4.63,0.2));
#3885 = VECTOR('',#3886,1.);
#3886 = DIRECTION('',(-1.110223024625E-16,-1.,0.));
#3887 = ORIENTED_EDGE('',*,*,#3888,.T.);
#3888 = EDGE_CURVE('',#3881,#3889,#3891,.T.);
#3889 = VERTEX_POINT('',#3890);
#3890 = CARTESIAN_POINT('',(0.1,-5.38,0.2));
#3891 = LINE('',#3892,#3893);
#3892 = CARTESIAN_POINT('',(0.1,-3.81,0.2));
#3893 = VECTOR('',#3894,1.);
#3894 = DIRECTION('',(-1.110223024625E-16,-1.,0.));
#3895 = ORIENTED_EDGE('',*,*,#3896,.T.);
#3896 = EDGE_CURVE('',#3889,#3841,#3897,.T.);
#3897 = LINE('',#3898,#3899);
#3898 = CARTESIAN_POINT('',(0.1,-4.63,0.2));
#3899 = VECTOR('',#3900,1.);
#3900 = DIRECTION('',(-1.110223024625E-16,-1.,0.));
#3901 = FACE_BOUND('',#3902,.F.);
#3902 = EDGE_LOOP('',(#3903,#3913,#3921,#3929,#3937,#3945,#3953,#3961));
#3903 = ORIENTED_EDGE('',*,*,#3904,.F.);
#3904 = EDGE_CURVE('',#3905,#3907,#3909,.T.);
#3905 = VERTEX_POINT('',#3906);
#3906 = CARTESIAN_POINT('',(-0.1,-2.99,0.2));
#3907 = VERTEX_POINT('',#3908);
#3908 = CARTESIAN_POINT('',(0.1,-2.99,0.2));
#3909 = LINE('',#3910,#3911);
#3910 = CARTESIAN_POINT('',(-0.1,-2.99,0.2));
#3911 = VECTOR('',#3912,1.);
#3912 = DIRECTION('',(1.,-1.110223024625E-16,0.));
#3913 = ORIENTED_EDGE('',*,*,#3914,.T.);
#3914 = EDGE_CURVE('',#3905,#3915,#3917,.T.);
#3915 = VERTEX_POINT('',#3916);
#3916 = CARTESIAN_POINT('',(-0.1,-2.84,0.2));
#3917 = LINE('',#3918,#3919);
#3918 = CARTESIAN_POINT('',(-0.1,-2.99,0.2));
#3919 = VECTOR('',#3920,1.);
#3920 = DIRECTION('',(1.110223024625E-16,1.,0.));
#3921 = ORIENTED_EDGE('',*,*,#3922,.F.);
#3922 = EDGE_CURVE('',#3923,#3915,#3925,.T.);
#3923 = VERTEX_POINT('',#3924);
#3924 = CARTESIAN_POINT('',(-0.1,-2.24,0.2));
#3925 = LINE('',#3926,#3927);
#3926 = CARTESIAN_POINT('',(-0.1,-2.54,0.2));
#3927 = VECTOR('',#3928,1.);
#3928 = DIRECTION('',(-1.110223024625E-16,-1.,0.));
#3929 = ORIENTED_EDGE('',*,*,#3930,.T.);
#3930 = EDGE_CURVE('',#3923,#3931,#3933,.T.);
#3931 = VERTEX_POINT('',#3932);
#3932 = CARTESIAN_POINT('',(-0.1,-2.09,0.2));
#3933 = LINE('',#3934,#3935);
#3934 = CARTESIAN_POINT('',(-0.1,-2.99,0.2));
#3935 = VECTOR('',#3936,1.);
#3936 = DIRECTION('',(1.110223024625E-16,1.,0.));
#3937 = ORIENTED_EDGE('',*,*,#3938,.T.);
#3938 = EDGE_CURVE('',#3931,#3939,#3941,.T.);
#3939 = VERTEX_POINT('',#3940);
#3940 = CARTESIAN_POINT('',(0.1,-2.09,0.2));
#3941 = LINE('',#3942,#3943);
#3942 = CARTESIAN_POINT('',(-0.1,-2.09,0.2));
#3943 = VECTOR('',#3944,1.);
#3944 = DIRECTION('',(1.,-1.110223024625E-16,0.));
#3945 = ORIENTED_EDGE('',*,*,#3946,.T.);
#3946 = EDGE_CURVE('',#3939,#3947,#3949,.T.);
#3947 = VERTEX_POINT('',#3948);
#3948 = CARTESIAN_POINT('',(0.1,-2.24,0.2));
#3949 = LINE('',#3950,#3951);
#3950 = CARTESIAN_POINT('',(0.1,-2.09,0.2));
#3951 = VECTOR('',#3952,1.);
#3952 = DIRECTION('',(-1.110223024625E-16,-1.,0.));
#3953 = ORIENTED_EDGE('',*,*,#3954,.T.);
#3954 = EDGE_CURVE('',#3947,#3955,#3957,.T.);
#3955 = VERTEX_POINT('',#3956);
#3956 = CARTESIAN_POINT('',(0.1,-2.84,0.2));
#3957 = LINE('',#3958,#3959);
#3958 = CARTESIAN_POINT('',(0.1,-2.54,0.2));
#3959 = VECTOR('',#3960,1.);
#3960 = DIRECTION('',(-1.110223024625E-16,-1.,0.));
#3961 = ORIENTED_EDGE('',*,*,#3962,.T.);
#3962 = EDGE_CURVE('',#3955,#3907,#3963,.T.);
#3963 = LINE('',#3964,#3965);
#3964 = CARTESIAN_POINT('',(0.1,-2.09,0.2));
#3965 = VECTOR('',#3966,1.);
#3966 = DIRECTION('',(-1.110223024625E-16,-1.,0.));
#3967 = FACE_BOUND('',#3968,.F.);
#3968 = EDGE_LOOP('',(#3969,#3979,#3987,#3995,#4003,#4011,#4019,#4027));
#3969 = ORIENTED_EDGE('',*,*,#3970,.F.);
#3970 = EDGE_CURVE('',#3971,#3973,#3975,.T.);
#3971 = VERTEX_POINT('',#3972);
#3972 = CARTESIAN_POINT('',(-0.1,-0.45,0.2));
#3973 = VERTEX_POINT('',#3974);
#3974 = CARTESIAN_POINT('',(0.1,-0.45,0.2));
#3975 = LINE('',#3976,#3977);
#3976 = CARTESIAN_POINT('',(-0.1,-0.45,0.2));
#3977 = VECTOR('',#3978,1.);
#3978 = DIRECTION('',(1.,-1.110223024625E-16,0.));
#3979 = ORIENTED_EDGE('',*,*,#3980,.T.);
#3980 = EDGE_CURVE('',#3971,#3981,#3983,.T.);
#3981 = VERTEX_POINT('',#3982);
#3982 = CARTESIAN_POINT('',(-0.1,-0.3,0.2));
#3983 = LINE('',#3984,#3985);
#3984 = CARTESIAN_POINT('',(-0.1,-0.45,0.2));
#3985 = VECTOR('',#3986,1.);
#3986 = DIRECTION('',(1.110223024625E-16,1.,0.));
#3987 = ORIENTED_EDGE('',*,*,#3988,.F.);
#3988 = EDGE_CURVE('',#3989,#3981,#3991,.T.);
#3989 = VERTEX_POINT('',#3990);
#3990 = CARTESIAN_POINT('',(-0.1,0.3,0.2));
#3991 = LINE('',#3992,#3993);
#3992 = CARTESIAN_POINT('',(-0.1,-1.27,0.2));
#3993 = VECTOR('',#3994,1.);
#3994 = DIRECTION('',(-1.110223024625E-16,-1.,0.));
#3995 = ORIENTED_EDGE('',*,*,#3996,.T.);
#3996 = EDGE_CURVE('',#3989,#3997,#3999,.T.);
#3997 = VERTEX_POINT('',#3998);
#3998 = CARTESIAN_POINT('',(-0.1,0.45,0.2));
#3999 = LINE('',#4000,#4001);
#4000 = CARTESIAN_POINT('',(-0.1,-0.45,0.2));
#4001 = VECTOR('',#4002,1.);
#4002 = DIRECTION('',(1.110223024625E-16,1.,0.));
#4003 = ORIENTED_EDGE('',*,*,#4004,.T.);
#4004 = EDGE_CURVE('',#3997,#4005,#4007,.T.);
#4005 = VERTEX_POINT('',#4006);
#4006 = CARTESIAN_POINT('',(0.1,0.45,0.2));
#4007 = LINE('',#4008,#4009);
#4008 = CARTESIAN_POINT('',(-0.1,0.45,0.2));
#4009 = VECTOR('',#4010,1.);
#4010 = DIRECTION('',(1.,-1.110223024625E-16,0.));
#4011 = ORIENTED_EDGE('',*,*,#4012,.T.);
#4012 = EDGE_CURVE('',#4005,#4013,#4015,.T.);
#4013 = VERTEX_POINT('',#4014);
#4014 = CARTESIAN_POINT('',(0.1,0.3,0.2));
#4015 = LINE('',#4016,#4017);
#4016 = CARTESIAN_POINT('',(0.1,0.45,0.2));
#4017 = VECTOR('',#4018,1.);
#4018 = DIRECTION('',(-1.110223024625E-16,-1.,0.));
#4019 = ORIENTED_EDGE('',*,*,#4020,.T.);
#4020 = EDGE_CURVE('',#4013,#4021,#4023,.T.);
#4021 = VERTEX_POINT('',#4022);
#4022 = CARTESIAN_POINT('',(0.1,-0.3,0.2));
#4023 = LINE('',#4024,#4025);
#4024 = CARTESIAN_POINT('',(0.1,-1.27,0.2));
#4025 = VECTOR('',#4026,1.);
#4026 = DIRECTION('',(-1.110223024625E-16,-1.,0.));
#4027 = ORIENTED_EDGE('',*,*,#4028,.T.);
#4028 = EDGE_CURVE('',#4021,#3973,#4029,.T.);
#4029 = LINE('',#4030,#4031);
#4030 = CARTESIAN_POINT('',(0.1,0.45,0.2));
#4031 = VECTOR('',#4032,1.);
#4032 = DIRECTION('',(-1.110223024625E-16,-1.,0.));
#4033 = PLANE('',#4034);
#4034 = AXIS2_PLACEMENT_3D('',#4035,#4036,#4037);
#4035 = CARTESIAN_POINT('',(-2.542410726392E-16,-2.54,0.2));
#4036 = DIRECTION('',(0.,0.,1.));
#4037 = DIRECTION('',(1.110223024625E-16,1.,-0.));
#4038 = ADVANCED_FACE('',(#4039),#4045,.T.);
#4039 = FACE_BOUND('',#4040,.T.);
#4040 = EDGE_LOOP('',(#4041,#4042,#4043,#4044));
#4041 = ORIENTED_EDGE('',*,*,#3559,.T.);
#4042 = ORIENTED_EDGE('',*,*,#3827,.T.);
#4043 = ORIENTED_EDGE('',*,*,#3638,.F.);
#4044 = ORIENTED_EDGE('',*,*,#3655,.F.);
#4045 = PLANE('',#4046);
#4046 = AXIS2_PLACEMENT_3D('',#4047,#4048,#4049);
#4047 = CARTESIAN_POINT('',(0.846666666667,-6.35,0.));
#4048 = DIRECTION('',(-1.,1.110223024625E-16,0.));
#4049 = DIRECTION('',(1.110223024625E-16,1.,0.));
#4050 = ADVANCED_FACE('',(#4051),#4057,.F.);
#4051 = FACE_BOUND('',#4052,.F.);
#4052 = EDGE_LOOP('',(#4053,#4054,#4055,#4056));
#4053 = ORIENTED_EDGE('',*,*,#3606,.T.);
#4054 = ORIENTED_EDGE('',*,*,#3671,.T.);
#4055 = ORIENTED_EDGE('',*,*,#3536,.F.);
#4056 = ORIENTED_EDGE('',*,*,#3796,.F.);
#4057 = PLANE('',#4058);
#4058 = AXIS2_PLACEMENT_3D('',#4059,#4060,#4061);
#4059 = CARTESIAN_POINT('',(-1.27,1.27,0.));
#4060 = DIRECTION('',(1.,-1.110223024625E-16,0.));
#4061 = DIRECTION('',(-1.110223024625E-16,-1.,0.));
#4062 = ADVANCED_FACE('',(#4063),#4088,.T.);
#4063 = FACE_BOUND('',#4064,.T.);
#4064 = EDGE_LOOP('',(#4065,#4073,#4074,#4082));
#4065 = ORIENTED_EDGE('',*,*,#4066,.F.);
#4066 = EDGE_CURVE('',#3681,#4067,#4069,.T.);
#4067 = VERTEX_POINT('',#4068);
#4068 = CARTESIAN_POINT('',(0.3,-5.38,8.2));
#4069 = LINE('',#4070,#4071);
#4070 = CARTESIAN_POINT('',(0.3,-5.38,8.2));
#4071 = VECTOR('',#4072,1.);
#4072 = DIRECTION('',(-0.57735026919,0.57735026919,-0.57735026919));
#4073 = ORIENTED_EDGE('',*,*,#3680,.T.);
#4074 = ORIENTED_EDGE('',*,*,#4075,.T.);
#4075 = EDGE_CURVE('',#3683,#4076,#4078,.T.);
#4076 = VERTEX_POINT('',#4077);
#4077 = CARTESIAN_POINT('',(0.3,-4.78,8.2));
#4078 = LINE('',#4079,#4080);
#4079 = CARTESIAN_POINT('',(0.3,-4.78,8.2));
#4080 = VECTOR('',#4081,1.);
#4081 = DIRECTION('',(-0.57735026919,-0.57735026919,-0.57735026919));
#4082 = ORIENTED_EDGE('',*,*,#4083,.F.);
#4083 = EDGE_CURVE('',#4067,#4076,#4084,.T.);
#4084 = LINE('',#4085,#4086);
#4085 = CARTESIAN_POINT('',(0.3,-5.68,8.2));
#4086 = VECTOR('',#4087,1.);
#4087 = DIRECTION('',(1.110223024625E-16,1.,0.));
#4088 = PLANE('',#4089);
#4089 = AXIS2_PLACEMENT_3D('',#4090,#4091,#4092);
#4090 = CARTESIAN_POINT('',(0.45,-5.68,8.35));
#4091 = DIRECTION('',(-0.707106781187,7.850462293414E-17,0.707106781187)
  );
#4092 = DIRECTION('',(1.110223024625E-16,1.,2.680278185005E-29));
#4093 = ADVANCED_FACE('',(#4094),#4112,.T.);
#4094 = FACE_BOUND('',#4095,.T.);
#4095 = EDGE_LOOP('',(#4096,#4097,#4098,#4106));
#4096 = ORIENTED_EDGE('',*,*,#4075,.F.);
#4097 = ORIENTED_EDGE('',*,*,#3706,.T.);
#4098 = ORIENTED_EDGE('',*,*,#4099,.T.);
#4099 = EDGE_CURVE('',#3699,#4100,#4102,.T.);
#4100 = VERTEX_POINT('',#4101);
#4101 = CARTESIAN_POINT('',(-0.3,-4.78,8.2));
#4102 = LINE('',#4103,#4104);
#4103 = CARTESIAN_POINT('',(-0.3,-4.78,8.2));
#4104 = VECTOR('',#4105,1.);
#4105 = DIRECTION('',(0.57735026919,-0.57735026919,-0.57735026919));
#4106 = ORIENTED_EDGE('',*,*,#4107,.F.);
#4107 = EDGE_CURVE('',#4076,#4100,#4108,.T.);
#4108 = LINE('',#4109,#4110);
#4109 = CARTESIAN_POINT('',(0.6,-4.78,8.2));
#4110 = VECTOR('',#4111,1.);
#4111 = DIRECTION('',(-1.,1.110223024625E-16,0.));
#4112 = PLANE('',#4113);
#4113 = AXIS2_PLACEMENT_3D('',#4114,#4115,#4116);
#4114 = CARTESIAN_POINT('',(0.6,-4.63,8.35));
#4115 = DIRECTION('',(-8.197719098449E-17,-0.707106781187,0.707106781187
    ));
#4116 = DIRECTION('',(-1.,1.13477778879E-16,-2.455476416522E-18));
#4117 = ADVANCED_FACE('',(#4118),#4136,.T.);
#4118 = FACE_BOUND('',#4119,.T.);
#4119 = EDGE_LOOP('',(#4120,#4121,#4122,#4130));
#4120 = ORIENTED_EDGE('',*,*,#4099,.F.);
#4121 = ORIENTED_EDGE('',*,*,#3698,.T.);
#4122 = ORIENTED_EDGE('',*,*,#4123,.T.);
#4123 = EDGE_CURVE('',#3691,#4124,#4126,.T.);
#4124 = VERTEX_POINT('',#4125);
#4125 = CARTESIAN_POINT('',(-0.3,-5.38,8.2));
#4126 = LINE('',#4127,#4128);
#4127 = CARTESIAN_POINT('',(-0.3,-5.38,8.2));
#4128 = VECTOR('',#4129,1.);
#4129 = DIRECTION('',(0.57735026919,0.57735026919,-0.57735026919));
#4130 = ORIENTED_EDGE('',*,*,#4131,.F.);
#4131 = EDGE_CURVE('',#4100,#4124,#4132,.T.);
#4132 = LINE('',#4133,#4134);
#4133 = CARTESIAN_POINT('',(-0.3,-4.48,8.2));
#4134 = VECTOR('',#4135,1.);
#4135 = DIRECTION('',(-1.110223024625E-16,-1.,0.));
#4136 = PLANE('',#4137);
#4137 = AXIS2_PLACEMENT_3D('',#4138,#4139,#4140);
#4138 = CARTESIAN_POINT('',(-0.45,-4.48,8.35));
#4139 = DIRECTION('',(0.707106781187,-7.850462293414E-17,0.707106781187)
  );
#4140 = DIRECTION('',(-1.110223024625E-16,-1.,2.680278185005E-29));
#4141 = ADVANCED_FACE('',(#4142),#4153,.T.);
#4142 = FACE_BOUND('',#4143,.T.);
#4143 = EDGE_LOOP('',(#4144,#4145,#4146,#4147));
#4144 = ORIENTED_EDGE('',*,*,#4123,.F.);
#4145 = ORIENTED_EDGE('',*,*,#3690,.T.);
#4146 = ORIENTED_EDGE('',*,*,#4066,.T.);
#4147 = ORIENTED_EDGE('',*,*,#4148,.F.);
#4148 = EDGE_CURVE('',#4124,#4067,#4149,.T.);
#4149 = LINE('',#4150,#4151);
#4150 = CARTESIAN_POINT('',(-0.6,-5.38,8.2));
#4151 = VECTOR('',#4152,1.);
#4152 = DIRECTION('',(1.,-1.110223024625E-16,0.));
#4153 = PLANE('',#4154);
#4154 = AXIS2_PLACEMENT_3D('',#4155,#4156,#4157);
#4155 = CARTESIAN_POINT('',(-0.6,-5.53,8.35));
#4156 = DIRECTION('',(8.197719098449E-17,0.707106781187,0.707106781187)
  );
#4157 = DIRECTION('',(1.,-1.13477778879E-16,-2.455476416522E-18));
#4158 = ADVANCED_FACE('',(#4159),#4184,.T.);
#4159 = FACE_BOUND('',#4160,.T.);
#4160 = EDGE_LOOP('',(#4161,#4169,#4170,#4178));
#4161 = ORIENTED_EDGE('',*,*,#4162,.F.);
#4162 = EDGE_CURVE('',#3715,#4163,#4165,.T.);
#4163 = VERTEX_POINT('',#4164);
#4164 = CARTESIAN_POINT('',(0.3,-2.84,8.2));
#4165 = LINE('',#4166,#4167);
#4166 = CARTESIAN_POINT('',(0.3,-2.84,8.2));
#4167 = VECTOR('',#4168,1.);
#4168 = DIRECTION('',(-0.57735026919,0.57735026919,-0.57735026919));
#4169 = ORIENTED_EDGE('',*,*,#3714,.T.);
#4170 = ORIENTED_EDGE('',*,*,#4171,.T.);
#4171 = EDGE_CURVE('',#3717,#4172,#4174,.T.);
#4172 = VERTEX_POINT('',#4173);
#4173 = CARTESIAN_POINT('',(0.3,-2.24,8.2));
#4174 = LINE('',#4175,#4176);
#4175 = CARTESIAN_POINT('',(0.3,-2.24,8.2));
#4176 = VECTOR('',#4177,1.);
#4177 = DIRECTION('',(-0.57735026919,-0.57735026919,-0.57735026919));
#4178 = ORIENTED_EDGE('',*,*,#4179,.F.);
#4179 = EDGE_CURVE('',#4163,#4172,#4180,.T.);
#4180 = LINE('',#4181,#4182);
#4181 = CARTESIAN_POINT('',(0.3,-3.14,8.2));
#4182 = VECTOR('',#4183,1.);
#4183 = DIRECTION('',(1.110223024625E-16,1.,0.));
#4184 = PLANE('',#4185);
#4185 = AXIS2_PLACEMENT_3D('',#4186,#4187,#4188);
#4186 = CARTESIAN_POINT('',(0.45,-3.14,8.35));
#4187 = DIRECTION('',(-0.707106781187,7.850462293414E-17,0.707106781187)
  );
#4188 = DIRECTION('',(1.110223024625E-16,1.,2.680278185005E-29));
#4189 = ADVANCED_FACE('',(#4190),#4208,.T.);
#4190 = FACE_BOUND('',#4191,.T.);
#4191 = EDGE_LOOP('',(#4192,#4193,#4194,#4202));
#4192 = ORIENTED_EDGE('',*,*,#4171,.F.);
#4193 = ORIENTED_EDGE('',*,*,#3740,.T.);
#4194 = ORIENTED_EDGE('',*,*,#4195,.T.);
#4195 = EDGE_CURVE('',#3733,#4196,#4198,.T.);
#4196 = VERTEX_POINT('',#4197);
#4197 = CARTESIAN_POINT('',(-0.3,-2.24,8.2));
#4198 = LINE('',#4199,#4200);
#4199 = CARTESIAN_POINT('',(-0.3,-2.24,8.2));
#4200 = VECTOR('',#4201,1.);
#4201 = DIRECTION('',(0.57735026919,-0.57735026919,-0.57735026919));
#4202 = ORIENTED_EDGE('',*,*,#4203,.F.);
#4203 = EDGE_CURVE('',#4172,#4196,#4204,.T.);
#4204 = LINE('',#4205,#4206);
#4205 = CARTESIAN_POINT('',(0.6,-2.24,8.2));
#4206 = VECTOR('',#4207,1.);
#4207 = DIRECTION('',(-1.,1.110223024625E-16,0.));
#4208 = PLANE('',#4209);
#4209 = AXIS2_PLACEMENT_3D('',#4210,#4211,#4212);
#4210 = CARTESIAN_POINT('',(0.6,-2.09,8.35));
#4211 = DIRECTION('',(-8.197719098449E-17,-0.707106781187,0.707106781187
    ));
#4212 = DIRECTION('',(-1.,1.13477778879E-16,-2.455476416522E-18));
#4213 = ADVANCED_FACE('',(#4214),#4232,.T.);
#4214 = FACE_BOUND('',#4215,.T.);
#4215 = EDGE_LOOP('',(#4216,#4217,#4218,#4226));
#4216 = ORIENTED_EDGE('',*,*,#4195,.F.);
#4217 = ORIENTED_EDGE('',*,*,#3732,.T.);
#4218 = ORIENTED_EDGE('',*,*,#4219,.T.);
#4219 = EDGE_CURVE('',#3725,#4220,#4222,.T.);
#4220 = VERTEX_POINT('',#4221);
#4221 = CARTESIAN_POINT('',(-0.3,-2.84,8.2));
#4222 = LINE('',#4223,#4224);
#4223 = CARTESIAN_POINT('',(-0.3,-2.84,8.2));
#4224 = VECTOR('',#4225,1.);
#4225 = DIRECTION('',(0.57735026919,0.57735026919,-0.57735026919));
#4226 = ORIENTED_EDGE('',*,*,#4227,.F.);
#4227 = EDGE_CURVE('',#4196,#4220,#4228,.T.);
#4228 = LINE('',#4229,#4230);
#4229 = CARTESIAN_POINT('',(-0.3,-1.94,8.2));
#4230 = VECTOR('',#4231,1.);
#4231 = DIRECTION('',(-1.110223024625E-16,-1.,0.));
#4232 = PLANE('',#4233);
#4233 = AXIS2_PLACEMENT_3D('',#4234,#4235,#4236);
#4234 = CARTESIAN_POINT('',(-0.45,-1.94,8.35));
#4235 = DIRECTION('',(0.707106781187,-7.850462293414E-17,0.707106781187)
  );
#4236 = DIRECTION('',(-1.110223024625E-16,-1.,2.680278185005E-29));
#4237 = ADVANCED_FACE('',(#4238),#4249,.T.);
#4238 = FACE_BOUND('',#4239,.T.);
#4239 = EDGE_LOOP('',(#4240,#4241,#4242,#4243));
#4240 = ORIENTED_EDGE('',*,*,#4219,.F.);
#4241 = ORIENTED_EDGE('',*,*,#3724,.T.);
#4242 = ORIENTED_EDGE('',*,*,#4162,.T.);
#4243 = ORIENTED_EDGE('',*,*,#4244,.F.);
#4244 = EDGE_CURVE('',#4220,#4163,#4245,.T.);
#4245 = LINE('',#4246,#4247);
#4246 = CARTESIAN_POINT('',(-0.6,-2.84,8.2));
#4247 = VECTOR('',#4248,1.);
#4248 = DIRECTION('',(1.,-1.110223024625E-16,0.));
#4249 = PLANE('',#4250);
#4250 = AXIS2_PLACEMENT_3D('',#4251,#4252,#4253);
#4251 = CARTESIAN_POINT('',(-0.6,-2.99,8.35));
#4252 = DIRECTION('',(8.197719098449E-17,0.707106781187,0.707106781187)
  );
#4253 = DIRECTION('',(1.,-1.13477778879E-16,-2.455476416522E-18));
#4254 = ADVANCED_FACE('',(#4255),#4280,.T.);
#4255 = FACE_BOUND('',#4256,.T.);
#4256 = EDGE_LOOP('',(#4257,#4265,#4266,#4274));
#4257 = ORIENTED_EDGE('',*,*,#4258,.F.);
#4258 = EDGE_CURVE('',#3749,#4259,#4261,.T.);
#4259 = VERTEX_POINT('',#4260);
#4260 = CARTESIAN_POINT('',(0.3,-0.3,8.2));
#4261 = LINE('',#4262,#4263);
#4262 = CARTESIAN_POINT('',(0.3,-0.3,8.2));
#4263 = VECTOR('',#4264,1.);
#4264 = DIRECTION('',(-0.57735026919,0.57735026919,-0.57735026919));
#4265 = ORIENTED_EDGE('',*,*,#3748,.T.);
#4266 = ORIENTED_EDGE('',*,*,#4267,.T.);
#4267 = EDGE_CURVE('',#3751,#4268,#4270,.T.);
#4268 = VERTEX_POINT('',#4269);
#4269 = CARTESIAN_POINT('',(0.3,0.3,8.2));
#4270 = LINE('',#4271,#4272);
#4271 = CARTESIAN_POINT('',(0.3,0.3,8.2));
#4272 = VECTOR('',#4273,1.);
#4273 = DIRECTION('',(-0.57735026919,-0.57735026919,-0.57735026919));
#4274 = ORIENTED_EDGE('',*,*,#4275,.F.);
#4275 = EDGE_CURVE('',#4259,#4268,#4276,.T.);
#4276 = LINE('',#4277,#4278);
#4277 = CARTESIAN_POINT('',(0.3,-0.6,8.2));
#4278 = VECTOR('',#4279,1.);
#4279 = DIRECTION('',(1.110223024625E-16,1.,0.));
#4280 = PLANE('',#4281);
#4281 = AXIS2_PLACEMENT_3D('',#4282,#4283,#4284);
#4282 = CARTESIAN_POINT('',(0.45,-0.6,8.35));
#4283 = DIRECTION('',(-0.707106781187,7.850462293414E-17,0.707106781187)
  );
#4284 = DIRECTION('',(1.110223024625E-16,1.,2.680278185005E-29));
#4285 = ADVANCED_FACE('',(#4286),#4304,.T.);
#4286 = FACE_BOUND('',#4287,.T.);
#4287 = EDGE_LOOP('',(#4288,#4289,#4290,#4298));
#4288 = ORIENTED_EDGE('',*,*,#4267,.F.);
#4289 = ORIENTED_EDGE('',*,*,#3774,.T.);
#4290 = ORIENTED_EDGE('',*,*,#4291,.T.);
#4291 = EDGE_CURVE('',#3767,#4292,#4294,.T.);
#4292 = VERTEX_POINT('',#4293);
#4293 = CARTESIAN_POINT('',(-0.3,0.3,8.2));
#4294 = LINE('',#4295,#4296);
#4295 = CARTESIAN_POINT('',(-0.3,0.3,8.2));
#4296 = VECTOR('',#4297,1.);
#4297 = DIRECTION('',(0.57735026919,-0.57735026919,-0.57735026919));
#4298 = ORIENTED_EDGE('',*,*,#4299,.F.);
#4299 = EDGE_CURVE('',#4268,#4292,#4300,.T.);
#4300 = LINE('',#4301,#4302);
#4301 = CARTESIAN_POINT('',(0.6,0.3,8.2));
#4302 = VECTOR('',#4303,1.);
#4303 = DIRECTION('',(-1.,1.110223024625E-16,0.));
#4304 = PLANE('',#4305);
#4305 = AXIS2_PLACEMENT_3D('',#4306,#4307,#4308);
#4306 = CARTESIAN_POINT('',(0.6,0.45,8.35));
#4307 = DIRECTION('',(-8.197719098449E-17,-0.707106781187,0.707106781187
    ));
#4308 = DIRECTION('',(-1.,1.13477778879E-16,-2.455476416522E-18));
#4309 = ADVANCED_FACE('',(#4310),#4328,.T.);
#4310 = FACE_BOUND('',#4311,.T.);
#4311 = EDGE_LOOP('',(#4312,#4313,#4314,#4322));
#4312 = ORIENTED_EDGE('',*,*,#4291,.F.);
#4313 = ORIENTED_EDGE('',*,*,#3766,.T.);
#4314 = ORIENTED_EDGE('',*,*,#4315,.T.);
#4315 = EDGE_CURVE('',#3759,#4316,#4318,.T.);
#4316 = VERTEX_POINT('',#4317);
#4317 = CARTESIAN_POINT('',(-0.3,-0.3,8.2));
#4318 = LINE('',#4319,#4320);
#4319 = CARTESIAN_POINT('',(-0.3,-0.3,8.2));
#4320 = VECTOR('',#4321,1.);
#4321 = DIRECTION('',(0.57735026919,0.57735026919,-0.57735026919));
#4322 = ORIENTED_EDGE('',*,*,#4323,.F.);
#4323 = EDGE_CURVE('',#4292,#4316,#4324,.T.);
#4324 = LINE('',#4325,#4326);
#4325 = CARTESIAN_POINT('',(-0.3,0.6,8.2));
#4326 = VECTOR('',#4327,1.);
#4327 = DIRECTION('',(-1.110223024625E-16,-1.,0.));
#4328 = PLANE('',#4329);
#4329 = AXIS2_PLACEMENT_3D('',#4330,#4331,#4332);
#4330 = CARTESIAN_POINT('',(-0.45,0.6,8.35));
#4331 = DIRECTION('',(0.707106781187,-7.850462293414E-17,0.707106781187)
  );
#4332 = DIRECTION('',(-1.110223024625E-16,-1.,2.680278185005E-29));
#4333 = ADVANCED_FACE('',(#4334),#4345,.T.);
#4334 = FACE_BOUND('',#4335,.T.);
#4335 = EDGE_LOOP('',(#4336,#4337,#4338,#4339));
#4336 = ORIENTED_EDGE('',*,*,#4315,.F.);
#4337 = ORIENTED_EDGE('',*,*,#3758,.T.);
#4338 = ORIENTED_EDGE('',*,*,#4258,.T.);
#4339 = ORIENTED_EDGE('',*,*,#4340,.F.);
#4340 = EDGE_CURVE('',#4316,#4259,#4341,.T.);
#4341 = LINE('',#4342,#4343);
#4342 = CARTESIAN_POINT('',(-0.6,-0.3,8.2));
#4343 = VECTOR('',#4344,1.);
#4344 = DIRECTION('',(1.,-1.110223024625E-16,0.));
#4345 = PLANE('',#4346);
#4346 = AXIS2_PLACEMENT_3D('',#4347,#4348,#4349);
#4347 = CARTESIAN_POINT('',(-0.6,-0.45,8.35));
#4348 = DIRECTION('',(8.197719098449E-17,0.707106781187,0.707106781187)
  );
#4349 = DIRECTION('',(1.,-1.13477778879E-16,-2.455476416522E-18));
#4350 = ADVANCED_FACE('',(#4351),#4362,.T.);
#4351 = FACE_BOUND('',#4352,.T.);
#4352 = EDGE_LOOP('',(#4353,#4354,#4355,#4361));
#4353 = ORIENTED_EDGE('',*,*,#3838,.F.);
#4354 = ORIENTED_EDGE('',*,*,#3848,.T.);
#4355 = ORIENTED_EDGE('',*,*,#4356,.T.);
#4356 = EDGE_CURVE('',#3849,#3889,#4357,.T.);
#4357 = LINE('',#4358,#4359);
#4358 = CARTESIAN_POINT('',(-0.1,-5.38,0.2));
#4359 = VECTOR('',#4360,1.);
#4360 = DIRECTION('',(1.,-1.110223024625E-16,0.));
#4361 = ORIENTED_EDGE('',*,*,#3896,.T.);
#4362 = PLANE('',#4363);
#4363 = AXIS2_PLACEMENT_3D('',#4364,#4365,#4366);
#4364 = CARTESIAN_POINT('',(-0.1,-5.38,0.2));
#4365 = DIRECTION('',(0.,-0.,-1.));
#4366 = DIRECTION('',(-1.110223024625E-16,-1.,0.));
#4367 = ADVANCED_FACE('',(#4368),#4409,.F.);
#4368 = FACE_BOUND('',#4369,.F.);
#4369 = EDGE_LOOP('',(#4370,#4378,#4379,#4387,#4395,#4403));
#4370 = ORIENTED_EDGE('',*,*,#4371,.T.);
#4371 = EDGE_CURVE('',#4372,#3889,#4374,.T.);
#4372 = VERTEX_POINT('',#4373);
#4373 = CARTESIAN_POINT('',(0.1,-5.38,-2.5));
#4374 = LINE('',#4375,#4376);
#4375 = CARTESIAN_POINT('',(0.1,-5.38,-2.5));
#4376 = VECTOR('',#4377,1.);
#4377 = DIRECTION('',(0.,0.,1.));
#4378 = ORIENTED_EDGE('',*,*,#3888,.F.);
#4379 = ORIENTED_EDGE('',*,*,#4380,.T.);
#4380 = EDGE_CURVE('',#3881,#4381,#4383,.T.);
#4381 = VERTEX_POINT('',#4382);
#4382 = CARTESIAN_POINT('',(0.1,-4.78,-2.5));
#4383 = LINE('',#4384,#4385);
#4384 = CARTESIAN_POINT('',(0.1,-4.78,0.2));
#4385 = VECTOR('',#4386,1.);
#4386 = DIRECTION('',(0.,0.,-1.));
#4387 = ORIENTED_EDGE('',*,*,#4388,.T.);
#4388 = EDGE_CURVE('',#4381,#4389,#4391,.T.);
#4389 = VERTEX_POINT('',#4390);
#4390 = CARTESIAN_POINT('',(0.1,-4.93,-3.1));
#4391 = LINE('',#4392,#4393);
#4392 = CARTESIAN_POINT('',(0.1,-4.78,-2.5));
#4393 = VECTOR('',#4394,1.);
#4394 = DIRECTION('',(-2.692686352073E-17,-0.242535625036,
    -0.970142500145));
#4395 = ORIENTED_EDGE('',*,*,#4396,.T.);
#4396 = EDGE_CURVE('',#4389,#4397,#4399,.T.);
#4397 = VERTEX_POINT('',#4398);
#4398 = CARTESIAN_POINT('',(0.1,-5.23,-3.1));
#4399 = LINE('',#4400,#4401);
#4400 = CARTESIAN_POINT('',(0.1,-4.93,-3.1));
#4401 = VECTOR('',#4402,1.);
#4402 = DIRECTION('',(-1.110223024625E-16,-1.,0.));
#4403 = ORIENTED_EDGE('',*,*,#4404,.T.);
#4404 = EDGE_CURVE('',#4397,#4372,#4405,.T.);
#4405 = LINE('',#4406,#4407);
#4406 = CARTESIAN_POINT('',(0.1,-5.23,-3.1));
#4407 = VECTOR('',#4408,1.);
#4408 = DIRECTION('',(-2.692686352073E-17,-0.242535625036,0.970142500145
    ));
#4409 = PLANE('',#4410);
#4410 = AXIS2_PLACEMENT_3D('',#4411,#4412,#4413);
#4411 = CARTESIAN_POINT('',(0.1,-5.08,3.911477598424));
#4412 = DIRECTION('',(-1.,1.110223024625E-16,0.));
#4413 = DIRECTION('',(0.,0.,1.));
#4414 = ADVANCED_FACE('',(#4415),#4426,.T.);
#4415 = FACE_BOUND('',#4416,.T.);
#4416 = EDGE_LOOP('',(#4417,#4423,#4424,#4425));
#4417 = ORIENTED_EDGE('',*,*,#4418,.F.);
#4418 = EDGE_CURVE('',#3857,#3881,#4419,.T.);
#4419 = LINE('',#4420,#4421);
#4420 = CARTESIAN_POINT('',(-0.1,-4.78,0.2));
#4421 = VECTOR('',#4422,1.);
#4422 = DIRECTION('',(1.,-1.110223024625E-16,0.));
#4423 = ORIENTED_EDGE('',*,*,#3864,.T.);
#4424 = ORIENTED_EDGE('',*,*,#3872,.T.);
#4425 = ORIENTED_EDGE('',*,*,#3880,.T.);
#4426 = PLANE('',#4427);
#4427 = AXIS2_PLACEMENT_3D('',#4428,#4429,#4430);
#4428 = CARTESIAN_POINT('',(-0.1,-5.38,0.2));
#4429 = DIRECTION('',(0.,-0.,-1.));
#4430 = DIRECTION('',(-1.110223024625E-16,-1.,0.));
#4431 = ADVANCED_FACE('',(#4432),#4473,.T.);
#4432 = FACE_BOUND('',#4433,.T.);
#4433 = EDGE_LOOP('',(#4434,#4442,#4443,#4451,#4459,#4467));
#4434 = ORIENTED_EDGE('',*,*,#4435,.T.);
#4435 = EDGE_CURVE('',#4436,#3849,#4438,.T.);
#4436 = VERTEX_POINT('',#4437);
#4437 = CARTESIAN_POINT('',(-0.1,-5.38,-2.5));
#4438 = LINE('',#4439,#4440);
#4439 = CARTESIAN_POINT('',(-0.1,-5.38,-2.5));
#4440 = VECTOR('',#4441,1.);
#4441 = DIRECTION('',(0.,0.,1.));
#4442 = ORIENTED_EDGE('',*,*,#3856,.F.);
#4443 = ORIENTED_EDGE('',*,*,#4444,.T.);
#4444 = EDGE_CURVE('',#3857,#4445,#4447,.T.);
#4445 = VERTEX_POINT('',#4446);
#4446 = CARTESIAN_POINT('',(-0.1,-4.78,-2.5));
#4447 = LINE('',#4448,#4449);
#4448 = CARTESIAN_POINT('',(-0.1,-4.78,0.2));
#4449 = VECTOR('',#4450,1.);
#4450 = DIRECTION('',(0.,0.,-1.));
#4451 = ORIENTED_EDGE('',*,*,#4452,.T.);
#4452 = EDGE_CURVE('',#4445,#4453,#4455,.T.);
#4453 = VERTEX_POINT('',#4454);
#4454 = CARTESIAN_POINT('',(-0.1,-4.93,-3.1));
#4455 = LINE('',#4456,#4457);
#4456 = CARTESIAN_POINT('',(-0.1,-4.78,-2.5));
#4457 = VECTOR('',#4458,1.);
#4458 = DIRECTION('',(-2.692686352073E-17,-0.242535625036,
    -0.970142500145));
#4459 = ORIENTED_EDGE('',*,*,#4460,.F.);
#4460 = EDGE_CURVE('',#4461,#4453,#4463,.T.);
#4461 = VERTEX_POINT('',#4462);
#4462 = CARTESIAN_POINT('',(-0.1,-5.23,-3.1));
#4463 = LINE('',#4464,#4465);
#4464 = CARTESIAN_POINT('',(-0.1,-5.23,-3.1));
#4465 = VECTOR('',#4466,1.);
#4466 = DIRECTION('',(1.110223024625E-16,1.,0.));
#4467 = ORIENTED_EDGE('',*,*,#4468,.T.);
#4468 = EDGE_CURVE('',#4461,#4436,#4469,.T.);
#4469 = LINE('',#4470,#4471);
#4470 = CARTESIAN_POINT('',(-0.1,-5.23,-3.1));
#4471 = VECTOR('',#4472,1.);
#4472 = DIRECTION('',(-2.692686352073E-17,-0.242535625036,0.970142500145
    ));
#4473 = PLANE('',#4474);
#4474 = AXIS2_PLACEMENT_3D('',#4475,#4476,#4477);
#4475 = CARTESIAN_POINT('',(-0.1,-5.08,3.911477598424));
#4476 = DIRECTION('',(-1.,1.110223024625E-16,0.));
#4477 = DIRECTION('',(0.,0.,1.));
#4478 = ADVANCED_FACE('',(#4479),#4490,.T.);
#4479 = FACE_BOUND('',#4480,.T.);
#4480 = EDGE_LOOP('',(#4481,#4482,#4483,#4489));
#4481 = ORIENTED_EDGE('',*,*,#3904,.F.);
#4482 = ORIENTED_EDGE('',*,*,#3914,.T.);
#4483 = ORIENTED_EDGE('',*,*,#4484,.T.);
#4484 = EDGE_CURVE('',#3915,#3955,#4485,.T.);
#4485 = LINE('',#4486,#4487);
#4486 = CARTESIAN_POINT('',(-0.1,-2.84,0.2));
#4487 = VECTOR('',#4488,1.);
#4488 = DIRECTION('',(1.,-1.110223024625E-16,0.));
#4489 = ORIENTED_EDGE('',*,*,#3962,.T.);
#4490 = PLANE('',#4491);
#4491 = AXIS2_PLACEMENT_3D('',#4492,#4493,#4494);
#4492 = CARTESIAN_POINT('',(-0.1,-2.84,0.2));
#4493 = DIRECTION('',(0.,-0.,-1.));
#4494 = DIRECTION('',(-1.110223024625E-16,-1.,0.));
#4495 = ADVANCED_FACE('',(#4496),#4537,.F.);
#4496 = FACE_BOUND('',#4497,.F.);
#4497 = EDGE_LOOP('',(#4498,#4506,#4507,#4515,#4523,#4531));
#4498 = ORIENTED_EDGE('',*,*,#4499,.T.);
#4499 = EDGE_CURVE('',#4500,#3955,#4502,.T.);
#4500 = VERTEX_POINT('',#4501);
#4501 = CARTESIAN_POINT('',(0.1,-2.84,-2.5));
#4502 = LINE('',#4503,#4504);
#4503 = CARTESIAN_POINT('',(0.1,-2.84,-2.5));
#4504 = VECTOR('',#4505,1.);
#4505 = DIRECTION('',(0.,0.,1.));
#4506 = ORIENTED_EDGE('',*,*,#3954,.F.);
#4507 = ORIENTED_EDGE('',*,*,#4508,.T.);
#4508 = EDGE_CURVE('',#3947,#4509,#4511,.T.);
#4509 = VERTEX_POINT('',#4510);
#4510 = CARTESIAN_POINT('',(0.1,-2.24,-2.5));
#4511 = LINE('',#4512,#4513);
#4512 = CARTESIAN_POINT('',(0.1,-2.24,0.2));
#4513 = VECTOR('',#4514,1.);
#4514 = DIRECTION('',(0.,0.,-1.));
#4515 = ORIENTED_EDGE('',*,*,#4516,.T.);
#4516 = EDGE_CURVE('',#4509,#4517,#4519,.T.);
#4517 = VERTEX_POINT('',#4518);
#4518 = CARTESIAN_POINT('',(0.1,-2.39,-3.1));
#4519 = LINE('',#4520,#4521);
#4520 = CARTESIAN_POINT('',(0.1,-2.24,-2.5));
#4521 = VECTOR('',#4522,1.);
#4522 = DIRECTION('',(-2.692686352073E-17,-0.242535625036,
    -0.970142500145));
#4523 = ORIENTED_EDGE('',*,*,#4524,.T.);
#4524 = EDGE_CURVE('',#4517,#4525,#4527,.T.);
#4525 = VERTEX_POINT('',#4526);
#4526 = CARTESIAN_POINT('',(0.1,-2.69,-3.1));
#4527 = LINE('',#4528,#4529);
#4528 = CARTESIAN_POINT('',(0.1,-2.39,-3.1));
#4529 = VECTOR('',#4530,1.);
#4530 = DIRECTION('',(-1.110223024625E-16,-1.,0.));
#4531 = ORIENTED_EDGE('',*,*,#4532,.T.);
#4532 = EDGE_CURVE('',#4525,#4500,#4533,.T.);
#4533 = LINE('',#4534,#4535);
#4534 = CARTESIAN_POINT('',(0.1,-2.69,-3.1));
#4535 = VECTOR('',#4536,1.);
#4536 = DIRECTION('',(-2.692686352073E-17,-0.242535625036,0.970142500145
    ));
#4537 = PLANE('',#4538);
#4538 = AXIS2_PLACEMENT_3D('',#4539,#4540,#4541);
#4539 = CARTESIAN_POINT('',(0.1,-2.54,3.911477598424));
#4540 = DIRECTION('',(-1.,1.110223024625E-16,0.));
#4541 = DIRECTION('',(0.,0.,1.));
#4542 = ADVANCED_FACE('',(#4543),#4554,.T.);
#4543 = FACE_BOUND('',#4544,.T.);
#4544 = EDGE_LOOP('',(#4545,#4551,#4552,#4553));
#4545 = ORIENTED_EDGE('',*,*,#4546,.F.);
#4546 = EDGE_CURVE('',#3923,#3947,#4547,.T.);
#4547 = LINE('',#4548,#4549);
#4548 = CARTESIAN_POINT('',(-0.1,-2.24,0.2));
#4549 = VECTOR('',#4550,1.);
#4550 = DIRECTION('',(1.,-1.110223024625E-16,0.));
#4551 = ORIENTED_EDGE('',*,*,#3930,.T.);
#4552 = ORIENTED_EDGE('',*,*,#3938,.T.);
#4553 = ORIENTED_EDGE('',*,*,#3946,.T.);
#4554 = PLANE('',#4555);
#4555 = AXIS2_PLACEMENT_3D('',#4556,#4557,#4558);
#4556 = CARTESIAN_POINT('',(-0.1,-2.84,0.2));
#4557 = DIRECTION('',(0.,-0.,-1.));
#4558 = DIRECTION('',(-1.110223024625E-16,-1.,0.));
#4559 = ADVANCED_FACE('',(#4560),#4601,.T.);
#4560 = FACE_BOUND('',#4561,.T.);
#4561 = EDGE_LOOP('',(#4562,#4570,#4571,#4579,#4587,#4595));
#4562 = ORIENTED_EDGE('',*,*,#4563,.T.);
#4563 = EDGE_CURVE('',#4564,#3915,#4566,.T.);
#4564 = VERTEX_POINT('',#4565);
#4565 = CARTESIAN_POINT('',(-0.1,-2.84,-2.5));
#4566 = LINE('',#4567,#4568);
#4567 = CARTESIAN_POINT('',(-0.1,-2.84,-2.5));
#4568 = VECTOR('',#4569,1.);
#4569 = DIRECTION('',(0.,0.,1.));
#4570 = ORIENTED_EDGE('',*,*,#3922,.F.);
#4571 = ORIENTED_EDGE('',*,*,#4572,.T.);
#4572 = EDGE_CURVE('',#3923,#4573,#4575,.T.);
#4573 = VERTEX_POINT('',#4574);
#4574 = CARTESIAN_POINT('',(-0.1,-2.24,-2.5));
#4575 = LINE('',#4576,#4577);
#4576 = CARTESIAN_POINT('',(-0.1,-2.24,0.2));
#4577 = VECTOR('',#4578,1.);
#4578 = DIRECTION('',(0.,0.,-1.));
#4579 = ORIENTED_EDGE('',*,*,#4580,.T.);
#4580 = EDGE_CURVE('',#4573,#4581,#4583,.T.);
#4581 = VERTEX_POINT('',#4582);
#4582 = CARTESIAN_POINT('',(-0.1,-2.39,-3.1));
#4583 = LINE('',#4584,#4585);
#4584 = CARTESIAN_POINT('',(-0.1,-2.24,-2.5));
#4585 = VECTOR('',#4586,1.);
#4586 = DIRECTION('',(-2.692686352073E-17,-0.242535625036,
    -0.970142500145));
#4587 = ORIENTED_EDGE('',*,*,#4588,.F.);
#4588 = EDGE_CURVE('',#4589,#4581,#4591,.T.);
#4589 = VERTEX_POINT('',#4590);
#4590 = CARTESIAN_POINT('',(-0.1,-2.69,-3.1));
#4591 = LINE('',#4592,#4593);
#4592 = CARTESIAN_POINT('',(-0.1,-2.69,-3.1));
#4593 = VECTOR('',#4594,1.);
#4594 = DIRECTION('',(1.110223024625E-16,1.,0.));
#4595 = ORIENTED_EDGE('',*,*,#4596,.T.);
#4596 = EDGE_CURVE('',#4589,#4564,#4597,.T.);
#4597 = LINE('',#4598,#4599);
#4598 = CARTESIAN_POINT('',(-0.1,-2.69,-3.1));
#4599 = VECTOR('',#4600,1.);
#4600 = DIRECTION('',(-2.692686352073E-17,-0.242535625036,0.970142500145
    ));
#4601 = PLANE('',#4602);
#4602 = AXIS2_PLACEMENT_3D('',#4603,#4604,#4605);
#4603 = CARTESIAN_POINT('',(-0.1,-2.54,3.911477598424));
#4604 = DIRECTION('',(-1.,1.110223024625E-16,0.));
#4605 = DIRECTION('',(0.,0.,1.));
#4606 = ADVANCED_FACE('',(#4607),#4618,.T.);
#4607 = FACE_BOUND('',#4608,.T.);
#4608 = EDGE_LOOP('',(#4609,#4610,#4611,#4617));
#4609 = ORIENTED_EDGE('',*,*,#3970,.F.);
#4610 = ORIENTED_EDGE('',*,*,#3980,.T.);
#4611 = ORIENTED_EDGE('',*,*,#4612,.T.);
#4612 = EDGE_CURVE('',#3981,#4021,#4613,.T.);
#4613 = LINE('',#4614,#4615);
#4614 = CARTESIAN_POINT('',(-0.1,-0.3,0.2));
#4615 = VECTOR('',#4616,1.);
#4616 = DIRECTION('',(1.,-1.110223024625E-16,0.));
#4617 = ORIENTED_EDGE('',*,*,#4028,.T.);
#4618 = PLANE('',#4619);
#4619 = AXIS2_PLACEMENT_3D('',#4620,#4621,#4622);
#4620 = CARTESIAN_POINT('',(-0.1,-0.3,0.2));
#4621 = DIRECTION('',(0.,-0.,-1.));
#4622 = DIRECTION('',(-1.110223024625E-16,-1.,0.));
#4623 = ADVANCED_FACE('',(#4624),#4665,.F.);
#4624 = FACE_BOUND('',#4625,.F.);
#4625 = EDGE_LOOP('',(#4626,#4634,#4635,#4643,#4651,#4659));
#4626 = ORIENTED_EDGE('',*,*,#4627,.T.);
#4627 = EDGE_CURVE('',#4628,#4021,#4630,.T.);
#4628 = VERTEX_POINT('',#4629);
#4629 = CARTESIAN_POINT('',(0.1,-0.3,-2.5));
#4630 = LINE('',#4631,#4632);
#4631 = CARTESIAN_POINT('',(0.1,-0.3,-2.5));
#4632 = VECTOR('',#4633,1.);
#4633 = DIRECTION('',(0.,0.,1.));
#4634 = ORIENTED_EDGE('',*,*,#4020,.F.);
#4635 = ORIENTED_EDGE('',*,*,#4636,.T.);
#4636 = EDGE_CURVE('',#4013,#4637,#4639,.T.);
#4637 = VERTEX_POINT('',#4638);
#4638 = CARTESIAN_POINT('',(0.1,0.3,-2.5));
#4639 = LINE('',#4640,#4641);
#4640 = CARTESIAN_POINT('',(0.1,0.3,0.2));
#4641 = VECTOR('',#4642,1.);
#4642 = DIRECTION('',(0.,0.,-1.));
#4643 = ORIENTED_EDGE('',*,*,#4644,.T.);
#4644 = EDGE_CURVE('',#4637,#4645,#4647,.T.);
#4645 = VERTEX_POINT('',#4646);
#4646 = CARTESIAN_POINT('',(0.1,0.15,-3.1));
#4647 = LINE('',#4648,#4649);
#4648 = CARTESIAN_POINT('',(0.1,0.3,-2.5));
#4649 = VECTOR('',#4650,1.);
#4650 = DIRECTION('',(-2.692686352073E-17,-0.242535625036,
    -0.970142500145));
#4651 = ORIENTED_EDGE('',*,*,#4652,.T.);
#4652 = EDGE_CURVE('',#4645,#4653,#4655,.T.);
#4653 = VERTEX_POINT('',#4654);
#4654 = CARTESIAN_POINT('',(0.1,-0.15,-3.1));
#4655 = LINE('',#4656,#4657);
#4656 = CARTESIAN_POINT('',(0.1,0.15,-3.1));
#4657 = VECTOR('',#4658,1.);
#4658 = DIRECTION('',(-1.110223024625E-16,-1.,0.));
#4659 = ORIENTED_EDGE('',*,*,#4660,.T.);
#4660 = EDGE_CURVE('',#4653,#4628,#4661,.T.);
#4661 = LINE('',#4662,#4663);
#4662 = CARTESIAN_POINT('',(0.1,-0.15,-3.1));
#4663 = VECTOR('',#4664,1.);
#4664 = DIRECTION('',(-2.692686352073E-17,-0.242535625036,0.970142500145
    ));
#4665 = PLANE('',#4666);
#4666 = AXIS2_PLACEMENT_3D('',#4667,#4668,#4669);
#4667 = CARTESIAN_POINT('',(0.1,-1.110223024625E-17,3.911477598424));
#4668 = DIRECTION('',(-1.,1.110223024625E-16,0.));
#4669 = DIRECTION('',(0.,0.,1.));
#4670 = ADVANCED_FACE('',(#4671),#4682,.T.);
#4671 = FACE_BOUND('',#4672,.T.);
#4672 = EDGE_LOOP('',(#4673,#4679,#4680,#4681));
#4673 = ORIENTED_EDGE('',*,*,#4674,.F.);
#4674 = EDGE_CURVE('',#3989,#4013,#4675,.T.);
#4675 = LINE('',#4676,#4677);
#4676 = CARTESIAN_POINT('',(-0.1,0.3,0.2));
#4677 = VECTOR('',#4678,1.);
#4678 = DIRECTION('',(1.,-1.110223024625E-16,0.));
#4679 = ORIENTED_EDGE('',*,*,#3996,.T.);
#4680 = ORIENTED_EDGE('',*,*,#4004,.T.);
#4681 = ORIENTED_EDGE('',*,*,#4012,.T.);
#4682 = PLANE('',#4683);
#4683 = AXIS2_PLACEMENT_3D('',#4684,#4685,#4686);
#4684 = CARTESIAN_POINT('',(-0.1,-0.3,0.2));
#4685 = DIRECTION('',(0.,-0.,-1.));
#4686 = DIRECTION('',(-1.110223024625E-16,-1.,0.));
#4687 = ADVANCED_FACE('',(#4688),#4729,.T.);
#4688 = FACE_BOUND('',#4689,.T.);
#4689 = EDGE_LOOP('',(#4690,#4698,#4699,#4707,#4715,#4723));
#4690 = ORIENTED_EDGE('',*,*,#4691,.T.);
#4691 = EDGE_CURVE('',#4692,#3981,#4694,.T.);
#4692 = VERTEX_POINT('',#4693);
#4693 = CARTESIAN_POINT('',(-0.1,-0.3,-2.5));
#4694 = LINE('',#4695,#4696);
#4695 = CARTESIAN_POINT('',(-0.1,-0.3,-2.5));
#4696 = VECTOR('',#4697,1.);
#4697 = DIRECTION('',(0.,0.,1.));
#4698 = ORIENTED_EDGE('',*,*,#3988,.F.);
#4699 = ORIENTED_EDGE('',*,*,#4700,.T.);
#4700 = EDGE_CURVE('',#3989,#4701,#4703,.T.);
#4701 = VERTEX_POINT('',#4702);
#4702 = CARTESIAN_POINT('',(-0.1,0.3,-2.5));
#4703 = LINE('',#4704,#4705);
#4704 = CARTESIAN_POINT('',(-0.1,0.3,0.2));
#4705 = VECTOR('',#4706,1.);
#4706 = DIRECTION('',(0.,0.,-1.));
#4707 = ORIENTED_EDGE('',*,*,#4708,.T.);
#4708 = EDGE_CURVE('',#4701,#4709,#4711,.T.);
#4709 = VERTEX_POINT('',#4710);
#4710 = CARTESIAN_POINT('',(-0.1,0.15,-3.1));
#4711 = LINE('',#4712,#4713);
#4712 = CARTESIAN_POINT('',(-0.1,0.3,-2.5));
#4713 = VECTOR('',#4714,1.);
#4714 = DIRECTION('',(-2.692686352073E-17,-0.242535625036,
    -0.970142500145));
#4715 = ORIENTED_EDGE('',*,*,#4716,.F.);
#4716 = EDGE_CURVE('',#4717,#4709,#4719,.T.);
#4717 = VERTEX_POINT('',#4718);
#4718 = CARTESIAN_POINT('',(-0.1,-0.15,-3.1));
#4719 = LINE('',#4720,#4721);
#4720 = CARTESIAN_POINT('',(-0.1,-0.15,-3.1));
#4721 = VECTOR('',#4722,1.);
#4722 = DIRECTION('',(1.110223024625E-16,1.,0.));
#4723 = ORIENTED_EDGE('',*,*,#4724,.T.);
#4724 = EDGE_CURVE('',#4717,#4692,#4725,.T.);
#4725 = LINE('',#4726,#4727);
#4726 = CARTESIAN_POINT('',(-0.1,-0.15,-3.1));
#4727 = VECTOR('',#4728,1.);
#4728 = DIRECTION('',(-2.692686352073E-17,-0.242535625036,0.970142500145
    ));
#4729 = PLANE('',#4730);
#4730 = AXIS2_PLACEMENT_3D('',#4731,#4732,#4733);
#4731 = CARTESIAN_POINT('',(-0.1,1.110223024625E-17,3.911477598424));
#4732 = DIRECTION('',(-1.,1.110223024625E-16,0.));
#4733 = DIRECTION('',(0.,0.,1.));
#4734 = ADVANCED_FACE('',(#4735),#4760,.F.);
#4735 = FACE_BOUND('',#4736,.F.);
#4736 = EDGE_LOOP('',(#4737,#4745,#4753,#4759));
#4737 = ORIENTED_EDGE('',*,*,#4738,.T.);
#4738 = EDGE_CURVE('',#4067,#4739,#4741,.T.);
#4739 = VERTEX_POINT('',#4740);
#4740 = CARTESIAN_POINT('',(0.3,-5.38,0.9));
#4741 = LINE('',#4742,#4743);
#4742 = CARTESIAN_POINT('',(0.3,-5.38,8.2));
#4743 = VECTOR('',#4744,1.);
#4744 = DIRECTION('',(0.,-0.,-1.));
#4745 = ORIENTED_EDGE('',*,*,#4746,.T.);
#4746 = EDGE_CURVE('',#4739,#4747,#4749,.T.);
#4747 = VERTEX_POINT('',#4748);
#4748 = CARTESIAN_POINT('',(0.3,-4.78,0.9));
#4749 = LINE('',#4750,#4751);
#4750 = CARTESIAN_POINT('',(0.3,-5.38,0.9));
#4751 = VECTOR('',#4752,1.);
#4752 = DIRECTION('',(1.110223024625E-16,1.,0.));
#4753 = ORIENTED_EDGE('',*,*,#4754,.F.);
#4754 = EDGE_CURVE('',#4076,#4747,#4755,.T.);
#4755 = LINE('',#4756,#4757);
#4756 = CARTESIAN_POINT('',(0.3,-4.78,8.2));
#4757 = VECTOR('',#4758,1.);
#4758 = DIRECTION('',(0.,-0.,-1.));
#4759 = ORIENTED_EDGE('',*,*,#4083,.F.);
#4760 = PLANE('',#4761);
#4761 = AXIS2_PLACEMENT_3D('',#4762,#4763,#4764);
#4762 = CARTESIAN_POINT('',(0.3,-5.38,8.2));
#4763 = DIRECTION('',(1.,-1.110223024625E-16,0.));
#4764 = DIRECTION('',(1.110223024625E-16,1.,0.));
#4765 = ADVANCED_FACE('',(#4766),#4816,.F.);
#4766 = FACE_BOUND('',#4767,.F.);
#4767 = EDGE_LOOP('',(#4768,#4769,#4770,#4778,#4786,#4794,#4802,#4810));
#4768 = ORIENTED_EDGE('',*,*,#4107,.F.);
#4769 = ORIENTED_EDGE('',*,*,#4754,.T.);
#4770 = ORIENTED_EDGE('',*,*,#4771,.T.);
#4771 = EDGE_CURVE('',#4747,#4772,#4774,.T.);
#4772 = VERTEX_POINT('',#4773);
#4773 = CARTESIAN_POINT('',(0.1,-4.78,0.9));
#4774 = LINE('',#4775,#4776);
#4775 = CARTESIAN_POINT('',(0.3,-4.78,0.9));
#4776 = VECTOR('',#4777,1.);
#4777 = DIRECTION('',(-1.,1.110223024625E-16,0.));
#4778 = ORIENTED_EDGE('',*,*,#4779,.T.);
#4779 = EDGE_CURVE('',#4772,#4780,#4782,.T.);
#4780 = VERTEX_POINT('',#4781);
#4781 = CARTESIAN_POINT('',(0.1,-4.78,7.4));
#4782 = LINE('',#4783,#4784);
#4783 = CARTESIAN_POINT('',(0.1,-4.78,6.055738799212));
#4784 = VECTOR('',#4785,1.);
#4785 = DIRECTION('',(0.,-0.,1.));
#4786 = ORIENTED_EDGE('',*,*,#4787,.F.);
#4787 = EDGE_CURVE('',#4788,#4780,#4790,.T.);
#4788 = VERTEX_POINT('',#4789);
#4789 = CARTESIAN_POINT('',(-0.1,-4.78,7.4));
#4790 = LINE('',#4791,#4792);
#4791 = CARTESIAN_POINT('',(-0.1,-4.78,7.4));
#4792 = VECTOR('',#4793,1.);
#4793 = DIRECTION('',(1.,-1.110223024625E-16,0.));
#4794 = ORIENTED_EDGE('',*,*,#4795,.F.);
#4795 = EDGE_CURVE('',#4796,#4788,#4798,.T.);
#4796 = VERTEX_POINT('',#4797);
#4797 = CARTESIAN_POINT('',(-0.1,-4.78,0.9));
#4798 = LINE('',#4799,#4800);
#4799 = CARTESIAN_POINT('',(-0.1,-4.78,6.055738799212));
#4800 = VECTOR('',#4801,1.);
#4801 = DIRECTION('',(0.,-0.,1.));
#4802 = ORIENTED_EDGE('',*,*,#4803,.T.);
#4803 = EDGE_CURVE('',#4796,#4804,#4806,.T.);
#4804 = VERTEX_POINT('',#4805);
#4805 = CARTESIAN_POINT('',(-0.3,-4.78,0.9));
#4806 = LINE('',#4807,#4808);
#4807 = CARTESIAN_POINT('',(0.3,-4.78,0.9));
#4808 = VECTOR('',#4809,1.);
#4809 = DIRECTION('',(-1.,1.110223024625E-16,0.));
#4810 = ORIENTED_EDGE('',*,*,#4811,.F.);
#4811 = EDGE_CURVE('',#4100,#4804,#4812,.T.);
#4812 = LINE('',#4813,#4814);
#4813 = CARTESIAN_POINT('',(-0.3,-4.78,8.2));
#4814 = VECTOR('',#4815,1.);
#4815 = DIRECTION('',(0.,-0.,-1.));
#4816 = PLANE('',#4817);
#4817 = AXIS2_PLACEMENT_3D('',#4818,#4819,#4820);
#4818 = CARTESIAN_POINT('',(0.3,-4.78,8.2));
#4819 = DIRECTION('',(1.110223024625E-16,1.,0.));
#4820 = DIRECTION('',(-1.,1.110223024625E-16,0.));
#4821 = ADVANCED_FACE('',(#4822),#4840,.F.);
#4822 = FACE_BOUND('',#4823,.F.);
#4823 = EDGE_LOOP('',(#4824,#4825,#4833,#4839));
#4824 = ORIENTED_EDGE('',*,*,#4811,.T.);
#4825 = ORIENTED_EDGE('',*,*,#4826,.T.);
#4826 = EDGE_CURVE('',#4804,#4827,#4829,.T.);
#4827 = VERTEX_POINT('',#4828);
#4828 = CARTESIAN_POINT('',(-0.3,-5.38,0.9));
#4829 = LINE('',#4830,#4831);
#4830 = CARTESIAN_POINT('',(-0.3,-4.78,0.9));
#4831 = VECTOR('',#4832,1.);
#4832 = DIRECTION('',(-1.110223024625E-16,-1.,0.));
#4833 = ORIENTED_EDGE('',*,*,#4834,.F.);
#4834 = EDGE_CURVE('',#4124,#4827,#4835,.T.);
#4835 = LINE('',#4836,#4837);
#4836 = CARTESIAN_POINT('',(-0.3,-5.38,8.2));
#4837 = VECTOR('',#4838,1.);
#4838 = DIRECTION('',(0.,-0.,-1.));
#4839 = ORIENTED_EDGE('',*,*,#4131,.F.);
#4840 = PLANE('',#4841);
#4841 = AXIS2_PLACEMENT_3D('',#4842,#4843,#4844);
#4842 = CARTESIAN_POINT('',(-0.3,-4.78,8.2));
#4843 = DIRECTION('',(-1.,1.110223024625E-16,0.));
#4844 = DIRECTION('',(-1.110223024625E-16,-1.,0.));
#4845 = ADVANCED_FACE('',(#4846),#4889,.F.);
#4846 = FACE_BOUND('',#4847,.F.);
#4847 = EDGE_LOOP('',(#4848,#4849,#4850,#4858,#4866,#4874,#4882,#4888));
#4848 = ORIENTED_EDGE('',*,*,#4148,.F.);
#4849 = ORIENTED_EDGE('',*,*,#4834,.T.);
#4850 = ORIENTED_EDGE('',*,*,#4851,.T.);
#4851 = EDGE_CURVE('',#4827,#4852,#4854,.T.);
#4852 = VERTEX_POINT('',#4853);
#4853 = CARTESIAN_POINT('',(-0.1,-5.38,0.9));
#4854 = LINE('',#4855,#4856);
#4855 = CARTESIAN_POINT('',(-0.3,-5.38,0.9));
#4856 = VECTOR('',#4857,1.);
#4857 = DIRECTION('',(1.,-1.110223024625E-16,0.));
#4858 = ORIENTED_EDGE('',*,*,#4859,.F.);
#4859 = EDGE_CURVE('',#4860,#4852,#4862,.T.);
#4860 = VERTEX_POINT('',#4861);
#4861 = CARTESIAN_POINT('',(-0.1,-5.38,7.4));
#4862 = LINE('',#4863,#4864);
#4863 = CARTESIAN_POINT('',(-0.1,-5.38,6.055738799212));
#4864 = VECTOR('',#4865,1.);
#4865 = DIRECTION('',(-0.,0.,-1.));
#4866 = ORIENTED_EDGE('',*,*,#4867,.T.);
#4867 = EDGE_CURVE('',#4860,#4868,#4870,.T.);
#4868 = VERTEX_POINT('',#4869);
#4869 = CARTESIAN_POINT('',(0.1,-5.38,7.4));
#4870 = LINE('',#4871,#4872);
#4871 = CARTESIAN_POINT('',(-0.1,-5.38,7.4));
#4872 = VECTOR('',#4873,1.);
#4873 = DIRECTION('',(1.,-1.110223024625E-16,0.));
#4874 = ORIENTED_EDGE('',*,*,#4875,.T.);
#4875 = EDGE_CURVE('',#4868,#4876,#4878,.T.);
#4876 = VERTEX_POINT('',#4877);
#4877 = CARTESIAN_POINT('',(0.1,-5.38,0.9));
#4878 = LINE('',#4879,#4880);
#4879 = CARTESIAN_POINT('',(0.1,-5.38,6.055738799212));
#4880 = VECTOR('',#4881,1.);
#4881 = DIRECTION('',(-0.,0.,-1.));
#4882 = ORIENTED_EDGE('',*,*,#4883,.T.);
#4883 = EDGE_CURVE('',#4876,#4739,#4884,.T.);
#4884 = LINE('',#4885,#4886);
#4885 = CARTESIAN_POINT('',(-0.3,-5.38,0.9));
#4886 = VECTOR('',#4887,1.);
#4887 = DIRECTION('',(1.,-1.110223024625E-16,0.));
#4888 = ORIENTED_EDGE('',*,*,#4738,.F.);
#4889 = PLANE('',#4890);
#4890 = AXIS2_PLACEMENT_3D('',#4891,#4892,#4893);
#4891 = CARTESIAN_POINT('',(-0.3,-5.38,8.2));
#4892 = DIRECTION('',(-1.110223024625E-16,-1.,0.));
#4893 = DIRECTION('',(1.,-1.110223024625E-16,0.));
#4894 = ADVANCED_FACE('',(#4895),#4920,.F.);
#4895 = FACE_BOUND('',#4896,.F.);
#4896 = EDGE_LOOP('',(#4897,#4905,#4913,#4919));
#4897 = ORIENTED_EDGE('',*,*,#4898,.T.);
#4898 = EDGE_CURVE('',#4163,#4899,#4901,.T.);
#4899 = VERTEX_POINT('',#4900);
#4900 = CARTESIAN_POINT('',(0.3,-2.84,0.9));
#4901 = LINE('',#4902,#4903);
#4902 = CARTESIAN_POINT('',(0.3,-2.84,8.2));
#4903 = VECTOR('',#4904,1.);
#4904 = DIRECTION('',(0.,-0.,-1.));
#4905 = ORIENTED_EDGE('',*,*,#4906,.T.);
#4906 = EDGE_CURVE('',#4899,#4907,#4909,.T.);
#4907 = VERTEX_POINT('',#4908);
#4908 = CARTESIAN_POINT('',(0.3,-2.24,0.9));
#4909 = LINE('',#4910,#4911);
#4910 = CARTESIAN_POINT('',(0.3,-2.84,0.9));
#4911 = VECTOR('',#4912,1.);
#4912 = DIRECTION('',(1.110223024625E-16,1.,0.));
#4913 = ORIENTED_EDGE('',*,*,#4914,.F.);
#4914 = EDGE_CURVE('',#4172,#4907,#4915,.T.);
#4915 = LINE('',#4916,#4917);
#4916 = CARTESIAN_POINT('',(0.3,-2.24,8.2));
#4917 = VECTOR('',#4918,1.);
#4918 = DIRECTION('',(0.,-0.,-1.));
#4919 = ORIENTED_EDGE('',*,*,#4179,.F.);
#4920 = PLANE('',#4921);
#4921 = AXIS2_PLACEMENT_3D('',#4922,#4923,#4924);
#4922 = CARTESIAN_POINT('',(0.3,-2.84,8.2));
#4923 = DIRECTION('',(1.,-1.110223024625E-16,0.));
#4924 = DIRECTION('',(1.110223024625E-16,1.,0.));
#4925 = ADVANCED_FACE('',(#4926),#4976,.F.);
#4926 = FACE_BOUND('',#4927,.F.);
#4927 = EDGE_LOOP('',(#4928,#4929,#4930,#4938,#4946,#4954,#4962,#4970));
#4928 = ORIENTED_EDGE('',*,*,#4203,.F.);
#4929 = ORIENTED_EDGE('',*,*,#4914,.T.);
#4930 = ORIENTED_EDGE('',*,*,#4931,.T.);
#4931 = EDGE_CURVE('',#4907,#4932,#4934,.T.);
#4932 = VERTEX_POINT('',#4933);
#4933 = CARTESIAN_POINT('',(0.1,-2.24,0.9));
#4934 = LINE('',#4935,#4936);
#4935 = CARTESIAN_POINT('',(0.3,-2.24,0.9));
#4936 = VECTOR('',#4937,1.);
#4937 = DIRECTION('',(-1.,1.110223024625E-16,0.));
#4938 = ORIENTED_EDGE('',*,*,#4939,.T.);
#4939 = EDGE_CURVE('',#4932,#4940,#4942,.T.);
#4940 = VERTEX_POINT('',#4941);
#4941 = CARTESIAN_POINT('',(0.1,-2.24,7.4));
#4942 = LINE('',#4943,#4944);
#4943 = CARTESIAN_POINT('',(0.1,-2.24,6.055738799212));
#4944 = VECTOR('',#4945,1.);
#4945 = DIRECTION('',(0.,-0.,1.));
#4946 = ORIENTED_EDGE('',*,*,#4947,.F.);
#4947 = EDGE_CURVE('',#4948,#4940,#4950,.T.);
#4948 = VERTEX_POINT('',#4949);
#4949 = CARTESIAN_POINT('',(-0.1,-2.24,7.4));
#4950 = LINE('',#4951,#4952);
#4951 = CARTESIAN_POINT('',(-0.1,-2.24,7.4));
#4952 = VECTOR('',#4953,1.);
#4953 = DIRECTION('',(1.,-1.110223024625E-16,0.));
#4954 = ORIENTED_EDGE('',*,*,#4955,.F.);
#4955 = EDGE_CURVE('',#4956,#4948,#4958,.T.);
#4956 = VERTEX_POINT('',#4957);
#4957 = CARTESIAN_POINT('',(-0.1,-2.24,0.9));
#4958 = LINE('',#4959,#4960);
#4959 = CARTESIAN_POINT('',(-0.1,-2.24,6.055738799212));
#4960 = VECTOR('',#4961,1.);
#4961 = DIRECTION('',(0.,-0.,1.));
#4962 = ORIENTED_EDGE('',*,*,#4963,.T.);
#4963 = EDGE_CURVE('',#4956,#4964,#4966,.T.);
#4964 = VERTEX_POINT('',#4965);
#4965 = CARTESIAN_POINT('',(-0.3,-2.24,0.9));
#4966 = LINE('',#4967,#4968);
#4967 = CARTESIAN_POINT('',(0.3,-2.24,0.9));
#4968 = VECTOR('',#4969,1.);
#4969 = DIRECTION('',(-1.,1.110223024625E-16,0.));
#4970 = ORIENTED_EDGE('',*,*,#4971,.F.);
#4971 = EDGE_CURVE('',#4196,#4964,#4972,.T.);
#4972 = LINE('',#4973,#4974);
#4973 = CARTESIAN_POINT('',(-0.3,-2.24,8.2));
#4974 = VECTOR('',#4975,1.);
#4975 = DIRECTION('',(0.,-0.,-1.));
#4976 = PLANE('',#4977);
#4977 = AXIS2_PLACEMENT_3D('',#4978,#4979,#4980);
#4978 = CARTESIAN_POINT('',(0.3,-2.24,8.2));
#4979 = DIRECTION('',(1.110223024625E-16,1.,0.));
#4980 = DIRECTION('',(-1.,1.110223024625E-16,0.));
#4981 = ADVANCED_FACE('',(#4982),#5000,.F.);
#4982 = FACE_BOUND('',#4983,.F.);
#4983 = EDGE_LOOP('',(#4984,#4985,#4993,#4999));
#4984 = ORIENTED_EDGE('',*,*,#4971,.T.);
#4985 = ORIENTED_EDGE('',*,*,#4986,.T.);
#4986 = EDGE_CURVE('',#4964,#4987,#4989,.T.);
#4987 = VERTEX_POINT('',#4988);
#4988 = CARTESIAN_POINT('',(-0.3,-2.84,0.9));
#4989 = LINE('',#4990,#4991);
#4990 = CARTESIAN_POINT('',(-0.3,-2.24,0.9));
#4991 = VECTOR('',#4992,1.);
#4992 = DIRECTION('',(-1.110223024625E-16,-1.,0.));
#4993 = ORIENTED_EDGE('',*,*,#4994,.F.);
#4994 = EDGE_CURVE('',#4220,#4987,#4995,.T.);
#4995 = LINE('',#4996,#4997);
#4996 = CARTESIAN_POINT('',(-0.3,-2.84,8.2));
#4997 = VECTOR('',#4998,1.);
#4998 = DIRECTION('',(0.,-0.,-1.));
#4999 = ORIENTED_EDGE('',*,*,#4227,.F.);
#5000 = PLANE('',#5001);
#5001 = AXIS2_PLACEMENT_3D('',#5002,#5003,#5004);
#5002 = CARTESIAN_POINT('',(-0.3,-2.24,8.2));
#5003 = DIRECTION('',(-1.,1.110223024625E-16,0.));
#5004 = DIRECTION('',(-1.110223024625E-16,-1.,0.));
#5005 = ADVANCED_FACE('',(#5006),#5049,.F.);
#5006 = FACE_BOUND('',#5007,.F.);
#5007 = EDGE_LOOP('',(#5008,#5009,#5010,#5018,#5026,#5034,#5042,#5048));
#5008 = ORIENTED_EDGE('',*,*,#4244,.F.);
#5009 = ORIENTED_EDGE('',*,*,#4994,.T.);
#5010 = ORIENTED_EDGE('',*,*,#5011,.T.);
#5011 = EDGE_CURVE('',#4987,#5012,#5014,.T.);
#5012 = VERTEX_POINT('',#5013);
#5013 = CARTESIAN_POINT('',(-0.1,-2.84,0.9));
#5014 = LINE('',#5015,#5016);
#5015 = CARTESIAN_POINT('',(-0.3,-2.84,0.9));
#5016 = VECTOR('',#5017,1.);
#5017 = DIRECTION('',(1.,-1.110223024625E-16,0.));
#5018 = ORIENTED_EDGE('',*,*,#5019,.F.);
#5019 = EDGE_CURVE('',#5020,#5012,#5022,.T.);
#5020 = VERTEX_POINT('',#5021);
#5021 = CARTESIAN_POINT('',(-0.1,-2.84,7.4));
#5022 = LINE('',#5023,#5024);
#5023 = CARTESIAN_POINT('',(-0.1,-2.84,6.055738799212));
#5024 = VECTOR('',#5025,1.);
#5025 = DIRECTION('',(-0.,0.,-1.));
#5026 = ORIENTED_EDGE('',*,*,#5027,.T.);
#5027 = EDGE_CURVE('',#5020,#5028,#5030,.T.);
#5028 = VERTEX_POINT('',#5029);
#5029 = CARTESIAN_POINT('',(0.1,-2.84,7.4));
#5030 = LINE('',#5031,#5032);
#5031 = CARTESIAN_POINT('',(-0.1,-2.84,7.4));
#5032 = VECTOR('',#5033,1.);
#5033 = DIRECTION('',(1.,-1.110223024625E-16,0.));
#5034 = ORIENTED_EDGE('',*,*,#5035,.T.);
#5035 = EDGE_CURVE('',#5028,#5036,#5038,.T.);
#5036 = VERTEX_POINT('',#5037);
#5037 = CARTESIAN_POINT('',(0.1,-2.84,0.9));
#5038 = LINE('',#5039,#5040);
#5039 = CARTESIAN_POINT('',(0.1,-2.84,6.055738799212));
#5040 = VECTOR('',#5041,1.);
#5041 = DIRECTION('',(-0.,0.,-1.));
#5042 = ORIENTED_EDGE('',*,*,#5043,.T.);
#5043 = EDGE_CURVE('',#5036,#4899,#5044,.T.);
#5044 = LINE('',#5045,#5046);
#5045 = CARTESIAN_POINT('',(-0.3,-2.84,0.9));
#5046 = VECTOR('',#5047,1.);
#5047 = DIRECTION('',(1.,-1.110223024625E-16,0.));
#5048 = ORIENTED_EDGE('',*,*,#4898,.F.);
#5049 = PLANE('',#5050);
#5050 = AXIS2_PLACEMENT_3D('',#5051,#5052,#5053);
#5051 = CARTESIAN_POINT('',(-0.3,-2.84,8.2));
#5052 = DIRECTION('',(-1.110223024625E-16,-1.,0.));
#5053 = DIRECTION('',(1.,-1.110223024625E-16,0.));
#5054 = ADVANCED_FACE('',(#5055),#5080,.F.);
#5055 = FACE_BOUND('',#5056,.F.);
#5056 = EDGE_LOOP('',(#5057,#5065,#5073,#5079));
#5057 = ORIENTED_EDGE('',*,*,#5058,.T.);
#5058 = EDGE_CURVE('',#4259,#5059,#5061,.T.);
#5059 = VERTEX_POINT('',#5060);
#5060 = CARTESIAN_POINT('',(0.3,-0.3,0.9));
#5061 = LINE('',#5062,#5063);
#5062 = CARTESIAN_POINT('',(0.3,-0.3,8.2));
#5063 = VECTOR('',#5064,1.);
#5064 = DIRECTION('',(0.,-0.,-1.));
#5065 = ORIENTED_EDGE('',*,*,#5066,.T.);
#5066 = EDGE_CURVE('',#5059,#5067,#5069,.T.);
#5067 = VERTEX_POINT('',#5068);
#5068 = CARTESIAN_POINT('',(0.3,0.3,0.9));
#5069 = LINE('',#5070,#5071);
#5070 = CARTESIAN_POINT('',(0.3,-0.3,0.9));
#5071 = VECTOR('',#5072,1.);
#5072 = DIRECTION('',(1.110223024625E-16,1.,0.));
#5073 = ORIENTED_EDGE('',*,*,#5074,.F.);
#5074 = EDGE_CURVE('',#4268,#5067,#5075,.T.);
#5075 = LINE('',#5076,#5077);
#5076 = CARTESIAN_POINT('',(0.3,0.3,8.2));
#5077 = VECTOR('',#5078,1.);
#5078 = DIRECTION('',(0.,-0.,-1.));
#5079 = ORIENTED_EDGE('',*,*,#4275,.F.);
#5080 = PLANE('',#5081);
#5081 = AXIS2_PLACEMENT_3D('',#5082,#5083,#5084);
#5082 = CARTESIAN_POINT('',(0.3,-0.3,8.2));
#5083 = DIRECTION('',(1.,-1.110223024625E-16,0.));
#5084 = DIRECTION('',(1.110223024625E-16,1.,0.));
#5085 = ADVANCED_FACE('',(#5086),#5136,.F.);
#5086 = FACE_BOUND('',#5087,.F.);
#5087 = EDGE_LOOP('',(#5088,#5089,#5090,#5098,#5106,#5114,#5122,#5130));
#5088 = ORIENTED_EDGE('',*,*,#4299,.F.);
#5089 = ORIENTED_EDGE('',*,*,#5074,.T.);
#5090 = ORIENTED_EDGE('',*,*,#5091,.T.);
#5091 = EDGE_CURVE('',#5067,#5092,#5094,.T.);
#5092 = VERTEX_POINT('',#5093);
#5093 = CARTESIAN_POINT('',(0.1,0.3,0.9));
#5094 = LINE('',#5095,#5096);
#5095 = CARTESIAN_POINT('',(0.3,0.3,0.9));
#5096 = VECTOR('',#5097,1.);
#5097 = DIRECTION('',(-1.,1.110223024625E-16,0.));
#5098 = ORIENTED_EDGE('',*,*,#5099,.T.);
#5099 = EDGE_CURVE('',#5092,#5100,#5102,.T.);
#5100 = VERTEX_POINT('',#5101);
#5101 = CARTESIAN_POINT('',(0.1,0.3,7.4));
#5102 = LINE('',#5103,#5104);
#5103 = CARTESIAN_POINT('',(0.1,0.3,6.055738799212));
#5104 = VECTOR('',#5105,1.);
#5105 = DIRECTION('',(0.,-0.,1.));
#5106 = ORIENTED_EDGE('',*,*,#5107,.F.);
#5107 = EDGE_CURVE('',#5108,#5100,#5110,.T.);
#5108 = VERTEX_POINT('',#5109);
#5109 = CARTESIAN_POINT('',(-0.1,0.3,7.4));
#5110 = LINE('',#5111,#5112);
#5111 = CARTESIAN_POINT('',(-0.1,0.3,7.4));
#5112 = VECTOR('',#5113,1.);
#5113 = DIRECTION('',(1.,-1.110223024625E-16,0.));
#5114 = ORIENTED_EDGE('',*,*,#5115,.F.);
#5115 = EDGE_CURVE('',#5116,#5108,#5118,.T.);
#5116 = VERTEX_POINT('',#5117);
#5117 = CARTESIAN_POINT('',(-0.1,0.3,0.9));
#5118 = LINE('',#5119,#5120);
#5119 = CARTESIAN_POINT('',(-0.1,0.3,6.055738799212));
#5120 = VECTOR('',#5121,1.);
#5121 = DIRECTION('',(0.,-0.,1.));
#5122 = ORIENTED_EDGE('',*,*,#5123,.T.);
#5123 = EDGE_CURVE('',#5116,#5124,#5126,.T.);
#5124 = VERTEX_POINT('',#5125);
#5125 = CARTESIAN_POINT('',(-0.3,0.3,0.9));
#5126 = LINE('',#5127,#5128);
#5127 = CARTESIAN_POINT('',(0.3,0.3,0.9));
#5128 = VECTOR('',#5129,1.);
#5129 = DIRECTION('',(-1.,1.110223024625E-16,0.));
#5130 = ORIENTED_EDGE('',*,*,#5131,.F.);
#5131 = EDGE_CURVE('',#4292,#5124,#5132,.T.);
#5132 = LINE('',#5133,#5134);
#5133 = CARTESIAN_POINT('',(-0.3,0.3,8.2));
#5134 = VECTOR('',#5135,1.);
#5135 = DIRECTION('',(0.,-0.,-1.));
#5136 = PLANE('',#5137);
#5137 = AXIS2_PLACEMENT_3D('',#5138,#5139,#5140);
#5138 = CARTESIAN_POINT('',(0.3,0.3,8.2));
#5139 = DIRECTION('',(1.110223024625E-16,1.,0.));
#5140 = DIRECTION('',(-1.,1.110223024625E-16,0.));
#5141 = ADVANCED_FACE('',(#5142),#5160,.F.);
#5142 = FACE_BOUND('',#5143,.F.);
#5143 = EDGE_LOOP('',(#5144,#5145,#5153,#5159));
#5144 = ORIENTED_EDGE('',*,*,#5131,.T.);
#5145 = ORIENTED_EDGE('',*,*,#5146,.T.);
#5146 = EDGE_CURVE('',#5124,#5147,#5149,.T.);
#5147 = VERTEX_POINT('',#5148);
#5148 = CARTESIAN_POINT('',(-0.3,-0.3,0.9));
#5149 = LINE('',#5150,#5151);
#5150 = CARTESIAN_POINT('',(-0.3,0.3,0.9));
#5151 = VECTOR('',#5152,1.);
#5152 = DIRECTION('',(-1.110223024625E-16,-1.,0.));
#5153 = ORIENTED_EDGE('',*,*,#5154,.F.);
#5154 = EDGE_CURVE('',#4316,#5147,#5155,.T.);
#5155 = LINE('',#5156,#5157);
#5156 = CARTESIAN_POINT('',(-0.3,-0.3,8.2));
#5157 = VECTOR('',#5158,1.);
#5158 = DIRECTION('',(0.,-0.,-1.));
#5159 = ORIENTED_EDGE('',*,*,#4323,.F.);
#5160 = PLANE('',#5161);
#5161 = AXIS2_PLACEMENT_3D('',#5162,#5163,#5164);
#5162 = CARTESIAN_POINT('',(-0.3,0.3,8.2));
#5163 = DIRECTION('',(-1.,1.110223024625E-16,0.));
#5164 = DIRECTION('',(-1.110223024625E-16,-1.,0.));
#5165 = ADVANCED_FACE('',(#5166),#5209,.F.);
#5166 = FACE_BOUND('',#5167,.F.);
#5167 = EDGE_LOOP('',(#5168,#5169,#5170,#5178,#5186,#5194,#5202,#5208));
#5168 = ORIENTED_EDGE('',*,*,#4340,.F.);
#5169 = ORIENTED_EDGE('',*,*,#5154,.T.);
#5170 = ORIENTED_EDGE('',*,*,#5171,.T.);
#5171 = EDGE_CURVE('',#5147,#5172,#5174,.T.);
#5172 = VERTEX_POINT('',#5173);
#5173 = CARTESIAN_POINT('',(-0.1,-0.3,0.9));
#5174 = LINE('',#5175,#5176);
#5175 = CARTESIAN_POINT('',(-0.3,-0.3,0.9));
#5176 = VECTOR('',#5177,1.);
#5177 = DIRECTION('',(1.,-1.110223024625E-16,0.));
#5178 = ORIENTED_EDGE('',*,*,#5179,.F.);
#5179 = EDGE_CURVE('',#5180,#5172,#5182,.T.);
#5180 = VERTEX_POINT('',#5181);
#5181 = CARTESIAN_POINT('',(-0.1,-0.3,7.4));
#5182 = LINE('',#5183,#5184);
#5183 = CARTESIAN_POINT('',(-0.1,-0.3,6.055738799212));
#5184 = VECTOR('',#5185,1.);
#5185 = DIRECTION('',(-0.,0.,-1.));
#5186 = ORIENTED_EDGE('',*,*,#5187,.T.);
#5187 = EDGE_CURVE('',#5180,#5188,#5190,.T.);
#5188 = VERTEX_POINT('',#5189);
#5189 = CARTESIAN_POINT('',(0.1,-0.3,7.4));
#5190 = LINE('',#5191,#5192);
#5191 = CARTESIAN_POINT('',(-0.1,-0.3,7.4));
#5192 = VECTOR('',#5193,1.);
#5193 = DIRECTION('',(1.,-1.110223024625E-16,0.));
#5194 = ORIENTED_EDGE('',*,*,#5195,.T.);
#5195 = EDGE_CURVE('',#5188,#5196,#5198,.T.);
#5196 = VERTEX_POINT('',#5197);
#5197 = CARTESIAN_POINT('',(0.1,-0.3,0.9));
#5198 = LINE('',#5199,#5200);
#5199 = CARTESIAN_POINT('',(0.1,-0.3,6.055738799212));
#5200 = VECTOR('',#5201,1.);
#5201 = DIRECTION('',(-0.,0.,-1.));
#5202 = ORIENTED_EDGE('',*,*,#5203,.T.);
#5203 = EDGE_CURVE('',#5196,#5059,#5204,.T.);
#5204 = LINE('',#5205,#5206);
#5205 = CARTESIAN_POINT('',(-0.3,-0.3,0.9));
#5206 = VECTOR('',#5207,1.);
#5207 = DIRECTION('',(1.,-1.110223024625E-16,0.));
#5208 = ORIENTED_EDGE('',*,*,#5058,.F.);
#5209 = PLANE('',#5210);
#5210 = AXIS2_PLACEMENT_3D('',#5211,#5212,#5213);
#5211 = CARTESIAN_POINT('',(-0.3,-0.3,8.2));
#5212 = DIRECTION('',(-1.110223024625E-16,-1.,0.));
#5213 = DIRECTION('',(1.,-1.110223024625E-16,0.));
#5214 = ADVANCED_FACE('',(#5215),#5226,.T.);
#5215 = FACE_BOUND('',#5216,.T.);
#5216 = EDGE_LOOP('',(#5217,#5223,#5224,#5225));
#5217 = ORIENTED_EDGE('',*,*,#5218,.T.);
#5218 = EDGE_CURVE('',#4436,#4372,#5219,.T.);
#5219 = LINE('',#5220,#5221);
#5220 = CARTESIAN_POINT('',(-0.1,-5.38,-2.5));
#5221 = VECTOR('',#5222,1.);
#5222 = DIRECTION('',(1.,-1.110223024625E-16,0.));
#5223 = ORIENTED_EDGE('',*,*,#4371,.T.);
#5224 = ORIENTED_EDGE('',*,*,#4356,.F.);
#5225 = ORIENTED_EDGE('',*,*,#4435,.F.);
#5226 = PLANE('',#5227);
#5227 = AXIS2_PLACEMENT_3D('',#5228,#5229,#5230);
#5228 = CARTESIAN_POINT('',(-0.1,-5.38,-2.5));
#5229 = DIRECTION('',(-1.110223024625E-16,-1.,0.));
#5230 = DIRECTION('',(0.,0.,1.));
#5231 = ADVANCED_FACE('',(#5232),#5243,.T.);
#5232 = FACE_BOUND('',#5233,.T.);
#5233 = EDGE_LOOP('',(#5234,#5240,#5241,#5242));
#5234 = ORIENTED_EDGE('',*,*,#5235,.T.);
#5235 = EDGE_CURVE('',#4461,#4397,#5236,.T.);
#5236 = LINE('',#5237,#5238);
#5237 = CARTESIAN_POINT('',(-0.1,-5.23,-3.1));
#5238 = VECTOR('',#5239,1.);
#5239 = DIRECTION('',(1.,-1.110223024625E-16,0.));
#5240 = ORIENTED_EDGE('',*,*,#4404,.T.);
#5241 = ORIENTED_EDGE('',*,*,#5218,.F.);
#5242 = ORIENTED_EDGE('',*,*,#4468,.F.);
#5243 = PLANE('',#5244);
#5244 = AXIS2_PLACEMENT_3D('',#5245,#5246,#5247);
#5245 = CARTESIAN_POINT('',(-0.1,-5.23,-3.1));
#5246 = DIRECTION('',(-1.077074540829E-16,-0.970142500145,
    -0.242535625036));
#5247 = DIRECTION('',(-2.692686352073E-17,-0.242535625036,0.970142500145
    ));
#5248 = ADVANCED_FACE('',(#5249),#5260,.T.);
#5249 = FACE_BOUND('',#5250,.T.);
#5250 = EDGE_LOOP('',(#5251,#5257,#5258,#5259));
#5251 = ORIENTED_EDGE('',*,*,#5252,.T.);
#5252 = EDGE_CURVE('',#4453,#4389,#5253,.T.);
#5253 = LINE('',#5254,#5255);
#5254 = CARTESIAN_POINT('',(-0.1,-4.93,-3.1));
#5255 = VECTOR('',#5256,1.);
#5256 = DIRECTION('',(1.,-1.110223024625E-16,0.));
#5257 = ORIENTED_EDGE('',*,*,#4396,.T.);
#5258 = ORIENTED_EDGE('',*,*,#5235,.F.);
#5259 = ORIENTED_EDGE('',*,*,#4460,.T.);
#5260 = PLANE('',#5261);
#5261 = AXIS2_PLACEMENT_3D('',#5262,#5263,#5264);
#5262 = CARTESIAN_POINT('',(-0.1,-4.93,-3.1));
#5263 = DIRECTION('',(0.,-0.,-1.));
#5264 = DIRECTION('',(-1.110223024625E-16,-1.,0.));
#5265 = ADVANCED_FACE('',(#5266),#5277,.T.);
#5266 = FACE_BOUND('',#5267,.T.);
#5267 = EDGE_LOOP('',(#5268,#5274,#5275,#5276));
#5268 = ORIENTED_EDGE('',*,*,#5269,.T.);
#5269 = EDGE_CURVE('',#4445,#4381,#5270,.T.);
#5270 = LINE('',#5271,#5272);
#5271 = CARTESIAN_POINT('',(-0.1,-4.78,-2.5));
#5272 = VECTOR('',#5273,1.);
#5273 = DIRECTION('',(1.,-1.110223024625E-16,0.));
#5274 = ORIENTED_EDGE('',*,*,#4388,.T.);
#5275 = ORIENTED_EDGE('',*,*,#5252,.F.);
#5276 = ORIENTED_EDGE('',*,*,#4452,.F.);
#5277 = PLANE('',#5278);
#5278 = AXIS2_PLACEMENT_3D('',#5279,#5280,#5281);
#5279 = CARTESIAN_POINT('',(-0.1,-4.78,-2.5));
#5280 = DIRECTION('',(1.077074540829E-16,0.970142500145,-0.242535625036)
  );
#5281 = DIRECTION('',(-2.692686352073E-17,-0.242535625036,
    -0.970142500145));
#5282 = ADVANCED_FACE('',(#5283),#5289,.T.);
#5283 = FACE_BOUND('',#5284,.T.);
#5284 = EDGE_LOOP('',(#5285,#5286,#5287,#5288));
#5285 = ORIENTED_EDGE('',*,*,#4418,.T.);
#5286 = ORIENTED_EDGE('',*,*,#4380,.T.);
#5287 = ORIENTED_EDGE('',*,*,#5269,.F.);
#5288 = ORIENTED_EDGE('',*,*,#4444,.F.);
#5289 = PLANE('',#5290);
#5290 = AXIS2_PLACEMENT_3D('',#5291,#5292,#5293);
#5291 = CARTESIAN_POINT('',(-0.1,-4.78,0.2));
#5292 = DIRECTION('',(1.110223024625E-16,1.,0.));
#5293 = DIRECTION('',(0.,0.,-1.));
#5294 = ADVANCED_FACE('',(#5295),#5306,.T.);
#5295 = FACE_BOUND('',#5296,.T.);
#5296 = EDGE_LOOP('',(#5297,#5303,#5304,#5305));
#5297 = ORIENTED_EDGE('',*,*,#5298,.T.);
#5298 = EDGE_CURVE('',#4564,#4500,#5299,.T.);
#5299 = LINE('',#5300,#5301);
#5300 = CARTESIAN_POINT('',(-0.1,-2.84,-2.5));
#5301 = VECTOR('',#5302,1.);
#5302 = DIRECTION('',(1.,-1.110223024625E-16,0.));
#5303 = ORIENTED_EDGE('',*,*,#4499,.T.);
#5304 = ORIENTED_EDGE('',*,*,#4484,.F.);
#5305 = ORIENTED_EDGE('',*,*,#4563,.F.);
#5306 = PLANE('',#5307);
#5307 = AXIS2_PLACEMENT_3D('',#5308,#5309,#5310);
#5308 = CARTESIAN_POINT('',(-0.1,-2.84,-2.5));
#5309 = DIRECTION('',(-1.110223024625E-16,-1.,0.));
#5310 = DIRECTION('',(0.,0.,1.));
#5311 = ADVANCED_FACE('',(#5312),#5323,.T.);
#5312 = FACE_BOUND('',#5313,.T.);
#5313 = EDGE_LOOP('',(#5314,#5320,#5321,#5322));
#5314 = ORIENTED_EDGE('',*,*,#5315,.T.);
#5315 = EDGE_CURVE('',#4589,#4525,#5316,.T.);
#5316 = LINE('',#5317,#5318);
#5317 = CARTESIAN_POINT('',(-0.1,-2.69,-3.1));
#5318 = VECTOR('',#5319,1.);
#5319 = DIRECTION('',(1.,-1.110223024625E-16,0.));
#5320 = ORIENTED_EDGE('',*,*,#4532,.T.);
#5321 = ORIENTED_EDGE('',*,*,#5298,.F.);
#5322 = ORIENTED_EDGE('',*,*,#4596,.F.);
#5323 = PLANE('',#5324);
#5324 = AXIS2_PLACEMENT_3D('',#5325,#5326,#5327);
#5325 = CARTESIAN_POINT('',(-0.1,-2.69,-3.1));
#5326 = DIRECTION('',(-1.077074540829E-16,-0.970142500145,
    -0.242535625036));
#5327 = DIRECTION('',(-2.692686352073E-17,-0.242535625036,0.970142500145
    ));
#5328 = ADVANCED_FACE('',(#5329),#5340,.T.);
#5329 = FACE_BOUND('',#5330,.T.);
#5330 = EDGE_LOOP('',(#5331,#5337,#5338,#5339));
#5331 = ORIENTED_EDGE('',*,*,#5332,.T.);
#5332 = EDGE_CURVE('',#4581,#4517,#5333,.T.);
#5333 = LINE('',#5334,#5335);
#5334 = CARTESIAN_POINT('',(-0.1,-2.39,-3.1));
#5335 = VECTOR('',#5336,1.);
#5336 = DIRECTION('',(1.,-1.110223024625E-16,0.));
#5337 = ORIENTED_EDGE('',*,*,#4524,.T.);
#5338 = ORIENTED_EDGE('',*,*,#5315,.F.);
#5339 = ORIENTED_EDGE('',*,*,#4588,.T.);
#5340 = PLANE('',#5341);
#5341 = AXIS2_PLACEMENT_3D('',#5342,#5343,#5344);
#5342 = CARTESIAN_POINT('',(-0.1,-2.39,-3.1));
#5343 = DIRECTION('',(0.,-0.,-1.));
#5344 = DIRECTION('',(-1.110223024625E-16,-1.,0.));
#5345 = ADVANCED_FACE('',(#5346),#5357,.T.);
#5346 = FACE_BOUND('',#5347,.T.);
#5347 = EDGE_LOOP('',(#5348,#5354,#5355,#5356));
#5348 = ORIENTED_EDGE('',*,*,#5349,.T.);
#5349 = EDGE_CURVE('',#4573,#4509,#5350,.T.);
#5350 = LINE('',#5351,#5352);
#5351 = CARTESIAN_POINT('',(-0.1,-2.24,-2.5));
#5352 = VECTOR('',#5353,1.);
#5353 = DIRECTION('',(1.,-1.110223024625E-16,0.));
#5354 = ORIENTED_EDGE('',*,*,#4516,.T.);
#5355 = ORIENTED_EDGE('',*,*,#5332,.F.);
#5356 = ORIENTED_EDGE('',*,*,#4580,.F.);
#5357 = PLANE('',#5358);
#5358 = AXIS2_PLACEMENT_3D('',#5359,#5360,#5361);
#5359 = CARTESIAN_POINT('',(-0.1,-2.24,-2.5));
#5360 = DIRECTION('',(1.077074540829E-16,0.970142500145,-0.242535625036)
  );
#5361 = DIRECTION('',(-2.692686352073E-17,-0.242535625036,
    -0.970142500145));
#5362 = ADVANCED_FACE('',(#5363),#5369,.T.);
#5363 = FACE_BOUND('',#5364,.T.);
#5364 = EDGE_LOOP('',(#5365,#5366,#5367,#5368));
#5365 = ORIENTED_EDGE('',*,*,#4546,.T.);
#5366 = ORIENTED_EDGE('',*,*,#4508,.T.);
#5367 = ORIENTED_EDGE('',*,*,#5349,.F.);
#5368 = ORIENTED_EDGE('',*,*,#4572,.F.);
#5369 = PLANE('',#5370);
#5370 = AXIS2_PLACEMENT_3D('',#5371,#5372,#5373);
#5371 = CARTESIAN_POINT('',(-0.1,-2.24,0.2));
#5372 = DIRECTION('',(1.110223024625E-16,1.,0.));
#5373 = DIRECTION('',(0.,0.,-1.));
#5374 = ADVANCED_FACE('',(#5375),#5386,.T.);
#5375 = FACE_BOUND('',#5376,.T.);
#5376 = EDGE_LOOP('',(#5377,#5383,#5384,#5385));
#5377 = ORIENTED_EDGE('',*,*,#5378,.T.);
#5378 = EDGE_CURVE('',#4692,#4628,#5379,.T.);
#5379 = LINE('',#5380,#5381);
#5380 = CARTESIAN_POINT('',(-0.1,-0.3,-2.5));
#5381 = VECTOR('',#5382,1.);
#5382 = DIRECTION('',(1.,-1.110223024625E-16,0.));
#5383 = ORIENTED_EDGE('',*,*,#4627,.T.);
#5384 = ORIENTED_EDGE('',*,*,#4612,.F.);
#5385 = ORIENTED_EDGE('',*,*,#4691,.F.);
#5386 = PLANE('',#5387);
#5387 = AXIS2_PLACEMENT_3D('',#5388,#5389,#5390);
#5388 = CARTESIAN_POINT('',(-0.1,-0.3,-2.5));
#5389 = DIRECTION('',(-1.110223024625E-16,-1.,0.));
#5390 = DIRECTION('',(0.,0.,1.));
#5391 = ADVANCED_FACE('',(#5392),#5403,.T.);
#5392 = FACE_BOUND('',#5393,.T.);
#5393 = EDGE_LOOP('',(#5394,#5400,#5401,#5402));
#5394 = ORIENTED_EDGE('',*,*,#5395,.T.);
#5395 = EDGE_CURVE('',#4717,#4653,#5396,.T.);
#5396 = LINE('',#5397,#5398);
#5397 = CARTESIAN_POINT('',(-0.1,-0.15,-3.1));
#5398 = VECTOR('',#5399,1.);
#5399 = DIRECTION('',(1.,-1.110223024625E-16,0.));
#5400 = ORIENTED_EDGE('',*,*,#4660,.T.);
#5401 = ORIENTED_EDGE('',*,*,#5378,.F.);
#5402 = ORIENTED_EDGE('',*,*,#4724,.F.);
#5403 = PLANE('',#5404);
#5404 = AXIS2_PLACEMENT_3D('',#5405,#5406,#5407);
#5405 = CARTESIAN_POINT('',(-0.1,-0.15,-3.1));
#5406 = DIRECTION('',(-1.077074540829E-16,-0.970142500145,
    -0.242535625036));
#5407 = DIRECTION('',(-2.692686352073E-17,-0.242535625036,0.970142500145
    ));
#5408 = ADVANCED_FACE('',(#5409),#5420,.T.);
#5409 = FACE_BOUND('',#5410,.T.);
#5410 = EDGE_LOOP('',(#5411,#5417,#5418,#5419));
#5411 = ORIENTED_EDGE('',*,*,#5412,.T.);
#5412 = EDGE_CURVE('',#4709,#4645,#5413,.T.);
#5413 = LINE('',#5414,#5415);
#5414 = CARTESIAN_POINT('',(-0.1,0.15,-3.1));
#5415 = VECTOR('',#5416,1.);
#5416 = DIRECTION('',(1.,-1.110223024625E-16,0.));
#5417 = ORIENTED_EDGE('',*,*,#4652,.T.);
#5418 = ORIENTED_EDGE('',*,*,#5395,.F.);
#5419 = ORIENTED_EDGE('',*,*,#4716,.T.);
#5420 = PLANE('',#5421);
#5421 = AXIS2_PLACEMENT_3D('',#5422,#5423,#5424);
#5422 = CARTESIAN_POINT('',(-0.1,0.15,-3.1));
#5423 = DIRECTION('',(0.,-0.,-1.));
#5424 = DIRECTION('',(-1.110223024625E-16,-1.,0.));
#5425 = ADVANCED_FACE('',(#5426),#5437,.T.);
#5426 = FACE_BOUND('',#5427,.T.);
#5427 = EDGE_LOOP('',(#5428,#5434,#5435,#5436));
#5428 = ORIENTED_EDGE('',*,*,#5429,.T.);
#5429 = EDGE_CURVE('',#4701,#4637,#5430,.T.);
#5430 = LINE('',#5431,#5432);
#5431 = CARTESIAN_POINT('',(-0.1,0.3,-2.5));
#5432 = VECTOR('',#5433,1.);
#5433 = DIRECTION('',(1.,-1.110223024625E-16,0.));
#5434 = ORIENTED_EDGE('',*,*,#4644,.T.);
#5435 = ORIENTED_EDGE('',*,*,#5412,.F.);
#5436 = ORIENTED_EDGE('',*,*,#4708,.F.);
#5437 = PLANE('',#5438);
#5438 = AXIS2_PLACEMENT_3D('',#5439,#5440,#5441);
#5439 = CARTESIAN_POINT('',(-0.1,0.3,-2.5));
#5440 = DIRECTION('',(1.077074540829E-16,0.970142500145,-0.242535625036)
  );
#5441 = DIRECTION('',(-2.692686352073E-17,-0.242535625036,
    -0.970142500145));
#5442 = ADVANCED_FACE('',(#5443),#5449,.T.);
#5443 = FACE_BOUND('',#5444,.T.);
#5444 = EDGE_LOOP('',(#5445,#5446,#5447,#5448));
#5445 = ORIENTED_EDGE('',*,*,#4674,.T.);
#5446 = ORIENTED_EDGE('',*,*,#4636,.T.);
#5447 = ORIENTED_EDGE('',*,*,#5429,.F.);
#5448 = ORIENTED_EDGE('',*,*,#4700,.F.);
#5449 = PLANE('',#5450);
#5450 = AXIS2_PLACEMENT_3D('',#5451,#5452,#5453);
#5451 = CARTESIAN_POINT('',(-0.1,0.3,0.2));
#5452 = DIRECTION('',(1.110223024625E-16,1.,0.));
#5453 = DIRECTION('',(0.,0.,-1.));
#5454 = ADVANCED_FACE('',(#5455),#5466,.T.);
#5455 = FACE_BOUND('',#5456,.T.);
#5456 = EDGE_LOOP('',(#5457,#5458,#5459,#5460));
#5457 = ORIENTED_EDGE('',*,*,#4883,.T.);
#5458 = ORIENTED_EDGE('',*,*,#4746,.T.);
#5459 = ORIENTED_EDGE('',*,*,#4771,.T.);
#5460 = ORIENTED_EDGE('',*,*,#5461,.T.);
#5461 = EDGE_CURVE('',#4772,#4876,#5462,.T.);
#5462 = LINE('',#5463,#5464);
#5463 = CARTESIAN_POINT('',(0.1,-5.08,0.9));
#5464 = VECTOR('',#5465,1.);
#5465 = DIRECTION('',(-1.110223024625E-16,-1.,0.));
#5466 = PLANE('',#5467);
#5467 = AXIS2_PLACEMENT_3D('',#5468,#5469,#5470);
#5468 = CARTESIAN_POINT('',(-6.461035410391E-16,-5.08,0.9));
#5469 = DIRECTION('',(0.,0.,1.));
#5470 = DIRECTION('',(1.110223024625E-16,1.,-0.));
#5471 = ADVANCED_FACE('',(#5472),#5483,.T.);
#5472 = FACE_BOUND('',#5473,.T.);
#5473 = EDGE_LOOP('',(#5474,#5475,#5481,#5482));
#5474 = ORIENTED_EDGE('',*,*,#4851,.T.);
#5475 = ORIENTED_EDGE('',*,*,#5476,.F.);
#5476 = EDGE_CURVE('',#4796,#4852,#5477,.T.);
#5477 = LINE('',#5478,#5479);
#5478 = CARTESIAN_POINT('',(-0.1,-5.08,0.9));
#5479 = VECTOR('',#5480,1.);
#5480 = DIRECTION('',(-1.110223024625E-16,-1.,0.));
#5481 = ORIENTED_EDGE('',*,*,#4803,.T.);
#5482 = ORIENTED_EDGE('',*,*,#4826,.T.);
#5483 = PLANE('',#5484);
#5484 = AXIS2_PLACEMENT_3D('',#5485,#5486,#5487);
#5485 = CARTESIAN_POINT('',(-6.461035410391E-16,-5.08,0.9));
#5486 = DIRECTION('',(0.,0.,1.));
#5487 = DIRECTION('',(1.110223024625E-16,1.,-0.));
#5488 = ADVANCED_FACE('',(#5489),#5532,.T.);
#5489 = FACE_BOUND('',#5490,.T.);
#5490 = EDGE_LOOP('',(#5491,#5492,#5500,#5508,#5516,#5524,#5530,#5531));
#5491 = ORIENTED_EDGE('',*,*,#4859,.F.);
#5492 = ORIENTED_EDGE('',*,*,#5493,.T.);
#5493 = EDGE_CURVE('',#4860,#5494,#5496,.T.);
#5494 = VERTEX_POINT('',#5495);
#5495 = CARTESIAN_POINT('',(-0.1,-5.33,7.35));
#5496 = LINE('',#5497,#5498);
#5497 = CARTESIAN_POINT('',(-0.1,-5.38,7.4));
#5498 = VECTOR('',#5499,1.);
#5499 = DIRECTION('',(7.850462293414E-17,0.707106781187,-0.707106781187)
  );
#5500 = ORIENTED_EDGE('',*,*,#5501,.T.);
#5501 = EDGE_CURVE('',#5494,#5502,#5504,.T.);
#5502 = VERTEX_POINT('',#5503);
#5503 = CARTESIAN_POINT('',(-0.1,-5.33,1.25));
#5504 = LINE('',#5505,#5506);
#5505 = CARTESIAN_POINT('',(-0.1,-5.33,7.35));
#5506 = VECTOR('',#5507,1.);
#5507 = DIRECTION('',(0.,0.,-1.));
#5508 = ORIENTED_EDGE('',*,*,#5509,.T.);
#5509 = EDGE_CURVE('',#5502,#5510,#5512,.T.);
#5510 = VERTEX_POINT('',#5511);
#5511 = CARTESIAN_POINT('',(-0.1,-4.83,1.25));
#5512 = LINE('',#5513,#5514);
#5513 = CARTESIAN_POINT('',(-0.1,-5.33,1.25));
#5514 = VECTOR('',#5515,1.);
#5515 = DIRECTION('',(1.110223024625E-16,1.,0.));
#5516 = ORIENTED_EDGE('',*,*,#5517,.T.);
#5517 = EDGE_CURVE('',#5510,#5518,#5520,.T.);
#5518 = VERTEX_POINT('',#5519);
#5519 = CARTESIAN_POINT('',(-0.1,-4.83,7.35));
#5520 = LINE('',#5521,#5522);
#5521 = CARTESIAN_POINT('',(-0.1,-4.83,1.25));
#5522 = VECTOR('',#5523,1.);
#5523 = DIRECTION('',(0.,0.,1.));
#5524 = ORIENTED_EDGE('',*,*,#5525,.T.);
#5525 = EDGE_CURVE('',#5518,#4788,#5526,.T.);
#5526 = LINE('',#5527,#5528);
#5527 = CARTESIAN_POINT('',(-0.1,-4.83,7.35));
#5528 = VECTOR('',#5529,1.);
#5529 = DIRECTION('',(7.850462293414E-17,0.707106781187,0.707106781187)
  );
#5530 = ORIENTED_EDGE('',*,*,#4795,.F.);
#5531 = ORIENTED_EDGE('',*,*,#5476,.T.);
#5532 = PLANE('',#5533);
#5533 = AXIS2_PLACEMENT_3D('',#5534,#5535,#5536);
#5534 = CARTESIAN_POINT('',(-0.1,-5.08,3.911477598424));
#5535 = DIRECTION('',(-1.,1.110223024625E-16,0.));
#5536 = DIRECTION('',(0.,0.,1.));
#5537 = ADVANCED_FACE('',(#5538),#5556,.T.);
#5538 = FACE_BOUND('',#5539,.T.);
#5539 = EDGE_LOOP('',(#5540,#5548,#5554,#5555));
#5540 = ORIENTED_EDGE('',*,*,#5541,.T.);
#5541 = EDGE_CURVE('',#5518,#5542,#5544,.T.);
#5542 = VERTEX_POINT('',#5543);
#5543 = CARTESIAN_POINT('',(0.1,-4.83,7.35));
#5544 = LINE('',#5545,#5546);
#5545 = CARTESIAN_POINT('',(-0.1,-4.83,7.35));
#5546 = VECTOR('',#5547,1.);
#5547 = DIRECTION('',(1.,-1.110223024625E-16,0.));
#5548 = ORIENTED_EDGE('',*,*,#5549,.T.);
#5549 = EDGE_CURVE('',#5542,#4780,#5550,.T.);
#5550 = LINE('',#5551,#5552);
#5551 = CARTESIAN_POINT('',(0.1,-4.83,7.35));
#5552 = VECTOR('',#5553,1.);
#5553 = DIRECTION('',(7.850462293414E-17,0.707106781187,0.707106781187)
  );
#5554 = ORIENTED_EDGE('',*,*,#4787,.F.);
#5555 = ORIENTED_EDGE('',*,*,#5525,.F.);
#5556 = PLANE('',#5557);
#5557 = AXIS2_PLACEMENT_3D('',#5558,#5559,#5560);
#5558 = CARTESIAN_POINT('',(-0.1,-4.83,7.35));
#5559 = DIRECTION('',(-7.850462293414E-17,-0.707106781187,0.707106781187
    ));
#5560 = DIRECTION('',(7.850462293414E-17,0.707106781187,0.707106781187)
  );
#5561 = ADVANCED_FACE('',(#5562),#5598,.F.);
#5562 = FACE_BOUND('',#5563,.F.);
#5563 = EDGE_LOOP('',(#5564,#5565,#5573,#5581,#5589,#5595,#5596,#5597));
#5564 = ORIENTED_EDGE('',*,*,#4875,.F.);
#5565 = ORIENTED_EDGE('',*,*,#5566,.T.);
#5566 = EDGE_CURVE('',#4868,#5567,#5569,.T.);
#5567 = VERTEX_POINT('',#5568);
#5568 = CARTESIAN_POINT('',(0.1,-5.33,7.35));
#5569 = LINE('',#5570,#5571);
#5570 = CARTESIAN_POINT('',(0.1,-5.38,7.4));
#5571 = VECTOR('',#5572,1.);
#5572 = DIRECTION('',(7.850462293414E-17,0.707106781187,-0.707106781187)
  );
#5573 = ORIENTED_EDGE('',*,*,#5574,.T.);
#5574 = EDGE_CURVE('',#5567,#5575,#5577,.T.);
#5575 = VERTEX_POINT('',#5576);
#5576 = CARTESIAN_POINT('',(0.1,-5.33,1.25));
#5577 = LINE('',#5578,#5579);
#5578 = CARTESIAN_POINT('',(0.1,-5.33,7.35));
#5579 = VECTOR('',#5580,1.);
#5580 = DIRECTION('',(0.,0.,-1.));
#5581 = ORIENTED_EDGE('',*,*,#5582,.T.);
#5582 = EDGE_CURVE('',#5575,#5583,#5585,.T.);
#5583 = VERTEX_POINT('',#5584);
#5584 = CARTESIAN_POINT('',(0.1,-4.83,1.25));
#5585 = LINE('',#5586,#5587);
#5586 = CARTESIAN_POINT('',(0.1,-5.33,1.25));
#5587 = VECTOR('',#5588,1.);
#5588 = DIRECTION('',(1.110223024625E-16,1.,0.));
#5589 = ORIENTED_EDGE('',*,*,#5590,.T.);
#5590 = EDGE_CURVE('',#5583,#5542,#5591,.T.);
#5591 = LINE('',#5592,#5593);
#5592 = CARTESIAN_POINT('',(0.1,-4.83,1.25));
#5593 = VECTOR('',#5594,1.);
#5594 = DIRECTION('',(0.,0.,1.));
#5595 = ORIENTED_EDGE('',*,*,#5549,.T.);
#5596 = ORIENTED_EDGE('',*,*,#4779,.F.);
#5597 = ORIENTED_EDGE('',*,*,#5461,.T.);
#5598 = PLANE('',#5599);
#5599 = AXIS2_PLACEMENT_3D('',#5600,#5601,#5602);
#5600 = CARTESIAN_POINT('',(0.1,-5.08,3.911477598424));
#5601 = DIRECTION('',(-1.,1.110223024625E-16,0.));
#5602 = DIRECTION('',(0.,0.,1.));
#5603 = ADVANCED_FACE('',(#5604),#5615,.T.);
#5604 = FACE_BOUND('',#5605,.T.);
#5605 = EDGE_LOOP('',(#5606,#5607,#5608,#5614));
#5606 = ORIENTED_EDGE('',*,*,#4867,.T.);
#5607 = ORIENTED_EDGE('',*,*,#5566,.T.);
#5608 = ORIENTED_EDGE('',*,*,#5609,.F.);
#5609 = EDGE_CURVE('',#5494,#5567,#5610,.T.);
#5610 = LINE('',#5611,#5612);
#5611 = CARTESIAN_POINT('',(-0.1,-5.33,7.35));
#5612 = VECTOR('',#5613,1.);
#5613 = DIRECTION('',(1.,-1.110223024625E-16,0.));
#5614 = ORIENTED_EDGE('',*,*,#5493,.F.);
#5615 = PLANE('',#5616);
#5616 = AXIS2_PLACEMENT_3D('',#5617,#5618,#5619);
#5617 = CARTESIAN_POINT('',(-0.1,-5.38,7.4));
#5618 = DIRECTION('',(7.850462293414E-17,0.707106781187,0.707106781187)
  );
#5619 = DIRECTION('',(7.850462293414E-17,0.707106781187,-0.707106781187)
  );
#5620 = ADVANCED_FACE('',(#5621),#5632,.T.);
#5621 = FACE_BOUND('',#5622,.T.);
#5622 = EDGE_LOOP('',(#5623,#5624,#5625,#5626));
#5623 = ORIENTED_EDGE('',*,*,#5043,.T.);
#5624 = ORIENTED_EDGE('',*,*,#4906,.T.);
#5625 = ORIENTED_EDGE('',*,*,#4931,.T.);
#5626 = ORIENTED_EDGE('',*,*,#5627,.T.);
#5627 = EDGE_CURVE('',#4932,#5036,#5628,.T.);
#5628 = LINE('',#5629,#5630);
#5629 = CARTESIAN_POINT('',(0.1,-2.54,0.9));
#5630 = VECTOR('',#5631,1.);
#5631 = DIRECTION('',(-1.110223024625E-16,-1.,0.));
#5632 = PLANE('',#5633);
#5633 = AXIS2_PLACEMENT_3D('',#5634,#5635,#5636);
#5634 = CARTESIAN_POINT('',(-3.641068927844E-16,-2.54,0.9));
#5635 = DIRECTION('',(0.,0.,1.));
#5636 = DIRECTION('',(1.110223024625E-16,1.,-0.));
#5637 = ADVANCED_FACE('',(#5638),#5649,.T.);
#5638 = FACE_BOUND('',#5639,.T.);
#5639 = EDGE_LOOP('',(#5640,#5641,#5647,#5648));
#5640 = ORIENTED_EDGE('',*,*,#5011,.T.);
#5641 = ORIENTED_EDGE('',*,*,#5642,.F.);
#5642 = EDGE_CURVE('',#4956,#5012,#5643,.T.);
#5643 = LINE('',#5644,#5645);
#5644 = CARTESIAN_POINT('',(-0.1,-2.54,0.9));
#5645 = VECTOR('',#5646,1.);
#5646 = DIRECTION('',(-1.110223024625E-16,-1.,0.));
#5647 = ORIENTED_EDGE('',*,*,#4963,.T.);
#5648 = ORIENTED_EDGE('',*,*,#4986,.T.);
#5649 = PLANE('',#5650);
#5650 = AXIS2_PLACEMENT_3D('',#5651,#5652,#5653);
#5651 = CARTESIAN_POINT('',(-3.641068927844E-16,-2.54,0.9));
#5652 = DIRECTION('',(0.,0.,1.));
#5653 = DIRECTION('',(1.110223024625E-16,1.,-0.));
#5654 = ADVANCED_FACE('',(#5655),#5698,.T.);
#5655 = FACE_BOUND('',#5656,.T.);
#5656 = EDGE_LOOP('',(#5657,#5658,#5666,#5674,#5682,#5690,#5696,#5697));
#5657 = ORIENTED_EDGE('',*,*,#5019,.F.);
#5658 = ORIENTED_EDGE('',*,*,#5659,.T.);
#5659 = EDGE_CURVE('',#5020,#5660,#5662,.T.);
#5660 = VERTEX_POINT('',#5661);
#5661 = CARTESIAN_POINT('',(-0.1,-2.79,7.35));
#5662 = LINE('',#5663,#5664);
#5663 = CARTESIAN_POINT('',(-0.1,-2.84,7.4));
#5664 = VECTOR('',#5665,1.);
#5665 = DIRECTION('',(7.850462293414E-17,0.707106781187,-0.707106781187)
  );
#5666 = ORIENTED_EDGE('',*,*,#5667,.T.);
#5667 = EDGE_CURVE('',#5660,#5668,#5670,.T.);
#5668 = VERTEX_POINT('',#5669);
#5669 = CARTESIAN_POINT('',(-0.1,-2.79,1.25));
#5670 = LINE('',#5671,#5672);
#5671 = CARTESIAN_POINT('',(-0.1,-2.79,7.35));
#5672 = VECTOR('',#5673,1.);
#5673 = DIRECTION('',(0.,0.,-1.));
#5674 = ORIENTED_EDGE('',*,*,#5675,.T.);
#5675 = EDGE_CURVE('',#5668,#5676,#5678,.T.);
#5676 = VERTEX_POINT('',#5677);
#5677 = CARTESIAN_POINT('',(-0.1,-2.29,1.25));
#5678 = LINE('',#5679,#5680);
#5679 = CARTESIAN_POINT('',(-0.1,-2.79,1.25));
#5680 = VECTOR('',#5681,1.);
#5681 = DIRECTION('',(1.110223024625E-16,1.,0.));
#5682 = ORIENTED_EDGE('',*,*,#5683,.T.);
#5683 = EDGE_CURVE('',#5676,#5684,#5686,.T.);
#5684 = VERTEX_POINT('',#5685);
#5685 = CARTESIAN_POINT('',(-0.1,-2.29,7.35));
#5686 = LINE('',#5687,#5688);
#5687 = CARTESIAN_POINT('',(-0.1,-2.29,1.25));
#5688 = VECTOR('',#5689,1.);
#5689 = DIRECTION('',(0.,0.,1.));
#5690 = ORIENTED_EDGE('',*,*,#5691,.T.);
#5691 = EDGE_CURVE('',#5684,#4948,#5692,.T.);
#5692 = LINE('',#5693,#5694);
#5693 = CARTESIAN_POINT('',(-0.1,-2.29,7.35));
#5694 = VECTOR('',#5695,1.);
#5695 = DIRECTION('',(7.850462293414E-17,0.707106781187,0.707106781187)
  );
#5696 = ORIENTED_EDGE('',*,*,#4955,.F.);
#5697 = ORIENTED_EDGE('',*,*,#5642,.T.);
#5698 = PLANE('',#5699);
#5699 = AXIS2_PLACEMENT_3D('',#5700,#5701,#5702);
#5700 = CARTESIAN_POINT('',(-0.1,-2.54,3.911477598424));
#5701 = DIRECTION('',(-1.,1.110223024625E-16,0.));
#5702 = DIRECTION('',(0.,0.,1.));
#5703 = ADVANCED_FACE('',(#5704),#5722,.T.);
#5704 = FACE_BOUND('',#5705,.T.);
#5705 = EDGE_LOOP('',(#5706,#5714,#5720,#5721));
#5706 = ORIENTED_EDGE('',*,*,#5707,.T.);
#5707 = EDGE_CURVE('',#5684,#5708,#5710,.T.);
#5708 = VERTEX_POINT('',#5709);
#5709 = CARTESIAN_POINT('',(0.1,-2.29,7.35));
#5710 = LINE('',#5711,#5712);
#5711 = CARTESIAN_POINT('',(-0.1,-2.29,7.35));
#5712 = VECTOR('',#5713,1.);
#5713 = DIRECTION('',(1.,-1.110223024625E-16,0.));
#5714 = ORIENTED_EDGE('',*,*,#5715,.T.);
#5715 = EDGE_CURVE('',#5708,#4940,#5716,.T.);
#5716 = LINE('',#5717,#5718);
#5717 = CARTESIAN_POINT('',(0.1,-2.29,7.35));
#5718 = VECTOR('',#5719,1.);
#5719 = DIRECTION('',(7.850462293414E-17,0.707106781187,0.707106781187)
  );
#5720 = ORIENTED_EDGE('',*,*,#4947,.F.);
#5721 = ORIENTED_EDGE('',*,*,#5691,.F.);
#5722 = PLANE('',#5723);
#5723 = AXIS2_PLACEMENT_3D('',#5724,#5725,#5726);
#5724 = CARTESIAN_POINT('',(-0.1,-2.29,7.35));
#5725 = DIRECTION('',(-7.850462293414E-17,-0.707106781187,0.707106781187
    ));
#5726 = DIRECTION('',(7.850462293414E-17,0.707106781187,0.707106781187)
  );
#5727 = ADVANCED_FACE('',(#5728),#5764,.F.);
#5728 = FACE_BOUND('',#5729,.F.);
#5729 = EDGE_LOOP('',(#5730,#5731,#5739,#5747,#5755,#5761,#5762,#5763));
#5730 = ORIENTED_EDGE('',*,*,#5035,.F.);
#5731 = ORIENTED_EDGE('',*,*,#5732,.T.);
#5732 = EDGE_CURVE('',#5028,#5733,#5735,.T.);
#5733 = VERTEX_POINT('',#5734);
#5734 = CARTESIAN_POINT('',(0.1,-2.79,7.35));
#5735 = LINE('',#5736,#5737);
#5736 = CARTESIAN_POINT('',(0.1,-2.84,7.4));
#5737 = VECTOR('',#5738,1.);
#5738 = DIRECTION('',(7.850462293414E-17,0.707106781187,-0.707106781187)
  );
#5739 = ORIENTED_EDGE('',*,*,#5740,.T.);
#5740 = EDGE_CURVE('',#5733,#5741,#5743,.T.);
#5741 = VERTEX_POINT('',#5742);
#5742 = CARTESIAN_POINT('',(0.1,-2.79,1.25));
#5743 = LINE('',#5744,#5745);
#5744 = CARTESIAN_POINT('',(0.1,-2.79,7.35));
#5745 = VECTOR('',#5746,1.);
#5746 = DIRECTION('',(0.,0.,-1.));
#5747 = ORIENTED_EDGE('',*,*,#5748,.T.);
#5748 = EDGE_CURVE('',#5741,#5749,#5751,.T.);
#5749 = VERTEX_POINT('',#5750);
#5750 = CARTESIAN_POINT('',(0.1,-2.29,1.25));
#5751 = LINE('',#5752,#5753);
#5752 = CARTESIAN_POINT('',(0.1,-2.79,1.25));
#5753 = VECTOR('',#5754,1.);
#5754 = DIRECTION('',(1.110223024625E-16,1.,0.));
#5755 = ORIENTED_EDGE('',*,*,#5756,.T.);
#5756 = EDGE_CURVE('',#5749,#5708,#5757,.T.);
#5757 = LINE('',#5758,#5759);
#5758 = CARTESIAN_POINT('',(0.1,-2.29,1.25));
#5759 = VECTOR('',#5760,1.);
#5760 = DIRECTION('',(0.,0.,1.));
#5761 = ORIENTED_EDGE('',*,*,#5715,.T.);
#5762 = ORIENTED_EDGE('',*,*,#4939,.F.);
#5763 = ORIENTED_EDGE('',*,*,#5627,.T.);
#5764 = PLANE('',#5765);
#5765 = AXIS2_PLACEMENT_3D('',#5766,#5767,#5768);
#5766 = CARTESIAN_POINT('',(0.1,-2.54,3.911477598424));
#5767 = DIRECTION('',(-1.,1.110223024625E-16,0.));
#5768 = DIRECTION('',(0.,0.,1.));
#5769 = ADVANCED_FACE('',(#5770),#5781,.T.);
#5770 = FACE_BOUND('',#5771,.T.);
#5771 = EDGE_LOOP('',(#5772,#5773,#5774,#5780));
#5772 = ORIENTED_EDGE('',*,*,#5027,.T.);
#5773 = ORIENTED_EDGE('',*,*,#5732,.T.);
#5774 = ORIENTED_EDGE('',*,*,#5775,.F.);
#5775 = EDGE_CURVE('',#5660,#5733,#5776,.T.);
#5776 = LINE('',#5777,#5778);
#5777 = CARTESIAN_POINT('',(-0.1,-2.79,7.35));
#5778 = VECTOR('',#5779,1.);
#5779 = DIRECTION('',(1.,-1.110223024625E-16,0.));
#5780 = ORIENTED_EDGE('',*,*,#5659,.F.);
#5781 = PLANE('',#5782);
#5782 = AXIS2_PLACEMENT_3D('',#5783,#5784,#5785);
#5783 = CARTESIAN_POINT('',(-0.1,-2.84,7.4));
#5784 = DIRECTION('',(7.850462293414E-17,0.707106781187,0.707106781187)
  );
#5785 = DIRECTION('',(7.850462293414E-17,0.707106781187,-0.707106781187)
  );
#5786 = ADVANCED_FACE('',(#5787),#5798,.T.);
#5787 = FACE_BOUND('',#5788,.T.);
#5788 = EDGE_LOOP('',(#5789,#5790,#5791,#5792));
#5789 = ORIENTED_EDGE('',*,*,#5203,.T.);
#5790 = ORIENTED_EDGE('',*,*,#5066,.T.);
#5791 = ORIENTED_EDGE('',*,*,#5091,.T.);
#5792 = ORIENTED_EDGE('',*,*,#5793,.T.);
#5793 = EDGE_CURVE('',#5092,#5196,#5794,.T.);
#5794 = LINE('',#5795,#5796);
#5795 = CARTESIAN_POINT('',(0.1,-1.110223024625E-17,0.9));
#5796 = VECTOR('',#5797,1.);
#5797 = DIRECTION('',(-1.110223024625E-16,-1.,0.));
#5798 = PLANE('',#5799);
#5799 = AXIS2_PLACEMENT_3D('',#5800,#5801,#5802);
#5800 = CARTESIAN_POINT('',(-8.211024452957E-17,9.116068403433E-33,0.9)
  );
#5801 = DIRECTION('',(0.,0.,1.));
#5802 = DIRECTION('',(1.110223024625E-16,1.,-0.));
#5803 = ADVANCED_FACE('',(#5804),#5815,.T.);
#5804 = FACE_BOUND('',#5805,.T.);
#5805 = EDGE_LOOP('',(#5806,#5807,#5813,#5814));
#5806 = ORIENTED_EDGE('',*,*,#5171,.T.);
#5807 = ORIENTED_EDGE('',*,*,#5808,.F.);
#5808 = EDGE_CURVE('',#5116,#5172,#5809,.T.);
#5809 = LINE('',#5810,#5811);
#5810 = CARTESIAN_POINT('',(-0.1,1.110223024625E-17,0.9));
#5811 = VECTOR('',#5812,1.);
#5812 = DIRECTION('',(-1.110223024625E-16,-1.,0.));
#5813 = ORIENTED_EDGE('',*,*,#5123,.T.);
#5814 = ORIENTED_EDGE('',*,*,#5146,.T.);
#5815 = PLANE('',#5816);
#5816 = AXIS2_PLACEMENT_3D('',#5817,#5818,#5819);
#5817 = CARTESIAN_POINT('',(-8.211024452957E-17,9.116068403433E-33,0.9)
  );
#5818 = DIRECTION('',(0.,0.,1.));
#5819 = DIRECTION('',(1.110223024625E-16,1.,-0.));
#5820 = ADVANCED_FACE('',(#5821),#5864,.T.);
#5821 = FACE_BOUND('',#5822,.T.);
#5822 = EDGE_LOOP('',(#5823,#5824,#5832,#5840,#5848,#5856,#5862,#5863));
#5823 = ORIENTED_EDGE('',*,*,#5179,.F.);
#5824 = ORIENTED_EDGE('',*,*,#5825,.T.);
#5825 = EDGE_CURVE('',#5180,#5826,#5828,.T.);
#5826 = VERTEX_POINT('',#5827);
#5827 = CARTESIAN_POINT('',(-0.1,-0.25,7.35));
#5828 = LINE('',#5829,#5830);
#5829 = CARTESIAN_POINT('',(-0.1,-0.3,7.4));
#5830 = VECTOR('',#5831,1.);
#5831 = DIRECTION('',(7.850462293414E-17,0.707106781187,-0.707106781187)
  );
#5832 = ORIENTED_EDGE('',*,*,#5833,.T.);
#5833 = EDGE_CURVE('',#5826,#5834,#5836,.T.);
#5834 = VERTEX_POINT('',#5835);
#5835 = CARTESIAN_POINT('',(-0.1,-0.25,1.25));
#5836 = LINE('',#5837,#5838);
#5837 = CARTESIAN_POINT('',(-0.1,-0.25,7.35));
#5838 = VECTOR('',#5839,1.);
#5839 = DIRECTION('',(0.,0.,-1.));
#5840 = ORIENTED_EDGE('',*,*,#5841,.T.);
#5841 = EDGE_CURVE('',#5834,#5842,#5844,.T.);
#5842 = VERTEX_POINT('',#5843);
#5843 = CARTESIAN_POINT('',(-0.1,0.25,1.25));
#5844 = LINE('',#5845,#5846);
#5845 = CARTESIAN_POINT('',(-0.1,-0.25,1.25));
#5846 = VECTOR('',#5847,1.);
#5847 = DIRECTION('',(1.110223024625E-16,1.,0.));
#5848 = ORIENTED_EDGE('',*,*,#5849,.T.);
#5849 = EDGE_CURVE('',#5842,#5850,#5852,.T.);
#5850 = VERTEX_POINT('',#5851);
#5851 = CARTESIAN_POINT('',(-0.1,0.25,7.35));
#5852 = LINE('',#5853,#5854);
#5853 = CARTESIAN_POINT('',(-0.1,0.25,1.25));
#5854 = VECTOR('',#5855,1.);
#5855 = DIRECTION('',(0.,0.,1.));
#5856 = ORIENTED_EDGE('',*,*,#5857,.T.);
#5857 = EDGE_CURVE('',#5850,#5108,#5858,.T.);
#5858 = LINE('',#5859,#5860);
#5859 = CARTESIAN_POINT('',(-0.1,0.25,7.35));
#5860 = VECTOR('',#5861,1.);
#5861 = DIRECTION('',(7.850462293414E-17,0.707106781187,0.707106781187)
  );
#5862 = ORIENTED_EDGE('',*,*,#5115,.F.);
#5863 = ORIENTED_EDGE('',*,*,#5808,.T.);
#5864 = PLANE('',#5865);
#5865 = AXIS2_PLACEMENT_3D('',#5866,#5867,#5868);
#5866 = CARTESIAN_POINT('',(-0.1,1.110223024625E-17,3.911477598424));
#5867 = DIRECTION('',(-1.,1.110223024625E-16,0.));
#5868 = DIRECTION('',(0.,0.,1.));
#5869 = ADVANCED_FACE('',(#5870),#5888,.T.);
#5870 = FACE_BOUND('',#5871,.T.);
#5871 = EDGE_LOOP('',(#5872,#5880,#5886,#5887));
#5872 = ORIENTED_EDGE('',*,*,#5873,.T.);
#5873 = EDGE_CURVE('',#5850,#5874,#5876,.T.);
#5874 = VERTEX_POINT('',#5875);
#5875 = CARTESIAN_POINT('',(0.1,0.25,7.35));
#5876 = LINE('',#5877,#5878);
#5877 = CARTESIAN_POINT('',(-0.1,0.25,7.35));
#5878 = VECTOR('',#5879,1.);
#5879 = DIRECTION('',(1.,-1.110223024625E-16,0.));
#5880 = ORIENTED_EDGE('',*,*,#5881,.T.);
#5881 = EDGE_CURVE('',#5874,#5100,#5882,.T.);
#5882 = LINE('',#5883,#5884);
#5883 = CARTESIAN_POINT('',(0.1,0.25,7.35));
#5884 = VECTOR('',#5885,1.);
#5885 = DIRECTION('',(7.850462293414E-17,0.707106781187,0.707106781187)
  );
#5886 = ORIENTED_EDGE('',*,*,#5107,.F.);
#5887 = ORIENTED_EDGE('',*,*,#5857,.F.);
#5888 = PLANE('',#5889);
#5889 = AXIS2_PLACEMENT_3D('',#5890,#5891,#5892);
#5890 = CARTESIAN_POINT('',(-0.1,0.25,7.35));
#5891 = DIRECTION('',(-7.850462293414E-17,-0.707106781187,0.707106781187
    ));
#5892 = DIRECTION('',(7.850462293414E-17,0.707106781187,0.707106781187)
  );
#5893 = ADVANCED_FACE('',(#5894),#5930,.F.);
#5894 = FACE_BOUND('',#5895,.F.);
#5895 = EDGE_LOOP('',(#5896,#5897,#5905,#5913,#5921,#5927,#5928,#5929));
#5896 = ORIENTED_EDGE('',*,*,#5195,.F.);
#5897 = ORIENTED_EDGE('',*,*,#5898,.T.);
#5898 = EDGE_CURVE('',#5188,#5899,#5901,.T.);
#5899 = VERTEX_POINT('',#5900);
#5900 = CARTESIAN_POINT('',(0.1,-0.25,7.35));
#5901 = LINE('',#5902,#5903);
#5902 = CARTESIAN_POINT('',(0.1,-0.3,7.4));
#5903 = VECTOR('',#5904,1.);
#5904 = DIRECTION('',(7.850462293414E-17,0.707106781187,-0.707106781187)
  );
#5905 = ORIENTED_EDGE('',*,*,#5906,.T.);
#5906 = EDGE_CURVE('',#5899,#5907,#5909,.T.);
#5907 = VERTEX_POINT('',#5908);
#5908 = CARTESIAN_POINT('',(0.1,-0.25,1.25));
#5909 = LINE('',#5910,#5911);
#5910 = CARTESIAN_POINT('',(0.1,-0.25,7.35));
#5911 = VECTOR('',#5912,1.);
#5912 = DIRECTION('',(0.,0.,-1.));
#5913 = ORIENTED_EDGE('',*,*,#5914,.T.);
#5914 = EDGE_CURVE('',#5907,#5915,#5917,.T.);
#5915 = VERTEX_POINT('',#5916);
#5916 = CARTESIAN_POINT('',(0.1,0.25,1.25));
#5917 = LINE('',#5918,#5919);
#5918 = CARTESIAN_POINT('',(0.1,-0.25,1.25));
#5919 = VECTOR('',#5920,1.);
#5920 = DIRECTION('',(1.110223024625E-16,1.,0.));
#5921 = ORIENTED_EDGE('',*,*,#5922,.T.);
#5922 = EDGE_CURVE('',#5915,#5874,#5923,.T.);
#5923 = LINE('',#5924,#5925);
#5924 = CARTESIAN_POINT('',(0.1,0.25,1.25));
#5925 = VECTOR('',#5926,1.);
#5926 = DIRECTION('',(0.,0.,1.));
#5927 = ORIENTED_EDGE('',*,*,#5881,.T.);
#5928 = ORIENTED_EDGE('',*,*,#5099,.F.);
#5929 = ORIENTED_EDGE('',*,*,#5793,.T.);
#5930 = PLANE('',#5931);
#5931 = AXIS2_PLACEMENT_3D('',#5932,#5933,#5934);
#5932 = CARTESIAN_POINT('',(0.1,-1.110223024625E-17,3.911477598424));
#5933 = DIRECTION('',(-1.,1.110223024625E-16,0.));
#5934 = DIRECTION('',(0.,0.,1.));
#5935 = ADVANCED_FACE('',(#5936),#5947,.T.);
#5936 = FACE_BOUND('',#5937,.T.);
#5937 = EDGE_LOOP('',(#5938,#5939,#5940,#5946));
#5938 = ORIENTED_EDGE('',*,*,#5187,.T.);
#5939 = ORIENTED_EDGE('',*,*,#5898,.T.);
#5940 = ORIENTED_EDGE('',*,*,#5941,.F.);
#5941 = EDGE_CURVE('',#5826,#5899,#5942,.T.);
#5942 = LINE('',#5943,#5944);
#5943 = CARTESIAN_POINT('',(-0.1,-0.25,7.35));
#5944 = VECTOR('',#5945,1.);
#5945 = DIRECTION('',(1.,-1.110223024625E-16,0.));
#5946 = ORIENTED_EDGE('',*,*,#5825,.F.);
#5947 = PLANE('',#5948);
#5948 = AXIS2_PLACEMENT_3D('',#5949,#5950,#5951);
#5949 = CARTESIAN_POINT('',(-0.1,-0.3,7.4));
#5950 = DIRECTION('',(7.850462293414E-17,0.707106781187,0.707106781187)
  );
#5951 = DIRECTION('',(7.850462293414E-17,0.707106781187,-0.707106781187)
  );
#5952 = ADVANCED_FACE('',(#5953),#5964,.T.);
#5953 = FACE_BOUND('',#5954,.T.);
#5954 = EDGE_LOOP('',(#5955,#5961,#5962,#5963));
#5955 = ORIENTED_EDGE('',*,*,#5956,.T.);
#5956 = EDGE_CURVE('',#5510,#5583,#5957,.T.);
#5957 = LINE('',#5958,#5959);
#5958 = CARTESIAN_POINT('',(-0.1,-4.83,1.25));
#5959 = VECTOR('',#5960,1.);
#5960 = DIRECTION('',(1.,-1.110223024625E-16,0.));
#5961 = ORIENTED_EDGE('',*,*,#5590,.T.);
#5962 = ORIENTED_EDGE('',*,*,#5541,.F.);
#5963 = ORIENTED_EDGE('',*,*,#5517,.F.);
#5964 = PLANE('',#5965);
#5965 = AXIS2_PLACEMENT_3D('',#5966,#5967,#5968);
#5966 = CARTESIAN_POINT('',(-0.1,-4.83,1.25));
#5967 = DIRECTION('',(-1.110223024625E-16,-1.,0.));
#5968 = DIRECTION('',(0.,0.,1.));
#5969 = ADVANCED_FACE('',(#5970),#5981,.T.);
#5970 = FACE_BOUND('',#5971,.T.);
#5971 = EDGE_LOOP('',(#5972,#5978,#5979,#5980));
#5972 = ORIENTED_EDGE('',*,*,#5973,.T.);
#5973 = EDGE_CURVE('',#5502,#5575,#5974,.T.);
#5974 = LINE('',#5975,#5976);
#5975 = CARTESIAN_POINT('',(-0.1,-5.33,1.25));
#5976 = VECTOR('',#5977,1.);
#5977 = DIRECTION('',(1.,-1.110223024625E-16,0.));
#5978 = ORIENTED_EDGE('',*,*,#5582,.T.);
#5979 = ORIENTED_EDGE('',*,*,#5956,.F.);
#5980 = ORIENTED_EDGE('',*,*,#5509,.F.);
#5981 = PLANE('',#5982);
#5982 = AXIS2_PLACEMENT_3D('',#5983,#5984,#5985);
#5983 = CARTESIAN_POINT('',(-0.1,-5.33,1.25));
#5984 = DIRECTION('',(0.,0.,1.));
#5985 = DIRECTION('',(1.110223024625E-16,1.,-0.));
#5986 = ADVANCED_FACE('',(#5987),#5993,.T.);
#5987 = FACE_BOUND('',#5988,.T.);
#5988 = EDGE_LOOP('',(#5989,#5990,#5991,#5992));
#5989 = ORIENTED_EDGE('',*,*,#5609,.T.);
#5990 = ORIENTED_EDGE('',*,*,#5574,.T.);
#5991 = ORIENTED_EDGE('',*,*,#5973,.F.);
#5992 = ORIENTED_EDGE('',*,*,#5501,.F.);
#5993 = PLANE('',#5994);
#5994 = AXIS2_PLACEMENT_3D('',#5995,#5996,#5997);
#5995 = CARTESIAN_POINT('',(-0.1,-5.33,7.35));
#5996 = DIRECTION('',(1.110223024625E-16,1.,0.));
#5997 = DIRECTION('',(0.,0.,-1.));
#5998 = ADVANCED_FACE('',(#5999),#6010,.T.);
#5999 = FACE_BOUND('',#6000,.T.);
#6000 = EDGE_LOOP('',(#6001,#6007,#6008,#6009));
#6001 = ORIENTED_EDGE('',*,*,#6002,.T.);
#6002 = EDGE_CURVE('',#5676,#5749,#6003,.T.);
#6003 = LINE('',#6004,#6005);
#6004 = CARTESIAN_POINT('',(-0.1,-2.29,1.25));
#6005 = VECTOR('',#6006,1.);
#6006 = DIRECTION('',(1.,-1.110223024625E-16,0.));
#6007 = ORIENTED_EDGE('',*,*,#5756,.T.);
#6008 = ORIENTED_EDGE('',*,*,#5707,.F.);
#6009 = ORIENTED_EDGE('',*,*,#5683,.F.);
#6010 = PLANE('',#6011);
#6011 = AXIS2_PLACEMENT_3D('',#6012,#6013,#6014);
#6012 = CARTESIAN_POINT('',(-0.1,-2.29,1.25));
#6013 = DIRECTION('',(-1.110223024625E-16,-1.,0.));
#6014 = DIRECTION('',(0.,0.,1.));
#6015 = ADVANCED_FACE('',(#6016),#6027,.T.);
#6016 = FACE_BOUND('',#6017,.T.);
#6017 = EDGE_LOOP('',(#6018,#6024,#6025,#6026));
#6018 = ORIENTED_EDGE('',*,*,#6019,.T.);
#6019 = EDGE_CURVE('',#5668,#5741,#6020,.T.);
#6020 = LINE('',#6021,#6022);
#6021 = CARTESIAN_POINT('',(-0.1,-2.79,1.25));
#6022 = VECTOR('',#6023,1.);
#6023 = DIRECTION('',(1.,-1.110223024625E-16,0.));
#6024 = ORIENTED_EDGE('',*,*,#5748,.T.);
#6025 = ORIENTED_EDGE('',*,*,#6002,.F.);
#6026 = ORIENTED_EDGE('',*,*,#5675,.F.);
#6027 = PLANE('',#6028);
#6028 = AXIS2_PLACEMENT_3D('',#6029,#6030,#6031);
#6029 = CARTESIAN_POINT('',(-0.1,-2.79,1.25));
#6030 = DIRECTION('',(0.,0.,1.));
#6031 = DIRECTION('',(1.110223024625E-16,1.,-0.));
#6032 = ADVANCED_FACE('',(#6033),#6039,.T.);
#6033 = FACE_BOUND('',#6034,.T.);
#6034 = EDGE_LOOP('',(#6035,#6036,#6037,#6038));
#6035 = ORIENTED_EDGE('',*,*,#5775,.T.);
#6036 = ORIENTED_EDGE('',*,*,#5740,.T.);
#6037 = ORIENTED_EDGE('',*,*,#6019,.F.);
#6038 = ORIENTED_EDGE('',*,*,#5667,.F.);
#6039 = PLANE('',#6040);
#6040 = AXIS2_PLACEMENT_3D('',#6041,#6042,#6043);
#6041 = CARTESIAN_POINT('',(-0.1,-2.79,7.35));
#6042 = DIRECTION('',(1.110223024625E-16,1.,0.));
#6043 = DIRECTION('',(0.,0.,-1.));
#6044 = ADVANCED_FACE('',(#6045),#6056,.T.);
#6045 = FACE_BOUND('',#6046,.T.);
#6046 = EDGE_LOOP('',(#6047,#6053,#6054,#6055));
#6047 = ORIENTED_EDGE('',*,*,#6048,.T.);
#6048 = EDGE_CURVE('',#5842,#5915,#6049,.T.);
#6049 = LINE('',#6050,#6051);
#6050 = CARTESIAN_POINT('',(-0.1,0.25,1.25));
#6051 = VECTOR('',#6052,1.);
#6052 = DIRECTION('',(1.,-1.110223024625E-16,0.));
#6053 = ORIENTED_EDGE('',*,*,#5922,.T.);
#6054 = ORIENTED_EDGE('',*,*,#5873,.F.);
#6055 = ORIENTED_EDGE('',*,*,#5849,.F.);
#6056 = PLANE('',#6057);
#6057 = AXIS2_PLACEMENT_3D('',#6058,#6059,#6060);
#6058 = CARTESIAN_POINT('',(-0.1,0.25,1.25));
#6059 = DIRECTION('',(-1.110223024625E-16,-1.,0.));
#6060 = DIRECTION('',(0.,0.,1.));
#6061 = ADVANCED_FACE('',(#6062),#6073,.T.);
#6062 = FACE_BOUND('',#6063,.T.);
#6063 = EDGE_LOOP('',(#6064,#6070,#6071,#6072));
#6064 = ORIENTED_EDGE('',*,*,#6065,.T.);
#6065 = EDGE_CURVE('',#5834,#5907,#6066,.T.);
#6066 = LINE('',#6067,#6068);
#6067 = CARTESIAN_POINT('',(-0.1,-0.25,1.25));
#6068 = VECTOR('',#6069,1.);
#6069 = DIRECTION('',(1.,-1.110223024625E-16,0.));
#6070 = ORIENTED_EDGE('',*,*,#5914,.T.);
#6071 = ORIENTED_EDGE('',*,*,#6048,.F.);
#6072 = ORIENTED_EDGE('',*,*,#5841,.F.);
#6073 = PLANE('',#6074);
#6074 = AXIS2_PLACEMENT_3D('',#6075,#6076,#6077);
#6075 = CARTESIAN_POINT('',(-0.1,-0.25,1.25));
#6076 = DIRECTION('',(0.,0.,1.));
#6077 = DIRECTION('',(1.110223024625E-16,1.,-0.));
#6078 = ADVANCED_FACE('',(#6079),#6085,.T.);
#6079 = FACE_BOUND('',#6080,.T.);
#6080 = EDGE_LOOP('',(#6081,#6082,#6083,#6084));
#6081 = ORIENTED_EDGE('',*,*,#5941,.T.);
#6082 = ORIENTED_EDGE('',*,*,#5906,.T.);
#6083 = ORIENTED_EDGE('',*,*,#6065,.F.);
#6084 = ORIENTED_EDGE('',*,*,#5833,.F.);
#6085 = PLANE('',#6086);
#6086 = AXIS2_PLACEMENT_3D('',#6087,#6088,#6089);
#6087 = CARTESIAN_POINT('',(-0.1,-0.25,7.35));
#6088 = DIRECTION('',(1.110223024625E-16,1.,0.));
#6089 = DIRECTION('',(0.,0.,-1.));
#6090 = ( GEOMETRIC_REPRESENTATION_CONTEXT(3) 
GLOBAL_UNCERTAINTY_ASSIGNED_CONTEXT((#6094)) 
GLOBAL_UNIT_ASSIGNED_CONTEXT((#6091,#6092,#6093)) REPRESENTATION_CONTEXT
('Context #1','3D Context with UNIT and UNCERTAINTY') );
#6091 = ( LENGTH_UNIT() NAMED_UNIT(*) SI_UNIT(.MILLI.,.METRE.) );
#6092 = ( NAMED_UNIT(*) PLANE_ANGLE_UNIT() SI_UNIT($,.RADIAN.) );
#6093 = ( NAMED_UNIT(*) SI_UNIT($,.STERADIAN.) SOLID_ANGLE_UNIT() );
#6094 = UNCERTAINTY_MEASURE_WITH_UNIT(LENGTH_MEASURE(1.E-07),#6091,
  'distance_accuracy_value','confusion accuracy');
#6095 = CONTEXT_DEPENDENT_SHAPE_REPRESENTATION(#6096,#6098);
#6096 = ( REPRESENTATION_RELATIONSHIP('','',#3479,#10) 
REPRESENTATION_RELATIONSHIP_WITH_TRANSFORMATION(#6097) 
SHAPE_REPRESENTATION_RELATIONSHIP() );
#6097 = ITEM_DEFINED_TRANSFORMATION('','',#11,#27);
#6098 = PRODUCT_DEFINITION_SHAPE('Placement','Placement of an item',
  #6099);
#6099 = NEXT_ASSEMBLY_USAGE_OCCURRENCE('4','J20','',#5,#3474,$);
#6100 = PRODUCT_RELATED_PRODUCT_CATEGORY('part',$,(#3476));
#6101 = CONTEXT_DEPENDENT_SHAPE_REPRESENTATION(#6102,#6104);
#6102 = ( REPRESENTATION_RELATIONSHIP('','',#3479,#10) 
REPRESENTATION_RELATIONSHIP_WITH_TRANSFORMATION(#6103) 
SHAPE_REPRESENTATION_RELATIONSHIP() );
#6103 = ITEM_DEFINED_TRANSFORMATION('','',#11,#31);
#6104 = PRODUCT_DEFINITION_SHAPE('Placement','Placement of an item',
  #6105);
#6105 = NEXT_ASSEMBLY_USAGE_OCCURRENCE('5','J21','',#5,#3474,$);
#6106 = CONTEXT_DEPENDENT_SHAPE_REPRESENTATION(#6107,#6109);
#6107 = ( REPRESENTATION_RELATIONSHIP('','',#64,#10) 
REPRESENTATION_RELATIONSHIP_WITH_TRANSFORMATION(#6108) 
SHAPE_REPRESENTATION_RELATIONSHIP() );
#6108 = ITEM_DEFINED_TRANSFORMATION('','',#11,#35);
#6109 = PRODUCT_DEFINITION_SHAPE('Placement','Placement of an item',
  #6110);
#6110 = NEXT_ASSEMBLY_USAGE_OCCURRENCE('6','J10','',#5,#59,$);
#6111 = CONTEXT_DEPENDENT_SHAPE_REPRESENTATION(#6112,#6114);
#6112 = ( REPRESENTATION_RELATIONSHIP('','',#64,#10) 
REPRESENTATION_RELATIONSHIP_WITH_TRANSFORMATION(#6113) 
SHAPE_REPRESENTATION_RELATIONSHIP() );
#6113 = ITEM_DEFINED_TRANSFORMATION('','',#11,#39);
#6114 = PRODUCT_DEFINITION_SHAPE('Placement','Placement of an item',
  #6115);
#6115 = NEXT_ASSEMBLY_USAGE_OCCURRENCE('7','J14','',#5,#59,$);
#6116 = SHAPE_DEFINITION_REPRESENTATION(#6117,#6123);
#6117 = PRODUCT_DEFINITION_SHAPE('','',#6118);
#6118 = PRODUCT_DEFINITION('design','',#6119,#6122);
#6119 = PRODUCT_DEFINITION_FORMATION('','',#6120);
#6120 = PRODUCT('PinHeader_1x02_P2.54mm_Vertical',
  'PinHeader_1x02_P2.54mm_Vertical','',(#6121));
#6121 = PRODUCT_CONTEXT('',#2,'mechanical');
#6122 = PRODUCT_DEFINITION_CONTEXT('part definition',#2,'design');
#6123 = ADVANCED_BREP_SHAPE_REPRESENTATION('',(#11,#6124),#7556);
#6124 = MANIFOLD_SOLID_BREP('',#6125);
#6125 = CLOSED_SHELL('',(#6126,#6166,#6197,#6228,#6393,#6558,#6575,#6592
    ,#6609,#6626,#6643,#6660,#6677,#6694,#6711,#6728,#6740,#6771,#6795,
    #6819,#6836,#6867,#6891,#6915,#6932,#6963,#6987,#7011,#7028,#7059,
    #7083,#7107,#7124,#7155,#7179,#7203,#7220,#7251,#7275,#7299,#7316,
    #7347,#7371,#7395,#7412,#7443,#7467,#7491,#7508,#7520,#7532,#7544));
#6126 = ADVANCED_FACE('',(#6127),#6161,.F.);
#6127 = FACE_BOUND('',#6128,.F.);
#6128 = EDGE_LOOP('',(#6129,#6139,#6147,#6155));
#6129 = ORIENTED_EDGE('',*,*,#6130,.T.);
#6130 = EDGE_CURVE('',#6131,#6133,#6135,.T.);
#6131 = VERTEX_POINT('',#6132);
#6132 = CARTESIAN_POINT('',(-1.016,1.27,0.));
#6133 = VERTEX_POINT('',#6134);
#6134 = CARTESIAN_POINT('',(-1.016,1.27,2.54));
#6135 = LINE('',#6136,#6137);
#6136 = CARTESIAN_POINT('',(-1.016,1.27,0.));
#6137 = VECTOR('',#6138,1.);
#6138 = DIRECTION('',(0.,0.,1.));
#6139 = ORIENTED_EDGE('',*,*,#6140,.T.);
#6140 = EDGE_CURVE('',#6133,#6141,#6143,.T.);
#6141 = VERTEX_POINT('',#6142);
#6142 = CARTESIAN_POINT('',(-1.27,1.016,2.54));
#6143 = LINE('',#6144,#6145);
#6144 = CARTESIAN_POINT('',(-1.016,1.27,2.54));
#6145 = VECTOR('',#6146,1.);
#6146 = DIRECTION('',(-0.707106781187,-0.707106781187,0.));
#6147 = ORIENTED_EDGE('',*,*,#6148,.F.);
#6148 = EDGE_CURVE('',#6149,#6141,#6151,.T.);
#6149 = VERTEX_POINT('',#6150);
#6150 = CARTESIAN_POINT('',(-1.27,1.016,0.));
#6151 = LINE('',#6152,#6153);
#6152 = CARTESIAN_POINT('',(-1.27,1.016,0.));
#6153 = VECTOR('',#6154,1.);
#6154 = DIRECTION('',(0.,0.,1.));
#6155 = ORIENTED_EDGE('',*,*,#6156,.F.);
#6156 = EDGE_CURVE('',#6131,#6149,#6157,.T.);
#6157 = LINE('',#6158,#6159);
#6158 = CARTESIAN_POINT('',(-1.016,1.27,0.));
#6159 = VECTOR('',#6160,1.);
#6160 = DIRECTION('',(-0.707106781187,-0.707106781187,0.));
#6161 = PLANE('',#6162);
#6162 = AXIS2_PLACEMENT_3D('',#6163,#6164,#6165);
#6163 = CARTESIAN_POINT('',(-1.016,1.27,0.));
#6164 = DIRECTION('',(0.707106781187,-0.707106781187,0.));
#6165 = DIRECTION('',(-0.707106781187,-0.707106781187,0.));
#6166 = ADVANCED_FACE('',(#6167),#6192,.F.);
#6167 = FACE_BOUND('',#6168,.F.);
#6168 = EDGE_LOOP('',(#6169,#6179,#6185,#6186));
#6169 = ORIENTED_EDGE('',*,*,#6170,.T.);
#6170 = EDGE_CURVE('',#6171,#6173,#6175,.T.);
#6171 = VERTEX_POINT('',#6172);
#6172 = CARTESIAN_POINT('',(1.016,1.27,0.));
#6173 = VERTEX_POINT('',#6174);
#6174 = CARTESIAN_POINT('',(1.016,1.27,2.54));
#6175 = LINE('',#6176,#6177);
#6176 = CARTESIAN_POINT('',(1.016,1.27,0.));
#6177 = VECTOR('',#6178,1.);
#6178 = DIRECTION('',(0.,0.,1.));
#6179 = ORIENTED_EDGE('',*,*,#6180,.T.);
#6180 = EDGE_CURVE('',#6173,#6133,#6181,.T.);
#6181 = LINE('',#6182,#6183);
#6182 = CARTESIAN_POINT('',(1.016,1.27,2.54));
#6183 = VECTOR('',#6184,1.);
#6184 = DIRECTION('',(-1.,0.,0.));
#6185 = ORIENTED_EDGE('',*,*,#6130,.F.);
#6186 = ORIENTED_EDGE('',*,*,#6187,.F.);
#6187 = EDGE_CURVE('',#6171,#6131,#6188,.T.);
#6188 = LINE('',#6189,#6190);
#6189 = CARTESIAN_POINT('',(1.016,1.27,0.));
#6190 = VECTOR('',#6191,1.);
#6191 = DIRECTION('',(-1.,0.,0.));
#6192 = PLANE('',#6193);
#6193 = AXIS2_PLACEMENT_3D('',#6194,#6195,#6196);
#6194 = CARTESIAN_POINT('',(1.016,1.27,0.));
#6195 = DIRECTION('',(0.,-1.,0.));
#6196 = DIRECTION('',(-1.,0.,0.));
#6197 = ADVANCED_FACE('',(#6198),#6223,.F.);
#6198 = FACE_BOUND('',#6199,.F.);
#6199 = EDGE_LOOP('',(#6200,#6201,#6209,#6217));
#6200 = ORIENTED_EDGE('',*,*,#6148,.T.);
#6201 = ORIENTED_EDGE('',*,*,#6202,.T.);
#6202 = EDGE_CURVE('',#6141,#6203,#6205,.T.);
#6203 = VERTEX_POINT('',#6204);
#6204 = CARTESIAN_POINT('',(-1.27,-1.016,2.54));
#6205 = LINE('',#6206,#6207);
#6206 = CARTESIAN_POINT('',(-1.27,1.016,2.54));
#6207 = VECTOR('',#6208,1.);
#6208 = DIRECTION('',(0.,-1.,0.));
#6209 = ORIENTED_EDGE('',*,*,#6210,.F.);
#6210 = EDGE_CURVE('',#6211,#6203,#6213,.T.);
#6211 = VERTEX_POINT('',#6212);
#6212 = CARTESIAN_POINT('',(-1.27,-1.016,0.));
#6213 = LINE('',#6214,#6215);
#6214 = CARTESIAN_POINT('',(-1.27,-1.016,0.));
#6215 = VECTOR('',#6216,1.);
#6216 = DIRECTION('',(0.,0.,1.));
#6217 = ORIENTED_EDGE('',*,*,#6218,.F.);
#6218 = EDGE_CURVE('',#6149,#6211,#6219,.T.);
#6219 = LINE('',#6220,#6221);
#6220 = CARTESIAN_POINT('',(-1.27,1.016,0.));
#6221 = VECTOR('',#6222,1.);
#6222 = DIRECTION('',(0.,-1.,0.));
#6223 = PLANE('',#6224);
#6224 = AXIS2_PLACEMENT_3D('',#6225,#6226,#6227);
#6225 = CARTESIAN_POINT('',(-1.27,1.016,0.));
#6226 = DIRECTION('',(1.,0.,0.));
#6227 = DIRECTION('',(0.,-1.,0.));
#6228 = ADVANCED_FACE('',(#6229,#6320,#6354),#6388,.F.);
#6229 = FACE_BOUND('',#6230,.F.);
#6230 = EDGE_LOOP('',(#6231,#6232,#6233,#6241,#6249,#6257,#6265,#6273,
    #6281,#6289,#6297,#6305,#6313,#6319));
#6231 = ORIENTED_EDGE('',*,*,#6156,.T.);
#6232 = ORIENTED_EDGE('',*,*,#6218,.T.);
#6233 = ORIENTED_EDGE('',*,*,#6234,.T.);
#6234 = EDGE_CURVE('',#6211,#6235,#6237,.T.);
#6235 = VERTEX_POINT('',#6236);
#6236 = CARTESIAN_POINT('',(-1.016,-1.27,0.));
#6237 = LINE('',#6238,#6239);
#6238 = CARTESIAN_POINT('',(-1.27,-1.016,0.));
#6239 = VECTOR('',#6240,1.);
#6240 = DIRECTION('',(0.707106781187,-0.707106781187,0.));
#6241 = ORIENTED_EDGE('',*,*,#6242,.T.);
#6242 = EDGE_CURVE('',#6235,#6243,#6245,.T.);
#6243 = VERTEX_POINT('',#6244);
#6244 = CARTESIAN_POINT('',(-1.27,-1.524,0.));
#6245 = LINE('',#6246,#6247);
#6246 = CARTESIAN_POINT('',(-1.016,-1.27,0.));
#6247 = VECTOR('',#6248,1.);
#6248 = DIRECTION('',(-0.707106781187,-0.707106781187,0.));
#6249 = ORIENTED_EDGE('',*,*,#6250,.T.);
#6250 = EDGE_CURVE('',#6243,#6251,#6253,.T.);
#6251 = VERTEX_POINT('',#6252);
#6252 = CARTESIAN_POINT('',(-1.27,-3.556,0.));
#6253 = LINE('',#6254,#6255);
#6254 = CARTESIAN_POINT('',(-1.27,-1.524,0.));
#6255 = VECTOR('',#6256,1.);
#6256 = DIRECTION('',(0.,-1.,0.));
#6257 = ORIENTED_EDGE('',*,*,#6258,.T.);
#6258 = EDGE_CURVE('',#6251,#6259,#6261,.T.);
#6259 = VERTEX_POINT('',#6260);
#6260 = CARTESIAN_POINT('',(-1.016,-3.81,0.));
#6261 = LINE('',#6262,#6263);
#6262 = CARTESIAN_POINT('',(-1.27,-3.556,0.));
#6263 = VECTOR('',#6264,1.);
#6264 = DIRECTION('',(0.707106781187,-0.707106781187,0.));
#6265 = ORIENTED_EDGE('',*,*,#6266,.T.);
#6266 = EDGE_CURVE('',#6259,#6267,#6269,.T.);
#6267 = VERTEX_POINT('',#6268);
#6268 = CARTESIAN_POINT('',(1.016,-3.81,0.));
#6269 = LINE('',#6270,#6271);
#6270 = CARTESIAN_POINT('',(-1.016,-3.81,0.));
#6271 = VECTOR('',#6272,1.);
#6272 = DIRECTION('',(1.,0.,0.));
#6273 = ORIENTED_EDGE('',*,*,#6274,.T.);
#6274 = EDGE_CURVE('',#6267,#6275,#6277,.T.);
#6275 = VERTEX_POINT('',#6276);
#6276 = CARTESIAN_POINT('',(1.27,-3.556,0.));
#6277 = LINE('',#6278,#6279);
#6278 = CARTESIAN_POINT('',(1.016,-3.81,0.));
#6279 = VECTOR('',#6280,1.);
#6280 = DIRECTION('',(0.707106781187,0.707106781187,0.));
#6281 = ORIENTED_EDGE('',*,*,#6282,.T.);
#6282 = EDGE_CURVE('',#6275,#6283,#6285,.T.);
#6283 = VERTEX_POINT('',#6284);
#6284 = CARTESIAN_POINT('',(1.27,-1.524,0.));
#6285 = LINE('',#6286,#6287);
#6286 = CARTESIAN_POINT('',(1.27,-3.556,0.));
#6287 = VECTOR('',#6288,1.);
#6288 = DIRECTION('',(0.,1.,0.));
#6289 = ORIENTED_EDGE('',*,*,#6290,.T.);
#6290 = EDGE_CURVE('',#6283,#6291,#6293,.T.);
#6291 = VERTEX_POINT('',#6292);
#6292 = CARTESIAN_POINT('',(1.016,-1.27,0.));
#6293 = LINE('',#6294,#6295);
#6294 = CARTESIAN_POINT('',(1.27,-1.524,0.));
#6295 = VECTOR('',#6296,1.);
#6296 = DIRECTION('',(-0.707106781187,0.707106781187,0.));
#6297 = ORIENTED_EDGE('',*,*,#6298,.T.);
#6298 = EDGE_CURVE('',#6291,#6299,#6301,.T.);
#6299 = VERTEX_POINT('',#6300);
#6300 = CARTESIAN_POINT('',(1.27,-1.016,0.));
#6301 = LINE('',#6302,#6303);
#6302 = CARTESIAN_POINT('',(1.016,-1.27,0.));
#6303 = VECTOR('',#6304,1.);
#6304 = DIRECTION('',(0.707106781187,0.707106781187,0.));
#6305 = ORIENTED_EDGE('',*,*,#6306,.T.);
#6306 = EDGE_CURVE('',#6299,#6307,#6309,.T.);
#6307 = VERTEX_POINT('',#6308);
#6308 = CARTESIAN_POINT('',(1.27,1.016,0.));
#6309 = LINE('',#6310,#6311);
#6310 = CARTESIAN_POINT('',(1.27,-1.016,0.));
#6311 = VECTOR('',#6312,1.);
#6312 = DIRECTION('',(0.,1.,0.));
#6313 = ORIENTED_EDGE('',*,*,#6314,.T.);
#6314 = EDGE_CURVE('',#6307,#6171,#6315,.T.);
#6315 = LINE('',#6316,#6317);
#6316 = CARTESIAN_POINT('',(1.27,1.016,0.));
#6317 = VECTOR('',#6318,1.);
#6318 = DIRECTION('',(-0.707106781187,0.707106781187,0.));
#6319 = ORIENTED_EDGE('',*,*,#6187,.T.);
#6320 = FACE_BOUND('',#6321,.F.);
#6321 = EDGE_LOOP('',(#6322,#6332,#6340,#6348));
#6322 = ORIENTED_EDGE('',*,*,#6323,.T.);
#6323 = EDGE_CURVE('',#6324,#6326,#6328,.T.);
#6324 = VERTEX_POINT('',#6325);
#6325 = CARTESIAN_POINT('',(0.32,-0.32,0.));
#6326 = VERTEX_POINT('',#6327);
#6327 = CARTESIAN_POINT('',(-0.32,-0.32,0.));
#6328 = LINE('',#6329,#6330);
#6329 = CARTESIAN_POINT('',(-0.16,-0.32,0.));
#6330 = VECTOR('',#6331,1.);
#6331 = DIRECTION('',(-1.,0.,0.));
#6332 = ORIENTED_EDGE('',*,*,#6333,.T.);
#6333 = EDGE_CURVE('',#6326,#6334,#6336,.T.);
#6334 = VERTEX_POINT('',#6335);
#6335 = CARTESIAN_POINT('',(-0.32,0.32,0.));
#6336 = LINE('',#6337,#6338);
#6337 = CARTESIAN_POINT('',(-0.32,-0.795,0.));
#6338 = VECTOR('',#6339,1.);
#6339 = DIRECTION('',(0.,1.,0.));
#6340 = ORIENTED_EDGE('',*,*,#6341,.F.);
#6341 = EDGE_CURVE('',#6342,#6334,#6344,.T.);
#6342 = VERTEX_POINT('',#6343);
#6343 = CARTESIAN_POINT('',(0.32,0.32,0.));
#6344 = LINE('',#6345,#6346);
#6345 = CARTESIAN_POINT('',(-0.16,0.32,0.));
#6346 = VECTOR('',#6347,1.);
#6347 = DIRECTION('',(-1.,0.,0.));
#6348 = ORIENTED_EDGE('',*,*,#6349,.F.);
#6349 = EDGE_CURVE('',#6324,#6342,#6350,.T.);
#6350 = LINE('',#6351,#6352);
#6351 = CARTESIAN_POINT('',(0.32,-0.795,0.));
#6352 = VECTOR('',#6353,1.);
#6353 = DIRECTION('',(0.,1.,0.));
#6354 = FACE_BOUND('',#6355,.F.);
#6355 = EDGE_LOOP('',(#6356,#6366,#6374,#6382));
#6356 = ORIENTED_EDGE('',*,*,#6357,.T.);
#6357 = EDGE_CURVE('',#6358,#6360,#6362,.T.);
#6358 = VERTEX_POINT('',#6359);
#6359 = CARTESIAN_POINT('',(0.32,-2.86,0.));
#6360 = VERTEX_POINT('',#6361);
#6361 = CARTESIAN_POINT('',(-0.32,-2.86,0.));
#6362 = LINE('',#6363,#6364);
#6363 = CARTESIAN_POINT('',(-0.16,-2.86,0.));
#6364 = VECTOR('',#6365,1.);
#6365 = DIRECTION('',(-1.,0.,0.));
#6366 = ORIENTED_EDGE('',*,*,#6367,.T.);
#6367 = EDGE_CURVE('',#6360,#6368,#6370,.T.);
#6368 = VERTEX_POINT('',#6369);
#6369 = CARTESIAN_POINT('',(-0.32,-2.22,0.));
#6370 = LINE('',#6371,#6372);
#6371 = CARTESIAN_POINT('',(-0.32,-2.065,0.));
#6372 = VECTOR('',#6373,1.);
#6373 = DIRECTION('',(0.,1.,0.));
#6374 = ORIENTED_EDGE('',*,*,#6375,.F.);
#6375 = EDGE_CURVE('',#6376,#6368,#6378,.T.);
#6376 = VERTEX_POINT('',#6377);
#6377 = CARTESIAN_POINT('',(0.32,-2.22,0.));
#6378 = LINE('',#6379,#6380);
#6379 = CARTESIAN_POINT('',(-0.16,-2.22,0.));
#6380 = VECTOR('',#6381,1.);
#6381 = DIRECTION('',(-1.,0.,0.));
#6382 = ORIENTED_EDGE('',*,*,#6383,.F.);
#6383 = EDGE_CURVE('',#6358,#6376,#6384,.T.);
#6384 = LINE('',#6385,#6386);
#6385 = CARTESIAN_POINT('',(0.32,-2.065,0.));
#6386 = VECTOR('',#6387,1.);
#6387 = DIRECTION('',(0.,1.,0.));
#6388 = PLANE('',#6389);
#6389 = AXIS2_PLACEMENT_3D('',#6390,#6391,#6392);
#6390 = CARTESIAN_POINT('',(1.473843703412E-17,-1.27,0.));
#6391 = DIRECTION('',(0.,0.,1.));
#6392 = DIRECTION('',(1.,0.,-0.));
#6393 = ADVANCED_FACE('',(#6394,#6485,#6519),#6553,.T.);
#6394 = FACE_BOUND('',#6395,.T.);
#6395 = EDGE_LOOP('',(#6396,#6397,#6398,#6406,#6414,#6422,#6430,#6438,
    #6446,#6454,#6462,#6470,#6478,#6484));
#6396 = ORIENTED_EDGE('',*,*,#6140,.T.);
#6397 = ORIENTED_EDGE('',*,*,#6202,.T.);
#6398 = ORIENTED_EDGE('',*,*,#6399,.T.);
#6399 = EDGE_CURVE('',#6203,#6400,#6402,.T.);
#6400 = VERTEX_POINT('',#6401);
#6401 = CARTESIAN_POINT('',(-1.016,-1.27,2.54));
#6402 = LINE('',#6403,#6404);
#6403 = CARTESIAN_POINT('',(-1.27,-1.016,2.54));
#6404 = VECTOR('',#6405,1.);
#6405 = DIRECTION('',(0.707106781187,-0.707106781187,0.));
#6406 = ORIENTED_EDGE('',*,*,#6407,.T.);
#6407 = EDGE_CURVE('',#6400,#6408,#6410,.T.);
#6408 = VERTEX_POINT('',#6409);
#6409 = CARTESIAN_POINT('',(-1.27,-1.524,2.54));
#6410 = LINE('',#6411,#6412);
#6411 = CARTESIAN_POINT('',(-1.016,-1.27,2.54));
#6412 = VECTOR('',#6413,1.);
#6413 = DIRECTION('',(-0.707106781187,-0.707106781187,0.));
#6414 = ORIENTED_EDGE('',*,*,#6415,.T.);
#6415 = EDGE_CURVE('',#6408,#6416,#6418,.T.);
#6416 = VERTEX_POINT('',#6417);
#6417 = CARTESIAN_POINT('',(-1.27,-3.556,2.54));
#6418 = LINE('',#6419,#6420);
#6419 = CARTESIAN_POINT('',(-1.27,-1.524,2.54));
#6420 = VECTOR('',#6421,1.);
#6421 = DIRECTION('',(0.,-1.,0.));
#6422 = ORIENTED_EDGE('',*,*,#6423,.T.);
#6423 = EDGE_CURVE('',#6416,#6424,#6426,.T.);
#6424 = VERTEX_POINT('',#6425);
#6425 = CARTESIAN_POINT('',(-1.016,-3.81,2.54));
#6426 = LINE('',#6427,#6428);
#6427 = CARTESIAN_POINT('',(-1.27,-3.556,2.54));
#6428 = VECTOR('',#6429,1.);
#6429 = DIRECTION('',(0.707106781187,-0.707106781187,0.));
#6430 = ORIENTED_EDGE('',*,*,#6431,.T.);
#6431 = EDGE_CURVE('',#6424,#6432,#6434,.T.);
#6432 = VERTEX_POINT('',#6433);
#6433 = CARTESIAN_POINT('',(1.016,-3.81,2.54));
#6434 = LINE('',#6435,#6436);
#6435 = CARTESIAN_POINT('',(-1.016,-3.81,2.54));
#6436 = VECTOR('',#6437,1.);
#6437 = DIRECTION('',(1.,0.,0.));
#6438 = ORIENTED_EDGE('',*,*,#6439,.T.);
#6439 = EDGE_CURVE('',#6432,#6440,#6442,.T.);
#6440 = VERTEX_POINT('',#6441);
#6441 = CARTESIAN_POINT('',(1.27,-3.556,2.54));
#6442 = LINE('',#6443,#6444);
#6443 = CARTESIAN_POINT('',(1.016,-3.81,2.54));
#6444 = VECTOR('',#6445,1.);
#6445 = DIRECTION('',(0.707106781187,0.707106781187,0.));
#6446 = ORIENTED_EDGE('',*,*,#6447,.T.);
#6447 = EDGE_CURVE('',#6440,#6448,#6450,.T.);
#6448 = VERTEX_POINT('',#6449);
#6449 = CARTESIAN_POINT('',(1.27,-1.524,2.54));
#6450 = LINE('',#6451,#6452);
#6451 = CARTESIAN_POINT('',(1.27,-3.556,2.54));
#6452 = VECTOR('',#6453,1.);
#6453 = DIRECTION('',(0.,1.,0.));
#6454 = ORIENTED_EDGE('',*,*,#6455,.T.);
#6455 = EDGE_CURVE('',#6448,#6456,#6458,.T.);
#6456 = VERTEX_POINT('',#6457);
#6457 = CARTESIAN_POINT('',(1.016,-1.27,2.54));
#6458 = LINE('',#6459,#6460);
#6459 = CARTESIAN_POINT('',(1.27,-1.524,2.54));
#6460 = VECTOR('',#6461,1.);
#6461 = DIRECTION('',(-0.707106781187,0.707106781187,0.));
#6462 = ORIENTED_EDGE('',*,*,#6463,.T.);
#6463 = EDGE_CURVE('',#6456,#6464,#6466,.T.);
#6464 = VERTEX_POINT('',#6465);
#6465 = CARTESIAN_POINT('',(1.27,-1.016,2.54));
#6466 = LINE('',#6467,#6468);
#6467 = CARTESIAN_POINT('',(1.016,-1.27,2.54));
#6468 = VECTOR('',#6469,1.);
#6469 = DIRECTION('',(0.707106781187,0.707106781187,0.));
#6470 = ORIENTED_EDGE('',*,*,#6471,.T.);
#6471 = EDGE_CURVE('',#6464,#6472,#6474,.T.);
#6472 = VERTEX_POINT('',#6473);
#6473 = CARTESIAN_POINT('',(1.27,1.016,2.54));
#6474 = LINE('',#6475,#6476);
#6475 = CARTESIAN_POINT('',(1.27,-1.016,2.54));
#6476 = VECTOR('',#6477,1.);
#6477 = DIRECTION('',(0.,1.,0.));
#6478 = ORIENTED_EDGE('',*,*,#6479,.T.);
#6479 = EDGE_CURVE('',#6472,#6173,#6480,.T.);
#6480 = LINE('',#6481,#6482);
#6481 = CARTESIAN_POINT('',(1.27,1.016,2.54));
#6482 = VECTOR('',#6483,1.);
#6483 = DIRECTION('',(-0.707106781187,0.707106781187,0.));
#6484 = ORIENTED_EDGE('',*,*,#6180,.T.);
#6485 = FACE_BOUND('',#6486,.T.);
#6486 = EDGE_LOOP('',(#6487,#6497,#6505,#6513));
#6487 = ORIENTED_EDGE('',*,*,#6488,.T.);
#6488 = EDGE_CURVE('',#6489,#6491,#6493,.T.);
#6489 = VERTEX_POINT('',#6490);
#6490 = CARTESIAN_POINT('',(0.32,-0.32,2.54));
#6491 = VERTEX_POINT('',#6492);
#6492 = CARTESIAN_POINT('',(-0.32,-0.32,2.54));
#6493 = LINE('',#6494,#6495);
#6494 = CARTESIAN_POINT('',(-0.16,-0.32,2.54));
#6495 = VECTOR('',#6496,1.);
#6496 = DIRECTION('',(-1.,0.,0.));
#6497 = ORIENTED_EDGE('',*,*,#6498,.T.);
#6498 = EDGE_CURVE('',#6491,#6499,#6501,.T.);
#6499 = VERTEX_POINT('',#6500);
#6500 = CARTESIAN_POINT('',(-0.32,0.32,2.54));
#6501 = LINE('',#6502,#6503);
#6502 = CARTESIAN_POINT('',(-0.32,-0.795,2.54));
#6503 = VECTOR('',#6504,1.);
#6504 = DIRECTION('',(0.,1.,0.));
#6505 = ORIENTED_EDGE('',*,*,#6506,.F.);
#6506 = EDGE_CURVE('',#6507,#6499,#6509,.T.);
#6507 = VERTEX_POINT('',#6508);
#6508 = CARTESIAN_POINT('',(0.32,0.32,2.54));
#6509 = LINE('',#6510,#6511);
#6510 = CARTESIAN_POINT('',(-0.16,0.32,2.54));
#6511 = VECTOR('',#6512,1.);
#6512 = DIRECTION('',(-1.,0.,0.));
#6513 = ORIENTED_EDGE('',*,*,#6514,.F.);
#6514 = EDGE_CURVE('',#6489,#6507,#6515,.T.);
#6515 = LINE('',#6516,#6517);
#6516 = CARTESIAN_POINT('',(0.32,-0.795,2.54));
#6517 = VECTOR('',#6518,1.);
#6518 = DIRECTION('',(0.,1.,0.));
#6519 = FACE_BOUND('',#6520,.T.);
#6520 = EDGE_LOOP('',(#6521,#6531,#6539,#6547));
#6521 = ORIENTED_EDGE('',*,*,#6522,.T.);
#6522 = EDGE_CURVE('',#6523,#6525,#6527,.T.);
#6523 = VERTEX_POINT('',#6524);
#6524 = CARTESIAN_POINT('',(0.32,-2.86,2.54));
#6525 = VERTEX_POINT('',#6526);
#6526 = CARTESIAN_POINT('',(-0.32,-2.86,2.54));
#6527 = LINE('',#6528,#6529);
#6528 = CARTESIAN_POINT('',(-0.16,-2.86,2.54));
#6529 = VECTOR('',#6530,1.);
#6530 = DIRECTION('',(-1.,0.,0.));
#6531 = ORIENTED_EDGE('',*,*,#6532,.T.);
#6532 = EDGE_CURVE('',#6525,#6533,#6535,.T.);
#6533 = VERTEX_POINT('',#6534);
#6534 = CARTESIAN_POINT('',(-0.32,-2.22,2.54));
#6535 = LINE('',#6536,#6537);
#6536 = CARTESIAN_POINT('',(-0.32,-2.065,2.54));
#6537 = VECTOR('',#6538,1.);
#6538 = DIRECTION('',(0.,1.,0.));
#6539 = ORIENTED_EDGE('',*,*,#6540,.F.);
#6540 = EDGE_CURVE('',#6541,#6533,#6543,.T.);
#6541 = VERTEX_POINT('',#6542);
#6542 = CARTESIAN_POINT('',(0.32,-2.22,2.54));
#6543 = LINE('',#6544,#6545);
#6544 = CARTESIAN_POINT('',(-0.16,-2.22,2.54));
#6545 = VECTOR('',#6546,1.);
#6546 = DIRECTION('',(-1.,0.,0.));
#6547 = ORIENTED_EDGE('',*,*,#6548,.F.);
#6548 = EDGE_CURVE('',#6523,#6541,#6549,.T.);
#6549 = LINE('',#6550,#6551);
#6550 = CARTESIAN_POINT('',(0.32,-2.065,2.54));
#6551 = VECTOR('',#6552,1.);
#6552 = DIRECTION('',(0.,1.,0.));
#6553 = PLANE('',#6554);
#6554 = AXIS2_PLACEMENT_3D('',#6555,#6556,#6557);
#6555 = CARTESIAN_POINT('',(1.473843703412E-17,-1.27,2.54));
#6556 = DIRECTION('',(0.,0.,1.));
#6557 = DIRECTION('',(1.,0.,-0.));
#6558 = ADVANCED_FACE('',(#6559),#6570,.F.);
#6559 = FACE_BOUND('',#6560,.F.);
#6560 = EDGE_LOOP('',(#6561,#6567,#6568,#6569));
#6561 = ORIENTED_EDGE('',*,*,#6562,.T.);
#6562 = EDGE_CURVE('',#6307,#6472,#6563,.T.);
#6563 = LINE('',#6564,#6565);
#6564 = CARTESIAN_POINT('',(1.27,1.016,0.));
#6565 = VECTOR('',#6566,1.);
#6566 = DIRECTION('',(0.,0.,1.));
#6567 = ORIENTED_EDGE('',*,*,#6479,.T.);
#6568 = ORIENTED_EDGE('',*,*,#6170,.F.);
#6569 = ORIENTED_EDGE('',*,*,#6314,.F.);
#6570 = PLANE('',#6571);
#6571 = AXIS2_PLACEMENT_3D('',#6572,#6573,#6574);
#6572 = CARTESIAN_POINT('',(1.27,1.016,0.));
#6573 = DIRECTION('',(-0.707106781187,-0.707106781187,0.));
#6574 = DIRECTION('',(-0.707106781187,0.707106781187,0.));
#6575 = ADVANCED_FACE('',(#6576),#6587,.F.);
#6576 = FACE_BOUND('',#6577,.F.);
#6577 = EDGE_LOOP('',(#6578,#6579,#6580,#6586));
#6578 = ORIENTED_EDGE('',*,*,#6210,.T.);
#6579 = ORIENTED_EDGE('',*,*,#6399,.T.);
#6580 = ORIENTED_EDGE('',*,*,#6581,.F.);
#6581 = EDGE_CURVE('',#6235,#6400,#6582,.T.);
#6582 = LINE('',#6583,#6584);
#6583 = CARTESIAN_POINT('',(-1.016,-1.27,0.));
#6584 = VECTOR('',#6585,1.);
#6585 = DIRECTION('',(0.,0.,1.));
#6586 = ORIENTED_EDGE('',*,*,#6234,.F.);
#6587 = PLANE('',#6588);
#6588 = AXIS2_PLACEMENT_3D('',#6589,#6590,#6591);
#6589 = CARTESIAN_POINT('',(-1.27,-1.016,0.));
#6590 = DIRECTION('',(0.707106781187,0.707106781187,0.));
#6591 = DIRECTION('',(0.707106781187,-0.707106781187,0.));
#6592 = ADVANCED_FACE('',(#6593),#6604,.F.);
#6593 = FACE_BOUND('',#6594,.F.);
#6594 = EDGE_LOOP('',(#6595,#6601,#6602,#6603));
#6595 = ORIENTED_EDGE('',*,*,#6596,.T.);
#6596 = EDGE_CURVE('',#6299,#6464,#6597,.T.);
#6597 = LINE('',#6598,#6599);
#6598 = CARTESIAN_POINT('',(1.27,-1.016,0.));
#6599 = VECTOR('',#6600,1.);
#6600 = DIRECTION('',(0.,0.,1.));
#6601 = ORIENTED_EDGE('',*,*,#6471,.T.);
#6602 = ORIENTED_EDGE('',*,*,#6562,.F.);
#6603 = ORIENTED_EDGE('',*,*,#6306,.F.);
#6604 = PLANE('',#6605);
#6605 = AXIS2_PLACEMENT_3D('',#6606,#6607,#6608);
#6606 = CARTESIAN_POINT('',(1.27,-1.016,0.));
#6607 = DIRECTION('',(-1.,0.,0.));
#6608 = DIRECTION('',(0.,1.,0.));
#6609 = ADVANCED_FACE('',(#6610),#6621,.F.);
#6610 = FACE_BOUND('',#6611,.F.);
#6611 = EDGE_LOOP('',(#6612,#6613,#6614,#6620));
#6612 = ORIENTED_EDGE('',*,*,#6581,.T.);
#6613 = ORIENTED_EDGE('',*,*,#6407,.T.);
#6614 = ORIENTED_EDGE('',*,*,#6615,.F.);
#6615 = EDGE_CURVE('',#6243,#6408,#6616,.T.);
#6616 = LINE('',#6617,#6618);
#6617 = CARTESIAN_POINT('',(-1.27,-1.524,0.));
#6618 = VECTOR('',#6619,1.);
#6619 = DIRECTION('',(0.,0.,1.));
#6620 = ORIENTED_EDGE('',*,*,#6242,.F.);
#6621 = PLANE('',#6622);
#6622 = AXIS2_PLACEMENT_3D('',#6623,#6624,#6625);
#6623 = CARTESIAN_POINT('',(-1.016,-1.27,0.));
#6624 = DIRECTION('',(0.707106781187,-0.707106781187,0.));
#6625 = DIRECTION('',(-0.707106781187,-0.707106781187,0.));
#6626 = ADVANCED_FACE('',(#6627),#6638,.F.);
#6627 = FACE_BOUND('',#6628,.F.);
#6628 = EDGE_LOOP('',(#6629,#6635,#6636,#6637));
#6629 = ORIENTED_EDGE('',*,*,#6630,.T.);
#6630 = EDGE_CURVE('',#6291,#6456,#6631,.T.);
#6631 = LINE('',#6632,#6633);
#6632 = CARTESIAN_POINT('',(1.016,-1.27,0.));
#6633 = VECTOR('',#6634,1.);
#6634 = DIRECTION('',(0.,0.,1.));
#6635 = ORIENTED_EDGE('',*,*,#6463,.T.);
#6636 = ORIENTED_EDGE('',*,*,#6596,.F.);
#6637 = ORIENTED_EDGE('',*,*,#6298,.F.);
#6638 = PLANE('',#6639);
#6639 = AXIS2_PLACEMENT_3D('',#6640,#6641,#6642);
#6640 = CARTESIAN_POINT('',(1.016,-1.27,0.));
#6641 = DIRECTION('',(-0.707106781187,0.707106781187,0.));
#6642 = DIRECTION('',(0.707106781187,0.707106781187,0.));
#6643 = ADVANCED_FACE('',(#6644),#6655,.F.);
#6644 = FACE_BOUND('',#6645,.F.);
#6645 = EDGE_LOOP('',(#6646,#6647,#6648,#6654));
#6646 = ORIENTED_EDGE('',*,*,#6615,.T.);
#6647 = ORIENTED_EDGE('',*,*,#6415,.T.);
#6648 = ORIENTED_EDGE('',*,*,#6649,.F.);
#6649 = EDGE_CURVE('',#6251,#6416,#6650,.T.);
#6650 = LINE('',#6651,#6652);
#6651 = CARTESIAN_POINT('',(-1.27,-3.556,0.));
#6652 = VECTOR('',#6653,1.);
#6653 = DIRECTION('',(0.,0.,1.));
#6654 = ORIENTED_EDGE('',*,*,#6250,.F.);
#6655 = PLANE('',#6656);
#6656 = AXIS2_PLACEMENT_3D('',#6657,#6658,#6659);
#6657 = CARTESIAN_POINT('',(-1.27,-1.524,0.));
#6658 = DIRECTION('',(1.,0.,0.));
#6659 = DIRECTION('',(0.,-1.,0.));
#6660 = ADVANCED_FACE('',(#6661),#6672,.F.);
#6661 = FACE_BOUND('',#6662,.F.);
#6662 = EDGE_LOOP('',(#6663,#6669,#6670,#6671));
#6663 = ORIENTED_EDGE('',*,*,#6664,.T.);
#6664 = EDGE_CURVE('',#6283,#6448,#6665,.T.);
#6665 = LINE('',#6666,#6667);
#6666 = CARTESIAN_POINT('',(1.27,-1.524,0.));
#6667 = VECTOR('',#6668,1.);
#6668 = DIRECTION('',(0.,0.,1.));
#6669 = ORIENTED_EDGE('',*,*,#6455,.T.);
#6670 = ORIENTED_EDGE('',*,*,#6630,.F.);
#6671 = ORIENTED_EDGE('',*,*,#6290,.F.);
#6672 = PLANE('',#6673);
#6673 = AXIS2_PLACEMENT_3D('',#6674,#6675,#6676);
#6674 = CARTESIAN_POINT('',(1.27,-1.524,0.));
#6675 = DIRECTION('',(-0.707106781187,-0.707106781187,0.));
#6676 = DIRECTION('',(-0.707106781187,0.707106781187,0.));
#6677 = ADVANCED_FACE('',(#6678),#6689,.F.);
#6678 = FACE_BOUND('',#6679,.F.);
#6679 = EDGE_LOOP('',(#6680,#6681,#6682,#6688));
#6680 = ORIENTED_EDGE('',*,*,#6649,.T.);
#6681 = ORIENTED_EDGE('',*,*,#6423,.T.);
#6682 = ORIENTED_EDGE('',*,*,#6683,.F.);
#6683 = EDGE_CURVE('',#6259,#6424,#6684,.T.);
#6684 = LINE('',#6685,#6686);
#6685 = CARTESIAN_POINT('',(-1.016,-3.81,0.));
#6686 = VECTOR('',#6687,1.);
#6687 = DIRECTION('',(0.,0.,1.));
#6688 = ORIENTED_EDGE('',*,*,#6258,.F.);
#6689 = PLANE('',#6690);
#6690 = AXIS2_PLACEMENT_3D('',#6691,#6692,#6693);
#6691 = CARTESIAN_POINT('',(-1.27,-3.556,0.));
#6692 = DIRECTION('',(0.707106781187,0.707106781187,0.));
#6693 = DIRECTION('',(0.707106781187,-0.707106781187,0.));
#6694 = ADVANCED_FACE('',(#6695),#6706,.F.);
#6695 = FACE_BOUND('',#6696,.F.);
#6696 = EDGE_LOOP('',(#6697,#6703,#6704,#6705));
#6697 = ORIENTED_EDGE('',*,*,#6698,.T.);
#6698 = EDGE_CURVE('',#6275,#6440,#6699,.T.);
#6699 = LINE('',#6700,#6701);
#6700 = CARTESIAN_POINT('',(1.27,-3.556,0.));
#6701 = VECTOR('',#6702,1.);
#6702 = DIRECTION('',(0.,0.,1.));
#6703 = ORIENTED_EDGE('',*,*,#6447,.T.);
#6704 = ORIENTED_EDGE('',*,*,#6664,.F.);
#6705 = ORIENTED_EDGE('',*,*,#6282,.F.);
#6706 = PLANE('',#6707);
#6707 = AXIS2_PLACEMENT_3D('',#6708,#6709,#6710);
#6708 = CARTESIAN_POINT('',(1.27,-3.556,0.));
#6709 = DIRECTION('',(-1.,0.,0.));
#6710 = DIRECTION('',(0.,1.,0.));
#6711 = ADVANCED_FACE('',(#6712),#6723,.F.);
#6712 = FACE_BOUND('',#6713,.F.);
#6713 = EDGE_LOOP('',(#6714,#6715,#6716,#6722));
#6714 = ORIENTED_EDGE('',*,*,#6683,.T.);
#6715 = ORIENTED_EDGE('',*,*,#6431,.T.);
#6716 = ORIENTED_EDGE('',*,*,#6717,.F.);
#6717 = EDGE_CURVE('',#6267,#6432,#6718,.T.);
#6718 = LINE('',#6719,#6720);
#6719 = CARTESIAN_POINT('',(1.016,-3.81,0.));
#6720 = VECTOR('',#6721,1.);
#6721 = DIRECTION('',(0.,0.,1.));
#6722 = ORIENTED_EDGE('',*,*,#6266,.F.);
#6723 = PLANE('',#6724);
#6724 = AXIS2_PLACEMENT_3D('',#6725,#6726,#6727);
#6725 = CARTESIAN_POINT('',(-1.016,-3.81,0.));
#6726 = DIRECTION('',(0.,1.,0.));
#6727 = DIRECTION('',(1.,0.,0.));
#6728 = ADVANCED_FACE('',(#6729),#6735,.F.);
#6729 = FACE_BOUND('',#6730,.F.);
#6730 = EDGE_LOOP('',(#6731,#6732,#6733,#6734));
#6731 = ORIENTED_EDGE('',*,*,#6717,.T.);
#6732 = ORIENTED_EDGE('',*,*,#6439,.T.);
#6733 = ORIENTED_EDGE('',*,*,#6698,.F.);
#6734 = ORIENTED_EDGE('',*,*,#6274,.F.);
#6735 = PLANE('',#6736);
#6736 = AXIS2_PLACEMENT_3D('',#6737,#6738,#6739);
#6737 = CARTESIAN_POINT('',(1.016,-3.81,0.));
#6738 = DIRECTION('',(-0.707106781187,0.707106781187,0.));
#6739 = DIRECTION('',(0.707106781187,0.707106781187,0.));
#6740 = ADVANCED_FACE('',(#6741),#6766,.F.);
#6741 = FACE_BOUND('',#6742,.F.);
#6742 = EDGE_LOOP('',(#6743,#6751,#6759,#6765));
#6743 = ORIENTED_EDGE('',*,*,#6744,.F.);
#6744 = EDGE_CURVE('',#6745,#6324,#6747,.T.);
#6745 = VERTEX_POINT('',#6746);
#6746 = CARTESIAN_POINT('',(0.32,-0.32,-2.84));
#6747 = LINE('',#6748,#6749);
#6748 = CARTESIAN_POINT('',(0.32,-0.32,-3.));
#6749 = VECTOR('',#6750,1.);
#6750 = DIRECTION('',(0.,0.,1.));
#6751 = ORIENTED_EDGE('',*,*,#6752,.F.);
#6752 = EDGE_CURVE('',#6753,#6745,#6755,.T.);
#6753 = VERTEX_POINT('',#6754);
#6754 = CARTESIAN_POINT('',(-0.32,-0.32,-2.84));
#6755 = LINE('',#6756,#6757);
#6756 = CARTESIAN_POINT('',(-0.32,-0.32,-2.84));
#6757 = VECTOR('',#6758,1.);
#6758 = DIRECTION('',(1.,0.,0.));
#6759 = ORIENTED_EDGE('',*,*,#6760,.T.);
#6760 = EDGE_CURVE('',#6753,#6326,#6761,.T.);
#6761 = LINE('',#6762,#6763);
#6762 = CARTESIAN_POINT('',(-0.32,-0.32,-3.));
#6763 = VECTOR('',#6764,1.);
#6764 = DIRECTION('',(0.,0.,1.));
#6765 = ORIENTED_EDGE('',*,*,#6323,.F.);
#6766 = PLANE('',#6767);
#6767 = AXIS2_PLACEMENT_3D('',#6768,#6769,#6770);
#6768 = CARTESIAN_POINT('',(-0.32,-0.32,-3.));
#6769 = DIRECTION('',(0.,1.,0.));
#6770 = DIRECTION('',(0.,-0.,1.));
#6771 = ADVANCED_FACE('',(#6772),#6790,.T.);
#6772 = FACE_BOUND('',#6773,.T.);
#6773 = EDGE_LOOP('',(#6774,#6775,#6783,#6789));
#6774 = ORIENTED_EDGE('',*,*,#6744,.F.);
#6775 = ORIENTED_EDGE('',*,*,#6776,.T.);
#6776 = EDGE_CURVE('',#6745,#6777,#6779,.T.);
#6777 = VERTEX_POINT('',#6778);
#6778 = CARTESIAN_POINT('',(0.32,0.32,-2.84));
#6779 = LINE('',#6780,#6781);
#6780 = CARTESIAN_POINT('',(0.32,-0.32,-2.84));
#6781 = VECTOR('',#6782,1.);
#6782 = DIRECTION('',(0.,1.,0.));
#6783 = ORIENTED_EDGE('',*,*,#6784,.T.);
#6784 = EDGE_CURVE('',#6777,#6342,#6785,.T.);
#6785 = LINE('',#6786,#6787);
#6786 = CARTESIAN_POINT('',(0.32,0.32,-3.));
#6787 = VECTOR('',#6788,1.);
#6788 = DIRECTION('',(0.,0.,1.));
#6789 = ORIENTED_EDGE('',*,*,#6349,.F.);
#6790 = PLANE('',#6791);
#6791 = AXIS2_PLACEMENT_3D('',#6792,#6793,#6794);
#6792 = CARTESIAN_POINT('',(0.32,-0.32,-3.));
#6793 = DIRECTION('',(1.,0.,0.));
#6794 = DIRECTION('',(0.,0.,1.));
#6795 = ADVANCED_FACE('',(#6796),#6814,.T.);
#6796 = FACE_BOUND('',#6797,.T.);
#6797 = EDGE_LOOP('',(#6798,#6799,#6807,#6813));
#6798 = ORIENTED_EDGE('',*,*,#6784,.F.);
#6799 = ORIENTED_EDGE('',*,*,#6800,.F.);
#6800 = EDGE_CURVE('',#6801,#6777,#6803,.T.);
#6801 = VERTEX_POINT('',#6802);
#6802 = CARTESIAN_POINT('',(-0.32,0.32,-2.84));
#6803 = LINE('',#6804,#6805);
#6804 = CARTESIAN_POINT('',(-0.32,0.32,-2.84));
#6805 = VECTOR('',#6806,1.);
#6806 = DIRECTION('',(1.,0.,0.));
#6807 = ORIENTED_EDGE('',*,*,#6808,.T.);
#6808 = EDGE_CURVE('',#6801,#6334,#6809,.T.);
#6809 = LINE('',#6810,#6811);
#6810 = CARTESIAN_POINT('',(-0.32,0.32,-3.));
#6811 = VECTOR('',#6812,1.);
#6812 = DIRECTION('',(0.,0.,1.));
#6813 = ORIENTED_EDGE('',*,*,#6341,.F.);
#6814 = PLANE('',#6815);
#6815 = AXIS2_PLACEMENT_3D('',#6816,#6817,#6818);
#6816 = CARTESIAN_POINT('',(-0.32,0.32,-3.));
#6817 = DIRECTION('',(0.,1.,0.));
#6818 = DIRECTION('',(0.,-0.,1.));
#6819 = ADVANCED_FACE('',(#6820),#6831,.F.);
#6820 = FACE_BOUND('',#6821,.F.);
#6821 = EDGE_LOOP('',(#6822,#6823,#6829,#6830));
#6822 = ORIENTED_EDGE('',*,*,#6760,.F.);
#6823 = ORIENTED_EDGE('',*,*,#6824,.T.);
#6824 = EDGE_CURVE('',#6753,#6801,#6825,.T.);
#6825 = LINE('',#6826,#6827);
#6826 = CARTESIAN_POINT('',(-0.32,-0.32,-2.84));
#6827 = VECTOR('',#6828,1.);
#6828 = DIRECTION('',(0.,1.,0.));
#6829 = ORIENTED_EDGE('',*,*,#6808,.T.);
#6830 = ORIENTED_EDGE('',*,*,#6333,.F.);
#6831 = PLANE('',#6832);
#6832 = AXIS2_PLACEMENT_3D('',#6833,#6834,#6835);
#6833 = CARTESIAN_POINT('',(-0.32,-0.32,-3.));
#6834 = DIRECTION('',(1.,0.,0.));
#6835 = DIRECTION('',(0.,0.,1.));
#6836 = ADVANCED_FACE('',(#6837),#6862,.F.);
#6837 = FACE_BOUND('',#6838,.F.);
#6838 = EDGE_LOOP('',(#6839,#6847,#6855,#6861));
#6839 = ORIENTED_EDGE('',*,*,#6840,.F.);
#6840 = EDGE_CURVE('',#6841,#6358,#6843,.T.);
#6841 = VERTEX_POINT('',#6842);
#6842 = CARTESIAN_POINT('',(0.32,-2.86,-2.84));
#6843 = LINE('',#6844,#6845);
#6844 = CARTESIAN_POINT('',(0.32,-2.86,-3.));
#6845 = VECTOR('',#6846,1.);
#6846 = DIRECTION('',(0.,0.,1.));
#6847 = ORIENTED_EDGE('',*,*,#6848,.F.);
#6848 = EDGE_CURVE('',#6849,#6841,#6851,.T.);
#6849 = VERTEX_POINT('',#6850);
#6850 = CARTESIAN_POINT('',(-0.32,-2.86,-2.84));
#6851 = LINE('',#6852,#6853);
#6852 = CARTESIAN_POINT('',(-0.32,-2.86,-2.84));
#6853 = VECTOR('',#6854,1.);
#6854 = DIRECTION('',(1.,0.,0.));
#6855 = ORIENTED_EDGE('',*,*,#6856,.T.);
#6856 = EDGE_CURVE('',#6849,#6360,#6857,.T.);
#6857 = LINE('',#6858,#6859);
#6858 = CARTESIAN_POINT('',(-0.32,-2.86,-3.));
#6859 = VECTOR('',#6860,1.);
#6860 = DIRECTION('',(0.,0.,1.));
#6861 = ORIENTED_EDGE('',*,*,#6357,.F.);
#6862 = PLANE('',#6863);
#6863 = AXIS2_PLACEMENT_3D('',#6864,#6865,#6866);
#6864 = CARTESIAN_POINT('',(-0.32,-2.86,-3.));
#6865 = DIRECTION('',(0.,1.,0.));
#6866 = DIRECTION('',(0.,-0.,1.));
#6867 = ADVANCED_FACE('',(#6868),#6886,.T.);
#6868 = FACE_BOUND('',#6869,.T.);
#6869 = EDGE_LOOP('',(#6870,#6871,#6879,#6885));
#6870 = ORIENTED_EDGE('',*,*,#6840,.F.);
#6871 = ORIENTED_EDGE('',*,*,#6872,.T.);
#6872 = EDGE_CURVE('',#6841,#6873,#6875,.T.);
#6873 = VERTEX_POINT('',#6874);
#6874 = CARTESIAN_POINT('',(0.32,-2.22,-2.84));
#6875 = LINE('',#6876,#6877);
#6876 = CARTESIAN_POINT('',(0.32,-2.86,-2.84));
#6877 = VECTOR('',#6878,1.);
#6878 = DIRECTION('',(0.,1.,0.));
#6879 = ORIENTED_EDGE('',*,*,#6880,.T.);
#6880 = EDGE_CURVE('',#6873,#6376,#6881,.T.);
#6881 = LINE('',#6882,#6883);
#6882 = CARTESIAN_POINT('',(0.32,-2.22,-3.));
#6883 = VECTOR('',#6884,1.);
#6884 = DIRECTION('',(0.,0.,1.));
#6885 = ORIENTED_EDGE('',*,*,#6383,.F.);
#6886 = PLANE('',#6887);
#6887 = AXIS2_PLACEMENT_3D('',#6888,#6889,#6890);
#6888 = CARTESIAN_POINT('',(0.32,-2.86,-3.));
#6889 = DIRECTION('',(1.,0.,0.));
#6890 = DIRECTION('',(0.,0.,1.));
#6891 = ADVANCED_FACE('',(#6892),#6910,.T.);
#6892 = FACE_BOUND('',#6893,.T.);
#6893 = EDGE_LOOP('',(#6894,#6895,#6903,#6909));
#6894 = ORIENTED_EDGE('',*,*,#6880,.F.);
#6895 = ORIENTED_EDGE('',*,*,#6896,.F.);
#6896 = EDGE_CURVE('',#6897,#6873,#6899,.T.);
#6897 = VERTEX_POINT('',#6898);
#6898 = CARTESIAN_POINT('',(-0.32,-2.22,-2.84));
#6899 = LINE('',#6900,#6901);
#6900 = CARTESIAN_POINT('',(-0.32,-2.22,-2.84));
#6901 = VECTOR('',#6902,1.);
#6902 = DIRECTION('',(1.,0.,0.));
#6903 = ORIENTED_EDGE('',*,*,#6904,.T.);
#6904 = EDGE_CURVE('',#6897,#6368,#6905,.T.);
#6905 = LINE('',#6906,#6907);
#6906 = CARTESIAN_POINT('',(-0.32,-2.22,-3.));
#6907 = VECTOR('',#6908,1.);
#6908 = DIRECTION('',(0.,0.,1.));
#6909 = ORIENTED_EDGE('',*,*,#6375,.F.);
#6910 = PLANE('',#6911);
#6911 = AXIS2_PLACEMENT_3D('',#6912,#6913,#6914);
#6912 = CARTESIAN_POINT('',(-0.32,-2.22,-3.));
#6913 = DIRECTION('',(0.,1.,0.));
#6914 = DIRECTION('',(0.,-0.,1.));
#6915 = ADVANCED_FACE('',(#6916),#6927,.F.);
#6916 = FACE_BOUND('',#6917,.F.);
#6917 = EDGE_LOOP('',(#6918,#6919,#6925,#6926));
#6918 = ORIENTED_EDGE('',*,*,#6856,.F.);
#6919 = ORIENTED_EDGE('',*,*,#6920,.T.);
#6920 = EDGE_CURVE('',#6849,#6897,#6921,.T.);
#6921 = LINE('',#6922,#6923);
#6922 = CARTESIAN_POINT('',(-0.32,-2.86,-2.84));
#6923 = VECTOR('',#6924,1.);
#6924 = DIRECTION('',(0.,1.,0.));
#6925 = ORIENTED_EDGE('',*,*,#6904,.T.);
#6926 = ORIENTED_EDGE('',*,*,#6367,.F.);
#6927 = PLANE('',#6928);
#6928 = AXIS2_PLACEMENT_3D('',#6929,#6930,#6931);
#6929 = CARTESIAN_POINT('',(-0.32,-2.86,-3.));
#6930 = DIRECTION('',(1.,0.,0.));
#6931 = DIRECTION('',(0.,0.,1.));
#6932 = ADVANCED_FACE('',(#6933),#6958,.F.);
#6933 = FACE_BOUND('',#6934,.F.);
#6934 = EDGE_LOOP('',(#6935,#6943,#6944,#6952));
#6935 = ORIENTED_EDGE('',*,*,#6936,.F.);
#6936 = EDGE_CURVE('',#6489,#6937,#6939,.T.);
#6937 = VERTEX_POINT('',#6938);
#6938 = CARTESIAN_POINT('',(0.32,-0.32,8.38));
#6939 = LINE('',#6940,#6941);
#6940 = CARTESIAN_POINT('',(0.32,-0.32,-3.));
#6941 = VECTOR('',#6942,1.);
#6942 = DIRECTION('',(0.,0.,1.));
#6943 = ORIENTED_EDGE('',*,*,#6488,.T.);
#6944 = ORIENTED_EDGE('',*,*,#6945,.T.);
#6945 = EDGE_CURVE('',#6491,#6946,#6948,.T.);
#6946 = VERTEX_POINT('',#6947);
#6947 = CARTESIAN_POINT('',(-0.32,-0.32,8.38));
#6948 = LINE('',#6949,#6950);
#6949 = CARTESIAN_POINT('',(-0.32,-0.32,-3.));
#6950 = VECTOR('',#6951,1.);
#6951 = DIRECTION('',(0.,0.,1.));
#6952 = ORIENTED_EDGE('',*,*,#6953,.T.);
#6953 = EDGE_CURVE('',#6946,#6937,#6954,.T.);
#6954 = LINE('',#6955,#6956);
#6955 = CARTESIAN_POINT('',(-0.32,-0.32,8.38));
#6956 = VECTOR('',#6957,1.);
#6957 = DIRECTION('',(1.,0.,0.));
#6958 = PLANE('',#6959);
#6959 = AXIS2_PLACEMENT_3D('',#6960,#6961,#6962);
#6960 = CARTESIAN_POINT('',(-0.32,-0.32,-3.));
#6961 = DIRECTION('',(0.,1.,0.));
#6962 = DIRECTION('',(0.,-0.,1.));
#6963 = ADVANCED_FACE('',(#6964),#6982,.T.);
#6964 = FACE_BOUND('',#6965,.T.);
#6965 = EDGE_LOOP('',(#6966,#6967,#6968,#6976));
#6966 = ORIENTED_EDGE('',*,*,#6936,.F.);
#6967 = ORIENTED_EDGE('',*,*,#6514,.T.);
#6968 = ORIENTED_EDGE('',*,*,#6969,.T.);
#6969 = EDGE_CURVE('',#6507,#6970,#6972,.T.);
#6970 = VERTEX_POINT('',#6971);
#6971 = CARTESIAN_POINT('',(0.32,0.32,8.38));
#6972 = LINE('',#6973,#6974);
#6973 = CARTESIAN_POINT('',(0.32,0.32,-3.));
#6974 = VECTOR('',#6975,1.);
#6975 = DIRECTION('',(0.,0.,1.));
#6976 = ORIENTED_EDGE('',*,*,#6977,.F.);
#6977 = EDGE_CURVE('',#6937,#6970,#6978,.T.);
#6978 = LINE('',#6979,#6980);
#6979 = CARTESIAN_POINT('',(0.32,-0.32,8.38));
#6980 = VECTOR('',#6981,1.);
#6981 = DIRECTION('',(0.,1.,0.));
#6982 = PLANE('',#6983);
#6983 = AXIS2_PLACEMENT_3D('',#6984,#6985,#6986);
#6984 = CARTESIAN_POINT('',(0.32,-0.32,-3.));
#6985 = DIRECTION('',(1.,0.,0.));
#6986 = DIRECTION('',(0.,0.,1.));
#6987 = ADVANCED_FACE('',(#6988),#7006,.T.);
#6988 = FACE_BOUND('',#6989,.T.);
#6989 = EDGE_LOOP('',(#6990,#6991,#6992,#7000));
#6990 = ORIENTED_EDGE('',*,*,#6969,.F.);
#6991 = ORIENTED_EDGE('',*,*,#6506,.T.);
#6992 = ORIENTED_EDGE('',*,*,#6993,.T.);
#6993 = EDGE_CURVE('',#6499,#6994,#6996,.T.);
#6994 = VERTEX_POINT('',#6995);
#6995 = CARTESIAN_POINT('',(-0.32,0.32,8.38));
#6996 = LINE('',#6997,#6998);
#6997 = CARTESIAN_POINT('',(-0.32,0.32,-3.));
#6998 = VECTOR('',#6999,1.);
#6999 = DIRECTION('',(0.,0.,1.));
#7000 = ORIENTED_EDGE('',*,*,#7001,.T.);
#7001 = EDGE_CURVE('',#6994,#6970,#7002,.T.);
#7002 = LINE('',#7003,#7004);
#7003 = CARTESIAN_POINT('',(-0.32,0.32,8.38));
#7004 = VECTOR('',#7005,1.);
#7005 = DIRECTION('',(1.,0.,0.));
#7006 = PLANE('',#7007);
#7007 = AXIS2_PLACEMENT_3D('',#7008,#7009,#7010);
#7008 = CARTESIAN_POINT('',(-0.32,0.32,-3.));
#7009 = DIRECTION('',(0.,1.,0.));
#7010 = DIRECTION('',(0.,-0.,1.));
#7011 = ADVANCED_FACE('',(#7012),#7023,.F.);
#7012 = FACE_BOUND('',#7013,.F.);
#7013 = EDGE_LOOP('',(#7014,#7015,#7016,#7017));
#7014 = ORIENTED_EDGE('',*,*,#6945,.F.);
#7015 = ORIENTED_EDGE('',*,*,#6498,.T.);
#7016 = ORIENTED_EDGE('',*,*,#6993,.T.);
#7017 = ORIENTED_EDGE('',*,*,#7018,.F.);
#7018 = EDGE_CURVE('',#6946,#6994,#7019,.T.);
#7019 = LINE('',#7020,#7021);
#7020 = CARTESIAN_POINT('',(-0.32,-0.32,8.38));
#7021 = VECTOR('',#7022,1.);
#7022 = DIRECTION('',(0.,1.,0.));
#7023 = PLANE('',#7024);
#7024 = AXIS2_PLACEMENT_3D('',#7025,#7026,#7027);
#7025 = CARTESIAN_POINT('',(-0.32,-0.32,-3.));
#7026 = DIRECTION('',(1.,0.,0.));
#7027 = DIRECTION('',(0.,0.,1.));
#7028 = ADVANCED_FACE('',(#7029),#7054,.F.);
#7029 = FACE_BOUND('',#7030,.F.);
#7030 = EDGE_LOOP('',(#7031,#7039,#7040,#7048));
#7031 = ORIENTED_EDGE('',*,*,#7032,.F.);
#7032 = EDGE_CURVE('',#6523,#7033,#7035,.T.);
#7033 = VERTEX_POINT('',#7034);
#7034 = CARTESIAN_POINT('',(0.32,-2.86,8.38));
#7035 = LINE('',#7036,#7037);
#7036 = CARTESIAN_POINT('',(0.32,-2.86,-3.));
#7037 = VECTOR('',#7038,1.);
#7038 = DIRECTION('',(0.,0.,1.));
#7039 = ORIENTED_EDGE('',*,*,#6522,.T.);
#7040 = ORIENTED_EDGE('',*,*,#7041,.T.);
#7041 = EDGE_CURVE('',#6525,#7042,#7044,.T.);
#7042 = VERTEX_POINT('',#7043);
#7043 = CARTESIAN_POINT('',(-0.32,-2.86,8.38));
#7044 = LINE('',#7045,#7046);
#7045 = CARTESIAN_POINT('',(-0.32,-2.86,-3.));
#7046 = VECTOR('',#7047,1.);
#7047 = DIRECTION('',(0.,0.,1.));
#7048 = ORIENTED_EDGE('',*,*,#7049,.T.);
#7049 = EDGE_CURVE('',#7042,#7033,#7050,.T.);
#7050 = LINE('',#7051,#7052);
#7051 = CARTESIAN_POINT('',(-0.32,-2.86,8.38));
#7052 = VECTOR('',#7053,1.);
#7053 = DIRECTION('',(1.,0.,0.));
#7054 = PLANE('',#7055);
#7055 = AXIS2_PLACEMENT_3D('',#7056,#7057,#7058);
#7056 = CARTESIAN_POINT('',(-0.32,-2.86,-3.));
#7057 = DIRECTION('',(0.,1.,0.));
#7058 = DIRECTION('',(0.,-0.,1.));
#7059 = ADVANCED_FACE('',(#7060),#7078,.T.);
#7060 = FACE_BOUND('',#7061,.T.);
#7061 = EDGE_LOOP('',(#7062,#7063,#7064,#7072));
#7062 = ORIENTED_EDGE('',*,*,#7032,.F.);
#7063 = ORIENTED_EDGE('',*,*,#6548,.T.);
#7064 = ORIENTED_EDGE('',*,*,#7065,.T.);
#7065 = EDGE_CURVE('',#6541,#7066,#7068,.T.);
#7066 = VERTEX_POINT('',#7067);
#7067 = CARTESIAN_POINT('',(0.32,-2.22,8.38));
#7068 = LINE('',#7069,#7070);
#7069 = CARTESIAN_POINT('',(0.32,-2.22,-3.));
#7070 = VECTOR('',#7071,1.);
#7071 = DIRECTION('',(0.,0.,1.));
#7072 = ORIENTED_EDGE('',*,*,#7073,.F.);
#7073 = EDGE_CURVE('',#7033,#7066,#7074,.T.);
#7074 = LINE('',#7075,#7076);
#7075 = CARTESIAN_POINT('',(0.32,-2.86,8.38));
#7076 = VECTOR('',#7077,1.);
#7077 = DIRECTION('',(0.,1.,0.));
#7078 = PLANE('',#7079);
#7079 = AXIS2_PLACEMENT_3D('',#7080,#7081,#7082);
#7080 = CARTESIAN_POINT('',(0.32,-2.86,-3.));
#7081 = DIRECTION('',(1.,0.,0.));
#7082 = DIRECTION('',(0.,0.,1.));
#7083 = ADVANCED_FACE('',(#7084),#7102,.T.);
#7084 = FACE_BOUND('',#7085,.T.);
#7085 = EDGE_LOOP('',(#7086,#7087,#7088,#7096));
#7086 = ORIENTED_EDGE('',*,*,#7065,.F.);
#7087 = ORIENTED_EDGE('',*,*,#6540,.T.);
#7088 = ORIENTED_EDGE('',*,*,#7089,.T.);
#7089 = EDGE_CURVE('',#6533,#7090,#7092,.T.);
#7090 = VERTEX_POINT('',#7091);
#7091 = CARTESIAN_POINT('',(-0.32,-2.22,8.38));
#7092 = LINE('',#7093,#7094);
#7093 = CARTESIAN_POINT('',(-0.32,-2.22,-3.));
#7094 = VECTOR('',#7095,1.);
#7095 = DIRECTION('',(0.,0.,1.));
#7096 = ORIENTED_EDGE('',*,*,#7097,.T.);
#7097 = EDGE_CURVE('',#7090,#7066,#7098,.T.);
#7098 = LINE('',#7099,#7100);
#7099 = CARTESIAN_POINT('',(-0.32,-2.22,8.38));
#7100 = VECTOR('',#7101,1.);
#7101 = DIRECTION('',(1.,0.,0.));
#7102 = PLANE('',#7103);
#7103 = AXIS2_PLACEMENT_3D('',#7104,#7105,#7106);
#7104 = CARTESIAN_POINT('',(-0.32,-2.22,-3.));
#7105 = DIRECTION('',(0.,1.,0.));
#7106 = DIRECTION('',(0.,-0.,1.));
#7107 = ADVANCED_FACE('',(#7108),#7119,.F.);
#7108 = FACE_BOUND('',#7109,.F.);
#7109 = EDGE_LOOP('',(#7110,#7111,#7112,#7113));
#7110 = ORIENTED_EDGE('',*,*,#7041,.F.);
#7111 = ORIENTED_EDGE('',*,*,#6532,.T.);
#7112 = ORIENTED_EDGE('',*,*,#7089,.T.);
#7113 = ORIENTED_EDGE('',*,*,#7114,.F.);
#7114 = EDGE_CURVE('',#7042,#7090,#7115,.T.);
#7115 = LINE('',#7116,#7117);
#7116 = CARTESIAN_POINT('',(-0.32,-2.86,8.38));
#7117 = VECTOR('',#7118,1.);
#7118 = DIRECTION('',(0.,1.,0.));
#7119 = PLANE('',#7120);
#7120 = AXIS2_PLACEMENT_3D('',#7121,#7122,#7123);
#7121 = CARTESIAN_POINT('',(-0.32,-2.86,-3.));
#7122 = DIRECTION('',(1.,0.,0.));
#7123 = DIRECTION('',(0.,0.,1.));
#7124 = ADVANCED_FACE('',(#7125),#7150,.T.);
#7125 = FACE_BOUND('',#7126,.F.);
#7126 = EDGE_LOOP('',(#7127,#7135,#7136,#7144));
#7127 = ORIENTED_EDGE('',*,*,#7128,.F.);
#7128 = EDGE_CURVE('',#6753,#7129,#7131,.T.);
#7129 = VERTEX_POINT('',#7130);
#7130 = CARTESIAN_POINT('',(-0.16,-0.16,-3.));
#7131 = LINE('',#7132,#7133);
#7132 = CARTESIAN_POINT('',(-0.266666666667,-0.266666666667,
    -2.893333333333));
#7133 = VECTOR('',#7134,1.);
#7134 = DIRECTION('',(0.57735026919,0.57735026919,-0.57735026919));
#7135 = ORIENTED_EDGE('',*,*,#6752,.T.);
#7136 = ORIENTED_EDGE('',*,*,#7137,.T.);
#7137 = EDGE_CURVE('',#6745,#7138,#7140,.T.);
#7138 = VERTEX_POINT('',#7139);
#7139 = CARTESIAN_POINT('',(0.16,-0.16,-3.));
#7140 = LINE('',#7141,#7142);
#7141 = CARTESIAN_POINT('',(0.16,-0.16,-3.));
#7142 = VECTOR('',#7143,1.);
#7143 = DIRECTION('',(-0.57735026919,0.57735026919,-0.57735026919));
#7144 = ORIENTED_EDGE('',*,*,#7145,.F.);
#7145 = EDGE_CURVE('',#7129,#7138,#7146,.T.);
#7146 = LINE('',#7147,#7148);
#7147 = CARTESIAN_POINT('',(-0.32,-0.16,-3.));
#7148 = VECTOR('',#7149,1.);
#7149 = DIRECTION('',(1.,0.,0.));
#7150 = PLANE('',#7151);
#7151 = AXIS2_PLACEMENT_3D('',#7152,#7153,#7154);
#7152 = CARTESIAN_POINT('',(-0.32,-0.24,-2.92));
#7153 = DIRECTION('',(1.735167508357E-18,-0.707106781187,-0.707106781187
    ));
#7154 = DIRECTION('',(-1.,-1.226948711654E-18,-1.226948711654E-18));
#7155 = ADVANCED_FACE('',(#7156),#7174,.F.);
#7156 = FACE_BOUND('',#7157,.F.);
#7157 = EDGE_LOOP('',(#7158,#7159,#7160,#7168));
#7158 = ORIENTED_EDGE('',*,*,#7137,.F.);
#7159 = ORIENTED_EDGE('',*,*,#6776,.T.);
#7160 = ORIENTED_EDGE('',*,*,#7161,.T.);
#7161 = EDGE_CURVE('',#6777,#7162,#7164,.T.);
#7162 = VERTEX_POINT('',#7163);
#7163 = CARTESIAN_POINT('',(0.16,0.16,-3.));
#7164 = LINE('',#7165,#7166);
#7165 = CARTESIAN_POINT('',(5.333333333333E-02,5.333333333333E-02,
    -3.106666666667));
#7166 = VECTOR('',#7167,1.);
#7167 = DIRECTION('',(-0.57735026919,-0.57735026919,-0.57735026919));
#7168 = ORIENTED_EDGE('',*,*,#7169,.F.);
#7169 = EDGE_CURVE('',#7138,#7162,#7170,.T.);
#7170 = LINE('',#7171,#7172);
#7171 = CARTESIAN_POINT('',(0.16,-0.32,-3.));
#7172 = VECTOR('',#7173,1.);
#7173 = DIRECTION('',(0.,1.,0.));
#7174 = PLANE('',#7175);
#7175 = AXIS2_PLACEMENT_3D('',#7176,#7177,#7178);
#7176 = CARTESIAN_POINT('',(0.24,-0.32,-2.92));
#7177 = DIRECTION('',(-0.707106781187,1.735167508357E-18,0.707106781187)
  );
#7178 = DIRECTION('',(1.226948711654E-18,1.,-1.226948711654E-18));
#7179 = ADVANCED_FACE('',(#7180),#7198,.F.);
#7180 = FACE_BOUND('',#7181,.T.);
#7181 = EDGE_LOOP('',(#7182,#7190,#7191,#7192));
#7182 = ORIENTED_EDGE('',*,*,#7183,.F.);
#7183 = EDGE_CURVE('',#6801,#7184,#7186,.T.);
#7184 = VERTEX_POINT('',#7185);
#7185 = CARTESIAN_POINT('',(-0.16,0.16,-3.));
#7186 = LINE('',#7187,#7188);
#7187 = CARTESIAN_POINT('',(-0.16,0.16,-3.));
#7188 = VECTOR('',#7189,1.);
#7189 = DIRECTION('',(0.57735026919,-0.57735026919,-0.57735026919));
#7190 = ORIENTED_EDGE('',*,*,#6800,.T.);
#7191 = ORIENTED_EDGE('',*,*,#7161,.T.);
#7192 = ORIENTED_EDGE('',*,*,#7193,.F.);
#7193 = EDGE_CURVE('',#7184,#7162,#7194,.T.);
#7194 = LINE('',#7195,#7196);
#7195 = CARTESIAN_POINT('',(-0.32,0.16,-3.));
#7196 = VECTOR('',#7197,1.);
#7197 = DIRECTION('',(1.,0.,0.));
#7198 = PLANE('',#7199);
#7199 = AXIS2_PLACEMENT_3D('',#7200,#7201,#7202);
#7200 = CARTESIAN_POINT('',(-0.32,0.24,-2.92));
#7201 = DIRECTION('',(-1.735167508357E-18,-0.707106781187,0.707106781187
    ));
#7202 = DIRECTION('',(-1.,1.226948711654E-18,-1.226948711654E-18));
#7203 = ADVANCED_FACE('',(#7204),#7215,.T.);
#7204 = FACE_BOUND('',#7205,.T.);
#7205 = EDGE_LOOP('',(#7206,#7207,#7208,#7209));
#7206 = ORIENTED_EDGE('',*,*,#7128,.F.);
#7207 = ORIENTED_EDGE('',*,*,#6824,.T.);
#7208 = ORIENTED_EDGE('',*,*,#7183,.T.);
#7209 = ORIENTED_EDGE('',*,*,#7210,.F.);
#7210 = EDGE_CURVE('',#7129,#7184,#7211,.T.);
#7211 = LINE('',#7212,#7213);
#7212 = CARTESIAN_POINT('',(-0.16,-0.32,-3.));
#7213 = VECTOR('',#7214,1.);
#7214 = DIRECTION('',(0.,1.,0.));
#7215 = PLANE('',#7216);
#7216 = AXIS2_PLACEMENT_3D('',#7217,#7218,#7219);
#7217 = CARTESIAN_POINT('',(-0.24,-0.32,-2.92));
#7218 = DIRECTION('',(-0.707106781187,-1.735167508357E-18,
    -0.707106781187));
#7219 = DIRECTION('',(-1.226948711654E-18,1.,-1.226948711654E-18));
#7220 = ADVANCED_FACE('',(#7221),#7246,.T.);
#7221 = FACE_BOUND('',#7222,.F.);
#7222 = EDGE_LOOP('',(#7223,#7231,#7232,#7240));
#7223 = ORIENTED_EDGE('',*,*,#7224,.F.);
#7224 = EDGE_CURVE('',#6849,#7225,#7227,.T.);
#7225 = VERTEX_POINT('',#7226);
#7226 = CARTESIAN_POINT('',(-0.16,-2.7,-3.));
#7227 = LINE('',#7228,#7229);
#7228 = CARTESIAN_POINT('',(-0.266666666667,-2.806666666667,
    -2.893333333333));
#7229 = VECTOR('',#7230,1.);
#7230 = DIRECTION('',(0.57735026919,0.57735026919,-0.57735026919));
#7231 = ORIENTED_EDGE('',*,*,#6848,.T.);
#7232 = ORIENTED_EDGE('',*,*,#7233,.T.);
#7233 = EDGE_CURVE('',#6841,#7234,#7236,.T.);
#7234 = VERTEX_POINT('',#7235);
#7235 = CARTESIAN_POINT('',(0.16,-2.7,-3.));
#7236 = LINE('',#7237,#7238);
#7237 = CARTESIAN_POINT('',(0.16,-2.7,-3.));
#7238 = VECTOR('',#7239,1.);
#7239 = DIRECTION('',(-0.57735026919,0.57735026919,-0.57735026919));
#7240 = ORIENTED_EDGE('',*,*,#7241,.F.);
#7241 = EDGE_CURVE('',#7225,#7234,#7242,.T.);
#7242 = LINE('',#7243,#7244);
#7243 = CARTESIAN_POINT('',(-0.32,-2.7,-3.));
#7244 = VECTOR('',#7245,1.);
#7245 = DIRECTION('',(1.,0.,0.));
#7246 = PLANE('',#7247);
#7247 = AXIS2_PLACEMENT_3D('',#7248,#7249,#7250);
#7248 = CARTESIAN_POINT('',(-0.32,-2.78,-2.92));
#7249 = DIRECTION('',(1.735167508357E-18,-0.707106781187,-0.707106781187
    ));
#7250 = DIRECTION('',(-1.,-1.226948711654E-18,-1.226948711654E-18));
#7251 = ADVANCED_FACE('',(#7252),#7270,.F.);
#7252 = FACE_BOUND('',#7253,.F.);
#7253 = EDGE_LOOP('',(#7254,#7255,#7256,#7264));
#7254 = ORIENTED_EDGE('',*,*,#7233,.F.);
#7255 = ORIENTED_EDGE('',*,*,#6872,.T.);
#7256 = ORIENTED_EDGE('',*,*,#7257,.T.);
#7257 = EDGE_CURVE('',#6873,#7258,#7260,.T.);
#7258 = VERTEX_POINT('',#7259);
#7259 = CARTESIAN_POINT('',(0.16,-2.38,-3.));
#7260 = LINE('',#7261,#7262);
#7261 = CARTESIAN_POINT('',(5.333333333333E-02,-2.486666666667,
    -3.106666666667));
#7262 = VECTOR('',#7263,1.);
#7263 = DIRECTION('',(-0.57735026919,-0.57735026919,-0.57735026919));
#7264 = ORIENTED_EDGE('',*,*,#7265,.F.);
#7265 = EDGE_CURVE('',#7234,#7258,#7266,.T.);
#7266 = LINE('',#7267,#7268);
#7267 = CARTESIAN_POINT('',(0.16,-2.86,-3.));
#7268 = VECTOR('',#7269,1.);
#7269 = DIRECTION('',(0.,1.,0.));
#7270 = PLANE('',#7271);
#7271 = AXIS2_PLACEMENT_3D('',#7272,#7273,#7274);
#7272 = CARTESIAN_POINT('',(0.24,-2.86,-2.92));
#7273 = DIRECTION('',(-0.707106781187,1.735167508357E-18,0.707106781187)
  );
#7274 = DIRECTION('',(1.226948711654E-18,1.,-1.226948711654E-18));
#7275 = ADVANCED_FACE('',(#7276),#7294,.F.);
#7276 = FACE_BOUND('',#7277,.T.);
#7277 = EDGE_LOOP('',(#7278,#7286,#7287,#7288));
#7278 = ORIENTED_EDGE('',*,*,#7279,.F.);
#7279 = EDGE_CURVE('',#6897,#7280,#7282,.T.);
#7280 = VERTEX_POINT('',#7281);
#7281 = CARTESIAN_POINT('',(-0.16,-2.38,-3.));
#7282 = LINE('',#7283,#7284);
#7283 = CARTESIAN_POINT('',(-0.16,-2.38,-3.));
#7284 = VECTOR('',#7285,1.);
#7285 = DIRECTION('',(0.57735026919,-0.57735026919,-0.57735026919));
#7286 = ORIENTED_EDGE('',*,*,#6896,.T.);
#7287 = ORIENTED_EDGE('',*,*,#7257,.T.);
#7288 = ORIENTED_EDGE('',*,*,#7289,.F.);
#7289 = EDGE_CURVE('',#7280,#7258,#7290,.T.);
#7290 = LINE('',#7291,#7292);
#7291 = CARTESIAN_POINT('',(-0.32,-2.38,-3.));
#7292 = VECTOR('',#7293,1.);
#7293 = DIRECTION('',(1.,0.,0.));
#7294 = PLANE('',#7295);
#7295 = AXIS2_PLACEMENT_3D('',#7296,#7297,#7298);
#7296 = CARTESIAN_POINT('',(-0.32,-2.3,-2.92));
#7297 = DIRECTION('',(-1.735167508357E-18,-0.707106781187,0.707106781187
    ));
#7298 = DIRECTION('',(-1.,1.226948711654E-18,-1.226948711654E-18));
#7299 = ADVANCED_FACE('',(#7300),#7311,.T.);
#7300 = FACE_BOUND('',#7301,.T.);
#7301 = EDGE_LOOP('',(#7302,#7303,#7304,#7305));
#7302 = ORIENTED_EDGE('',*,*,#7224,.F.);
#7303 = ORIENTED_EDGE('',*,*,#6920,.T.);
#7304 = ORIENTED_EDGE('',*,*,#7279,.T.);
#7305 = ORIENTED_EDGE('',*,*,#7306,.F.);
#7306 = EDGE_CURVE('',#7225,#7280,#7307,.T.);
#7307 = LINE('',#7308,#7309);
#7308 = CARTESIAN_POINT('',(-0.16,-2.86,-3.));
#7309 = VECTOR('',#7310,1.);
#7310 = DIRECTION('',(0.,1.,0.));
#7311 = PLANE('',#7312);
#7312 = AXIS2_PLACEMENT_3D('',#7313,#7314,#7315);
#7313 = CARTESIAN_POINT('',(-0.24,-2.86,-2.92));
#7314 = DIRECTION('',(-0.707106781187,-1.735167508357E-18,
    -0.707106781187));
#7315 = DIRECTION('',(-1.226948711654E-18,1.,-1.226948711654E-18));
#7316 = ADVANCED_FACE('',(#7317),#7342,.F.);
#7317 = FACE_BOUND('',#7318,.T.);
#7318 = EDGE_LOOP('',(#7319,#7327,#7328,#7336));
#7319 = ORIENTED_EDGE('',*,*,#7320,.F.);
#7320 = EDGE_CURVE('',#6946,#7321,#7323,.T.);
#7321 = VERTEX_POINT('',#7322);
#7322 = CARTESIAN_POINT('',(-0.16,-0.16,8.54));
#7323 = LINE('',#7324,#7325);
#7324 = CARTESIAN_POINT('',(-0.266666666667,-0.266666666667,
    8.433333333333));
#7325 = VECTOR('',#7326,1.);
#7326 = DIRECTION('',(0.57735026919,0.57735026919,0.57735026919));
#7327 = ORIENTED_EDGE('',*,*,#6953,.T.);
#7328 = ORIENTED_EDGE('',*,*,#7329,.T.);
#7329 = EDGE_CURVE('',#6937,#7330,#7332,.T.);
#7330 = VERTEX_POINT('',#7331);
#7331 = CARTESIAN_POINT('',(0.16,-0.16,8.54));
#7332 = LINE('',#7333,#7334);
#7333 = CARTESIAN_POINT('',(0.16,-0.16,8.54));
#7334 = VECTOR('',#7335,1.);
#7335 = DIRECTION('',(-0.57735026919,0.57735026919,0.57735026919));
#7336 = ORIENTED_EDGE('',*,*,#7337,.F.);
#7337 = EDGE_CURVE('',#7321,#7330,#7338,.T.);
#7338 = LINE('',#7339,#7340);
#7339 = CARTESIAN_POINT('',(-0.32,-0.16,8.54));
#7340 = VECTOR('',#7341,1.);
#7341 = DIRECTION('',(1.,0.,0.));
#7342 = PLANE('',#7343);
#7343 = AXIS2_PLACEMENT_3D('',#7344,#7345,#7346);
#7344 = CARTESIAN_POINT('',(-0.32,-0.24,8.46));
#7345 = DIRECTION('',(-1.735167508357E-18,0.707106781187,-0.707106781187
    ));
#7346 = DIRECTION('',(-1.,-1.226948711654E-18,1.226948711654E-18));
#7347 = ADVANCED_FACE('',(#7348),#7366,.T.);
#7348 = FACE_BOUND('',#7349,.T.);
#7349 = EDGE_LOOP('',(#7350,#7351,#7352,#7360));
#7350 = ORIENTED_EDGE('',*,*,#7329,.F.);
#7351 = ORIENTED_EDGE('',*,*,#6977,.T.);
#7352 = ORIENTED_EDGE('',*,*,#7353,.T.);
#7353 = EDGE_CURVE('',#6970,#7354,#7356,.T.);
#7354 = VERTEX_POINT('',#7355);
#7355 = CARTESIAN_POINT('',(0.16,0.16,8.54));
#7356 = LINE('',#7357,#7358);
#7357 = CARTESIAN_POINT('',(5.333333333333E-02,5.333333333333E-02,
    8.646666666667));
#7358 = VECTOR('',#7359,1.);
#7359 = DIRECTION('',(-0.57735026919,-0.57735026919,0.57735026919));
#7360 = ORIENTED_EDGE('',*,*,#7361,.F.);
#7361 = EDGE_CURVE('',#7330,#7354,#7362,.T.);
#7362 = LINE('',#7363,#7364);
#7363 = CARTESIAN_POINT('',(0.16,-0.32,8.54));
#7364 = VECTOR('',#7365,1.);
#7365 = DIRECTION('',(0.,1.,0.));
#7366 = PLANE('',#7367);
#7367 = AXIS2_PLACEMENT_3D('',#7368,#7369,#7370);
#7368 = CARTESIAN_POINT('',(0.24,-0.32,8.46));
#7369 = DIRECTION('',(0.707106781187,-1.735167508357E-18,0.707106781187)
  );
#7370 = DIRECTION('',(1.226948711654E-18,1.,1.226948711654E-18));
#7371 = ADVANCED_FACE('',(#7372),#7390,.T.);
#7372 = FACE_BOUND('',#7373,.F.);
#7373 = EDGE_LOOP('',(#7374,#7382,#7383,#7384));
#7374 = ORIENTED_EDGE('',*,*,#7375,.F.);
#7375 = EDGE_CURVE('',#6994,#7376,#7378,.T.);
#7376 = VERTEX_POINT('',#7377);
#7377 = CARTESIAN_POINT('',(-0.16,0.16,8.54));
#7378 = LINE('',#7379,#7380);
#7379 = CARTESIAN_POINT('',(-0.16,0.16,8.54));
#7380 = VECTOR('',#7381,1.);
#7381 = DIRECTION('',(0.57735026919,-0.57735026919,0.57735026919));
#7382 = ORIENTED_EDGE('',*,*,#7001,.T.);
#7383 = ORIENTED_EDGE('',*,*,#7353,.T.);
#7384 = ORIENTED_EDGE('',*,*,#7385,.F.);
#7385 = EDGE_CURVE('',#7376,#7354,#7386,.T.);
#7386 = LINE('',#7387,#7388);
#7387 = CARTESIAN_POINT('',(-0.32,0.16,8.54));
#7388 = VECTOR('',#7389,1.);
#7389 = DIRECTION('',(1.,0.,0.));
#7390 = PLANE('',#7391);
#7391 = AXIS2_PLACEMENT_3D('',#7392,#7393,#7394);
#7392 = CARTESIAN_POINT('',(-0.32,0.24,8.46));
#7393 = DIRECTION('',(1.735167508357E-18,0.707106781187,0.707106781187)
  );
#7394 = DIRECTION('',(-1.,1.226948711654E-18,1.226948711654E-18));
#7395 = ADVANCED_FACE('',(#7396),#7407,.F.);
#7396 = FACE_BOUND('',#7397,.F.);
#7397 = EDGE_LOOP('',(#7398,#7399,#7400,#7401));
#7398 = ORIENTED_EDGE('',*,*,#7320,.F.);
#7399 = ORIENTED_EDGE('',*,*,#7018,.T.);
#7400 = ORIENTED_EDGE('',*,*,#7375,.T.);
#7401 = ORIENTED_EDGE('',*,*,#7402,.F.);
#7402 = EDGE_CURVE('',#7321,#7376,#7403,.T.);
#7403 = LINE('',#7404,#7405);
#7404 = CARTESIAN_POINT('',(-0.16,-0.32,8.54));
#7405 = VECTOR('',#7406,1.);
#7406 = DIRECTION('',(0.,1.,0.));
#7407 = PLANE('',#7408);
#7408 = AXIS2_PLACEMENT_3D('',#7409,#7410,#7411);
#7409 = CARTESIAN_POINT('',(-0.24,-0.32,8.46));
#7410 = DIRECTION('',(0.707106781187,1.735167508357E-18,-0.707106781187)
  );
#7411 = DIRECTION('',(-1.226948711654E-18,1.,1.226948711654E-18));
#7412 = ADVANCED_FACE('',(#7413),#7438,.F.);
#7413 = FACE_BOUND('',#7414,.T.);
#7414 = EDGE_LOOP('',(#7415,#7423,#7424,#7432));
#7415 = ORIENTED_EDGE('',*,*,#7416,.F.);
#7416 = EDGE_CURVE('',#7042,#7417,#7419,.T.);
#7417 = VERTEX_POINT('',#7418);
#7418 = CARTESIAN_POINT('',(-0.16,-2.7,8.54));
#7419 = LINE('',#7420,#7421);
#7420 = CARTESIAN_POINT('',(-0.266666666667,-2.806666666667,
    8.433333333333));
#7421 = VECTOR('',#7422,1.);
#7422 = DIRECTION('',(0.57735026919,0.57735026919,0.57735026919));
#7423 = ORIENTED_EDGE('',*,*,#7049,.T.);
#7424 = ORIENTED_EDGE('',*,*,#7425,.T.);
#7425 = EDGE_CURVE('',#7033,#7426,#7428,.T.);
#7426 = VERTEX_POINT('',#7427);
#7427 = CARTESIAN_POINT('',(0.16,-2.7,8.54));
#7428 = LINE('',#7429,#7430);
#7429 = CARTESIAN_POINT('',(0.16,-2.7,8.54));
#7430 = VECTOR('',#7431,1.);
#7431 = DIRECTION('',(-0.57735026919,0.57735026919,0.57735026919));
#7432 = ORIENTED_EDGE('',*,*,#7433,.F.);
#7433 = EDGE_CURVE('',#7417,#7426,#7434,.T.);
#7434 = LINE('',#7435,#7436);
#7435 = CARTESIAN_POINT('',(-0.32,-2.7,8.54));
#7436 = VECTOR('',#7437,1.);
#7437 = DIRECTION('',(1.,0.,0.));
#7438 = PLANE('',#7439);
#7439 = AXIS2_PLACEMENT_3D('',#7440,#7441,#7442);
#7440 = CARTESIAN_POINT('',(-0.32,-2.78,8.46));
#7441 = DIRECTION('',(-1.735167508357E-18,0.707106781187,-0.707106781187
    ));
#7442 = DIRECTION('',(-1.,-1.226948711654E-18,1.226948711654E-18));
#7443 = ADVANCED_FACE('',(#7444),#7462,.T.);
#7444 = FACE_BOUND('',#7445,.T.);
#7445 = EDGE_LOOP('',(#7446,#7447,#7448,#7456));
#7446 = ORIENTED_EDGE('',*,*,#7425,.F.);
#7447 = ORIENTED_EDGE('',*,*,#7073,.T.);
#7448 = ORIENTED_EDGE('',*,*,#7449,.T.);
#7449 = EDGE_CURVE('',#7066,#7450,#7452,.T.);
#7450 = VERTEX_POINT('',#7451);
#7451 = CARTESIAN_POINT('',(0.16,-2.38,8.54));
#7452 = LINE('',#7453,#7454);
#7453 = CARTESIAN_POINT('',(5.333333333333E-02,-2.486666666667,
    8.646666666667));
#7454 = VECTOR('',#7455,1.);
#7455 = DIRECTION('',(-0.57735026919,-0.57735026919,0.57735026919));
#7456 = ORIENTED_EDGE('',*,*,#7457,.F.);
#7457 = EDGE_CURVE('',#7426,#7450,#7458,.T.);
#7458 = LINE('',#7459,#7460);
#7459 = CARTESIAN_POINT('',(0.16,-2.86,8.54));
#7460 = VECTOR('',#7461,1.);
#7461 = DIRECTION('',(0.,1.,0.));
#7462 = PLANE('',#7463);
#7463 = AXIS2_PLACEMENT_3D('',#7464,#7465,#7466);
#7464 = CARTESIAN_POINT('',(0.24,-2.86,8.46));
#7465 = DIRECTION('',(0.707106781187,-1.735167508357E-18,0.707106781187)
  );
#7466 = DIRECTION('',(1.226948711654E-18,1.,1.226948711654E-18));
#7467 = ADVANCED_FACE('',(#7468),#7486,.T.);
#7468 = FACE_BOUND('',#7469,.F.);
#7469 = EDGE_LOOP('',(#7470,#7478,#7479,#7480));
#7470 = ORIENTED_EDGE('',*,*,#7471,.F.);
#7471 = EDGE_CURVE('',#7090,#7472,#7474,.T.);
#7472 = VERTEX_POINT('',#7473);
#7473 = CARTESIAN_POINT('',(-0.16,-2.38,8.54));
#7474 = LINE('',#7475,#7476);
#7475 = CARTESIAN_POINT('',(-0.16,-2.38,8.54));
#7476 = VECTOR('',#7477,1.);
#7477 = DIRECTION('',(0.57735026919,-0.57735026919,0.57735026919));
#7478 = ORIENTED_EDGE('',*,*,#7097,.T.);
#7479 = ORIENTED_EDGE('',*,*,#7449,.T.);
#7480 = ORIENTED_EDGE('',*,*,#7481,.F.);
#7481 = EDGE_CURVE('',#7472,#7450,#7482,.T.);
#7482 = LINE('',#7483,#7484);
#7483 = CARTESIAN_POINT('',(-0.32,-2.38,8.54));
#7484 = VECTOR('',#7485,1.);
#7485 = DIRECTION('',(1.,0.,0.));
#7486 = PLANE('',#7487);
#7487 = AXIS2_PLACEMENT_3D('',#7488,#7489,#7490);
#7488 = CARTESIAN_POINT('',(-0.32,-2.3,8.46));
#7489 = DIRECTION('',(1.735167508357E-18,0.707106781187,0.707106781187)
  );
#7490 = DIRECTION('',(-1.,1.226948711654E-18,1.226948711654E-18));
#7491 = ADVANCED_FACE('',(#7492),#7503,.F.);
#7492 = FACE_BOUND('',#7493,.F.);
#7493 = EDGE_LOOP('',(#7494,#7495,#7496,#7497));
#7494 = ORIENTED_EDGE('',*,*,#7416,.F.);
#7495 = ORIENTED_EDGE('',*,*,#7114,.T.);
#7496 = ORIENTED_EDGE('',*,*,#7471,.T.);
#7497 = ORIENTED_EDGE('',*,*,#7498,.F.);
#7498 = EDGE_CURVE('',#7417,#7472,#7499,.T.);
#7499 = LINE('',#7500,#7501);
#7500 = CARTESIAN_POINT('',(-0.16,-2.86,8.54));
#7501 = VECTOR('',#7502,1.);
#7502 = DIRECTION('',(0.,1.,0.));
#7503 = PLANE('',#7504);
#7504 = AXIS2_PLACEMENT_3D('',#7505,#7506,#7507);
#7505 = CARTESIAN_POINT('',(-0.24,-2.86,8.46));
#7506 = DIRECTION('',(0.707106781187,1.735167508357E-18,-0.707106781187)
  );
#7507 = DIRECTION('',(-1.226948711654E-18,1.,1.226948711654E-18));
#7508 = ADVANCED_FACE('',(#7509),#7515,.F.);
#7509 = FACE_BOUND('',#7510,.F.);
#7510 = EDGE_LOOP('',(#7511,#7512,#7513,#7514));
#7511 = ORIENTED_EDGE('',*,*,#7210,.F.);
#7512 = ORIENTED_EDGE('',*,*,#7145,.T.);
#7513 = ORIENTED_EDGE('',*,*,#7169,.T.);
#7514 = ORIENTED_EDGE('',*,*,#7193,.F.);
#7515 = PLANE('',#7516);
#7516 = AXIS2_PLACEMENT_3D('',#7517,#7518,#7519);
#7517 = CARTESIAN_POINT('',(-0.32,-0.32,-3.));
#7518 = DIRECTION('',(0.,0.,1.));
#7519 = DIRECTION('',(1.,0.,-0.));
#7520 = ADVANCED_FACE('',(#7521),#7527,.F.);
#7521 = FACE_BOUND('',#7522,.F.);
#7522 = EDGE_LOOP('',(#7523,#7524,#7525,#7526));
#7523 = ORIENTED_EDGE('',*,*,#7306,.F.);
#7524 = ORIENTED_EDGE('',*,*,#7241,.T.);
#7525 = ORIENTED_EDGE('',*,*,#7265,.T.);
#7526 = ORIENTED_EDGE('',*,*,#7289,.F.);
#7527 = PLANE('',#7528);
#7528 = AXIS2_PLACEMENT_3D('',#7529,#7530,#7531);
#7529 = CARTESIAN_POINT('',(-0.32,-2.86,-3.));
#7530 = DIRECTION('',(0.,0.,1.));
#7531 = DIRECTION('',(1.,0.,-0.));
#7532 = ADVANCED_FACE('',(#7533),#7539,.T.);
#7533 = FACE_BOUND('',#7534,.T.);
#7534 = EDGE_LOOP('',(#7535,#7536,#7537,#7538));
#7535 = ORIENTED_EDGE('',*,*,#7385,.F.);
#7536 = ORIENTED_EDGE('',*,*,#7402,.F.);
#7537 = ORIENTED_EDGE('',*,*,#7337,.T.);
#7538 = ORIENTED_EDGE('',*,*,#7361,.T.);
#7539 = PLANE('',#7540);
#7540 = AXIS2_PLACEMENT_3D('',#7541,#7542,#7543);
#7541 = CARTESIAN_POINT('',(-0.32,-0.32,8.54));
#7542 = DIRECTION('',(0.,0.,1.));
#7543 = DIRECTION('',(1.,0.,-0.));
#7544 = ADVANCED_FACE('',(#7545),#7551,.T.);
#7545 = FACE_BOUND('',#7546,.T.);
#7546 = EDGE_LOOP('',(#7547,#7548,#7549,#7550));
#7547 = ORIENTED_EDGE('',*,*,#7481,.F.);
#7548 = ORIENTED_EDGE('',*,*,#7498,.F.);
#7549 = ORIENTED_EDGE('',*,*,#7433,.T.);
#7550 = ORIENTED_EDGE('',*,*,#7457,.T.);
#7551 = PLANE('',#7552);
#7552 = AXIS2_PLACEMENT_3D('',#7553,#7554,#7555);
#7553 = CARTESIAN_POINT('',(-0.32,-2.86,8.54));
#7554 = DIRECTION('',(0.,0.,1.));
#7555 = DIRECTION('',(1.,0.,-0.));
#7556 = ( GEOMETRIC_REPRESENTATION_CONTEXT(3) 
GLOBAL_UNCERTAINTY_ASSIGNED_CONTEXT((#7560)) 
GLOBAL_UNIT_ASSIGNED_CONTEXT((#7557,#7558,#7559)) REPRESENTATION_CONTEXT
('Context #1','3D Context with UNIT and UNCERTAINTY') );
#7557 = ( LENGTH_UNIT() NAMED_UNIT(*) SI_UNIT(.MILLI.,.METRE.) );
#7558 = ( NAMED_UNIT(*) PLANE_ANGLE_UNIT() SI_UNIT($,.RADIAN.) );
#7559 = ( NAMED_UNIT(*) SI_UNIT($,.STERADIAN.) SOLID_ANGLE_UNIT() );
#7560 = UNCERTAINTY_MEASURE_WITH_UNIT(LENGTH_MEASURE(1.E-07),#7557,
  'distance_accuracy_value','confusion accuracy');
#7561 = CONTEXT_DEPENDENT_SHAPE_REPRESENTATION(#7562,#7564);
#7562 = ( REPRESENTATION_RELATIONSHIP('','',#6123,#10) 
REPRESENTATION_RELATIONSHIP_WITH_TRANSFORMATION(#7563) 
SHAPE_REPRESENTATION_RELATIONSHIP() );
#7563 = ITEM_DEFINED_TRANSFORMATION('','',#11,#43);
#7564 = PRODUCT_DEFINITION_SHAPE('Placement','Placement of an item',
  #7565);
#7565 = NEXT_ASSEMBLY_USAGE_OCCURRENCE('8','J1','',#5,#6118,$);
#7566 = PRODUCT_RELATED_PRODUCT_CATEGORY('part',$,(#6120));
#7567 = SHAPE_DEFINITION_REPRESENTATION(#7568,#7574);
#7568 = PRODUCT_DEFINITION_SHAPE('','',#7569);
#7569 = PRODUCT_DEFINITION('design','',#7570,#7573);
#7570 = PRODUCT_DEFINITION_FORMATION('','',#7571);
#7571 = PRODUCT('Trackball_PCB','Trackball_PCB','',(#7572));
#7572 = PRODUCT_CONTEXT('',#2,'mechanical');
#7573 = PRODUCT_DEFINITION_CONTEXT('part definition',#2,'design');
#7574 = ADVANCED_BREP_SHAPE_REPRESENTATION('',(#11,#7575),#12352);
#7575 = MANIFOLD_SOLID_BREP('',#7576);
#7576 = CLOSED_SHELL('',(#7577,#7619,#7650,#7681,#8965,#10249,#10266,
    #10283,#10300,#10317,#10334,#10351,#10368,#10385,#10402,#10419,
    #10431,#10448,#10465,#10482,#10499,#10516,#10533,#10550,#10567,
    #10584,#10601,#10618,#10635,#10652,#10669,#10686,#10703,#10720,
    #10737,#10754,#10771,#10788,#10805,#10822,#10839,#10856,#10873,
    #10890,#10907,#10924,#10941,#10958,#10975,#10992,#11009,#11026,
    #11043,#11060,#11077,#11094,#11111,#11128,#11145,#11162,#11179,
    #11201,#11218,#11235,#11252,#11269,#11286,#11303,#11320,#11337,
    #11354,#11371,#11388,#11405,#11422,#11439,#11451,#11468,#11485,
    #11502,#11519,#11536,#11553,#11575,#11592,#11609,#11626,#11643,
    #11655,#11672,#11689,#11706,#11723,#11740,#11757,#11779,#11796,
    #11813,#11830,#11847,#11859,#11876,#11893,#11910,#11927,#11944,
    #11961,#11978,#11995,#12012,#12029,#12046,#12063,#12080,#12097,
    #12114,#12131,#12148,#12165,#12182,#12199,#12216,#12233,#12250,
    #12267,#12284,#12301,#12318,#12335));
#7577 = ADVANCED_FACE('',(#7578),#7614,.T.);
#7578 = FACE_BOUND('',#7579,.T.);
#7579 = EDGE_LOOP('',(#7580,#7590,#7599,#7607));
#7580 = ORIENTED_EDGE('',*,*,#7581,.T.);
#7581 = EDGE_CURVE('',#7582,#7584,#7586,.T.);
#7582 = VERTEX_POINT('',#7583);
#7583 = CARTESIAN_POINT('',(182.402776,-54.6,0.));
#7584 = VERTEX_POINT('',#7585);
#7585 = CARTESIAN_POINT('',(182.402776,-54.6,1.51));
#7586 = LINE('',#7587,#7588);
#7587 = CARTESIAN_POINT('',(182.402776,-54.6,0.));
#7588 = VECTOR('',#7589,1.);
#7589 = DIRECTION('',(0.,0.,1.));
#7590 = ORIENTED_EDGE('',*,*,#7591,.T.);
#7591 = EDGE_CURVE('',#7584,#7592,#7594,.T.);
#7592 = VERTEX_POINT('',#7593);
#7593 = CARTESIAN_POINT('',(187.402799,-59.597223,1.51));
#7594 = CIRCLE('',#7595,5.000000522293);
#7595 = AXIS2_PLACEMENT_3D('',#7596,#7597,#7598);
#7596 = CARTESIAN_POINT('',(182.40279924917,-59.60000052223,1.51));
#7597 = DIRECTION('',(0.,0.,-1.));
#7598 = DIRECTION('',(-4.649833451549E-06,0.999999999989,0.));
#7599 = ORIENTED_EDGE('',*,*,#7600,.F.);
#7600 = EDGE_CURVE('',#7601,#7592,#7603,.T.);
#7601 = VERTEX_POINT('',#7602);
#7602 = CARTESIAN_POINT('',(187.402799,-59.597223,0.));
#7603 = LINE('',#7604,#7605);
#7604 = CARTESIAN_POINT('',(187.402799,-59.597223,0.));
#7605 = VECTOR('',#7606,1.);
#7606 = DIRECTION('',(0.,0.,1.));
#7607 = ORIENTED_EDGE('',*,*,#7608,.F.);
#7608 = EDGE_CURVE('',#7582,#7601,#7609,.T.);
#7609 = CIRCLE('',#7610,5.000000522293);
#7610 = AXIS2_PLACEMENT_3D('',#7611,#7612,#7613);
#7611 = CARTESIAN_POINT('',(182.40279924917,-59.60000052223,0.));
#7612 = DIRECTION('',(0.,0.,-1.));
#7613 = DIRECTION('',(-4.649833451549E-06,0.999999999989,0.));
#7614 = CYLINDRICAL_SURFACE('',#7615,5.000000522293);
#7615 = AXIS2_PLACEMENT_3D('',#7616,#7617,#7618);
#7616 = CARTESIAN_POINT('',(182.40279924917,-59.60000052223,0.));
#7617 = DIRECTION('',(0.,0.,-1.));
#7618 = DIRECTION('',(-4.649833451549E-06,0.999999999989,0.));
#7619 = ADVANCED_FACE('',(#7620),#7645,.T.);
#7620 = FACE_BOUND('',#7621,.T.);
#7621 = EDGE_LOOP('',(#7622,#7632,#7638,#7639));
#7622 = ORIENTED_EDGE('',*,*,#7623,.T.);
#7623 = EDGE_CURVE('',#7624,#7626,#7628,.T.);
#7624 = VERTEX_POINT('',#7625);
#7625 = CARTESIAN_POINT('',(129.9,-54.6,0.));
#7626 = VERTEX_POINT('',#7627);
#7627 = CARTESIAN_POINT('',(129.9,-54.6,1.51));
#7628 = LINE('',#7629,#7630);
#7629 = CARTESIAN_POINT('',(129.9,-54.6,0.));
#7630 = VECTOR('',#7631,1.);
#7631 = DIRECTION('',(0.,0.,1.));
#7632 = ORIENTED_EDGE('',*,*,#7633,.T.);
#7633 = EDGE_CURVE('',#7626,#7584,#7634,.T.);
#7634 = LINE('',#7635,#7636);
#7635 = CARTESIAN_POINT('',(129.9,-54.6,1.51));
#7636 = VECTOR('',#7637,1.);
#7637 = DIRECTION('',(1.,0.,0.));
#7638 = ORIENTED_EDGE('',*,*,#7581,.F.);
#7639 = ORIENTED_EDGE('',*,*,#7640,.F.);
#7640 = EDGE_CURVE('',#7624,#7582,#7641,.T.);
#7641 = LINE('',#7642,#7643);
#7642 = CARTESIAN_POINT('',(129.9,-54.6,0.));
#7643 = VECTOR('',#7644,1.);
#7644 = DIRECTION('',(1.,0.,0.));
#7645 = PLANE('',#7646);
#7646 = AXIS2_PLACEMENT_3D('',#7647,#7648,#7649);
#7647 = CARTESIAN_POINT('',(129.9,-54.6,0.));
#7648 = DIRECTION('',(0.,1.,0.));
#7649 = DIRECTION('',(1.,0.,0.));
#7650 = ADVANCED_FACE('',(#7651),#7676,.T.);
#7651 = FACE_BOUND('',#7652,.T.);
#7652 = EDGE_LOOP('',(#7653,#7654,#7662,#7670));
#7653 = ORIENTED_EDGE('',*,*,#7600,.T.);
#7654 = ORIENTED_EDGE('',*,*,#7655,.T.);
#7655 = EDGE_CURVE('',#7592,#7656,#7658,.T.);
#7656 = VERTEX_POINT('',#7657);
#7657 = CARTESIAN_POINT('',(187.447219,-143.623303,1.51));
#7658 = LINE('',#7659,#7660);
#7659 = CARTESIAN_POINT('',(187.402799,-59.597223,1.51));
#7660 = VECTOR('',#7661,1.);
#7661 = DIRECTION('',(5.28645318133E-04,-0.999999860267,0.));
#7662 = ORIENTED_EDGE('',*,*,#7663,.F.);
#7663 = EDGE_CURVE('',#7664,#7656,#7666,.T.);
#7664 = VERTEX_POINT('',#7665);
#7665 = CARTESIAN_POINT('',(187.447219,-143.623303,0.));
#7666 = LINE('',#7667,#7668);
#7667 = CARTESIAN_POINT('',(187.447219,-143.623303,0.));
#7668 = VECTOR('',#7669,1.);
#7669 = DIRECTION('',(0.,0.,1.));
#7670 = ORIENTED_EDGE('',*,*,#7671,.F.);
#7671 = EDGE_CURVE('',#7601,#7664,#7672,.T.);
#7672 = LINE('',#7673,#7674);
#7673 = CARTESIAN_POINT('',(187.402799,-59.597223,0.));
#7674 = VECTOR('',#7675,1.);
#7675 = DIRECTION('',(5.28645318133E-04,-0.999999860267,0.));
#7676 = PLANE('',#7677);
#7677 = AXIS2_PLACEMENT_3D('',#7678,#7679,#7680);
#7678 = CARTESIAN_POINT('',(187.402799,-59.597223,0.));
#7679 = DIRECTION('',(0.999999860267,5.28645318133E-04,-0.));
#7680 = DIRECTION('',(5.28645318133E-04,-0.999999860267,0.));
#7681 = ADVANCED_FACE('',(#7682,#7779,#7790,#7801,#7812,#7823,#7834,
    #7845,#7856,#7867,#7878,#7889,#7900,#7911,#7922,#7933,#7944,#7955,
    #7966,#7977,#7988,#7999,#8010,#8021,#8032,#8043,#8054,#8065,#8076,
    #8087,#8098,#8109,#8120,#8131,#8142,#8153,#8164,#8175,#8186,#8197,
    #8208,#8219,#8230,#8241,#8252,#8263,#8401,#8412,#8423,#8434,#8445,
    #8456,#8467,#8521,#8532,#8543,#8554,#8565,#8576,#8587,#8641,#8652,
    #8663,#8674,#8685,#8696,#8707,#8718,#8729,#8740,#8751,#8762,#8773,
    #8784,#8795,#8806,#8817,#8828,#8839,#8850,#8861,#8872,#8883,#8894,
    #8905,#8916,#8927,#8938,#8949),#8960,.F.);
#7682 = FACE_BOUND('',#7683,.F.);
#7683 = EDGE_LOOP('',(#7684,#7685,#7686,#7695,#7703,#7712,#7720,#7729,
    #7737,#7746,#7754,#7763,#7771,#7778));
#7684 = ORIENTED_EDGE('',*,*,#7608,.F.);
#7685 = ORIENTED_EDGE('',*,*,#7640,.F.);
#7686 = ORIENTED_EDGE('',*,*,#7687,.F.);
#7687 = EDGE_CURVE('',#7688,#7624,#7690,.T.);
#7688 = VERTEX_POINT('',#7689);
#7689 = CARTESIAN_POINT('',(124.9,-59.6,0.));
#7690 = CIRCLE('',#7691,4.999999678834);
#7691 = AXIS2_PLACEMENT_3D('',#7692,#7693,#7694);
#7692 = CARTESIAN_POINT('',(129.89999967883,-59.59999967883,0.));
#7693 = DIRECTION('',(0.,0.,-1.));
#7694 = DIRECTION('',(-1.,-6.423314844048E-08,-0.));
#7695 = ORIENTED_EDGE('',*,*,#7696,.F.);
#7696 = EDGE_CURVE('',#7697,#7688,#7699,.T.);
#7697 = VERTEX_POINT('',#7698);
#7698 = CARTESIAN_POINT('',(124.9,-63.958709,0.));
#7699 = LINE('',#7700,#7701);
#7700 = CARTESIAN_POINT('',(124.9,-63.958709,0.));
#7701 = VECTOR('',#7702,1.);
#7702 = DIRECTION('',(0.,1.,0.));
#7703 = ORIENTED_EDGE('',*,*,#7704,.F.);
#7704 = EDGE_CURVE('',#7705,#7697,#7707,.T.);
#7705 = VERTEX_POINT('',#7706);
#7706 = CARTESIAN_POINT('',(119.804827,-77.294606,0.));
#7707 = CIRCLE('',#7708,20.000010914526);
#7708 = AXIS2_PLACEMENT_3D('',#7709,#7710,#7711);
#7709 = CARTESIAN_POINT('',(104.89998908547,-63.95870545587,0.));
#7710 = DIRECTION('',(0.,0.,1.));
#7711 = DIRECTION('',(0.745241489028,-0.666794663319,0.));
#7712 = ORIENTED_EDGE('',*,*,#7713,.F.);
#7713 = EDGE_CURVE('',#7714,#7705,#7716,.T.);
#7714 = VERTEX_POINT('',#7715);
#7715 = CARTESIAN_POINT('',(116.400001,-81.1,0.));
#7716 = LINE('',#7717,#7718);
#7717 = CARTESIAN_POINT('',(116.400001,-81.1,0.));
#7718 = VECTOR('',#7719,1.);
#7719 = DIRECTION('',(0.666794836572,0.745241334013,0.));
#7720 = ORIENTED_EDGE('',*,*,#7721,.F.);
#7721 = EDGE_CURVE('',#7722,#7714,#7724,.T.);
#7722 = VERTEX_POINT('',#7723);
#7723 = CARTESIAN_POINT('',(116.4,-122.1,0.));
#7724 = CIRCLE('',#7725,30.931353333415);
#7725 = AXIS2_PLACEMENT_3D('',#7726,#7727,#7728);
#7726 = CARTESIAN_POINT('',(139.56244033341,-101.6000005649,0.));
#7727 = DIRECTION('',(0.,0.,-1.));
#7728 = DIRECTION('',(-0.748833718452,-0.662757921197,-0.));
#7729 = ORIENTED_EDGE('',*,*,#7730,.F.);
#7730 = EDGE_CURVE('',#7731,#7722,#7733,.T.);
#7731 = VERTEX_POINT('',#7732);
#7732 = CARTESIAN_POINT('',(119.804827,-125.905394,0.));
#7733 = LINE('',#7734,#7735);
#7734 = CARTESIAN_POINT('',(119.804827,-125.905394,0.));
#7735 = VECTOR('',#7736,1.);
#7736 = DIRECTION('',(-0.666794945337,0.745241236696,0.));
#7737 = ORIENTED_EDGE('',*,*,#7738,.F.);
#7738 = EDGE_CURVE('',#7739,#7731,#7741,.T.);
#7739 = VERTEX_POINT('',#7740);
#7740 = CARTESIAN_POINT('',(124.9,-139.241291,0.));
#7741 = CIRCLE('',#7742,19.999952852431);
#7742 = AXIS2_PLACEMENT_3D('',#7743,#7744,#7745);
#7743 = CARTESIAN_POINT('',(104.90004714757,-139.2412723606,0.));
#7744 = DIRECTION('',(0.,0.,1.));
#7745 = DIRECTION('',(1.,-9.319692452497E-07,0.));
#7746 = ORIENTED_EDGE('',*,*,#7747,.F.);
#7747 = EDGE_CURVE('',#7748,#7739,#7750,.T.);
#7748 = VERTEX_POINT('',#7749);
#7749 = CARTESIAN_POINT('',(124.9,-143.6,0.));
#7750 = LINE('',#7751,#7752);
#7751 = CARTESIAN_POINT('',(124.9,-143.6,0.));
#7752 = VECTOR('',#7753,1.);
#7753 = DIRECTION('',(0.,1.,0.));
#7754 = ORIENTED_EDGE('',*,*,#7755,.F.);
#7755 = EDGE_CURVE('',#7756,#7748,#7758,.T.);
#7756 = VERTEX_POINT('',#7757);
#7757 = CARTESIAN_POINT('',(129.9,-148.6,0.));
#7758 = CIRCLE('',#7759,4.999999678834);
#7759 = AXIS2_PLACEMENT_3D('',#7760,#7761,#7762);
#7760 = CARTESIAN_POINT('',(129.89999967883,-143.6000003211,0.));
#7761 = DIRECTION('',(0.,0.,-1.));
#7762 = DIRECTION('',(6.423315270374E-08,-1.,0.));
#7763 = ORIENTED_EDGE('',*,*,#7764,.F.);
#7764 = EDGE_CURVE('',#7765,#7756,#7767,.T.);
#7765 = VERTEX_POINT('',#7766);
#7766 = CARTESIAN_POINT('',(182.4,-148.6,0.));
#7767 = LINE('',#7768,#7769);
#7768 = CARTESIAN_POINT('',(182.4,-148.6,0.));
#7769 = VECTOR('',#7770,1.);
#7770 = DIRECTION('',(-1.,0.,0.));
#7771 = ORIENTED_EDGE('',*,*,#7772,.F.);
#7772 = EDGE_CURVE('',#7664,#7765,#7773,.T.);
#7773 = CIRCLE('',#7774,4.878021095196);
#7774 = AXIS2_PLACEMENT_3D('',#7775,#7776,#7777);
#7775 = CARTESIAN_POINT('',(182.57025708909,-143.7249510434,0.));
#7776 = DIRECTION('',(0.,0.,-1.));
#7777 = DIRECTION('',(0.999782865988,2.083796717206E-02,0.));
#7778 = ORIENTED_EDGE('',*,*,#7671,.F.);
#7779 = FACE_BOUND('',#7780,.F.);
#7780 = EDGE_LOOP('',(#7781));
#7781 = ORIENTED_EDGE('',*,*,#7782,.T.);
#7782 = EDGE_CURVE('',#7783,#7783,#7785,.T.);
#7783 = VERTEX_POINT('',#7784);
#7784 = CARTESIAN_POINT('',(130.4,-136.,0.));
#7785 = CIRCLE('',#7786,1.85);
#7786 = AXIS2_PLACEMENT_3D('',#7787,#7788,#7789);
#7787 = CARTESIAN_POINT('',(130.4,-134.15,0.));
#7788 = DIRECTION('',(-0.,0.,-1.));
#7789 = DIRECTION('',(-0.,-1.,0.));
#7790 = FACE_BOUND('',#7791,.F.);
#7791 = EDGE_LOOP('',(#7792));
#7792 = ORIENTED_EDGE('',*,*,#7793,.T.);
#7793 = EDGE_CURVE('',#7794,#7794,#7796,.T.);
#7794 = VERTEX_POINT('',#7795);
#7795 = CARTESIAN_POINT('',(119.773949,-123.286051,0.));
#7796 = CIRCLE('',#7797,0.5);
#7797 = AXIS2_PLACEMENT_3D('',#7798,#7799,#7800);
#7798 = CARTESIAN_POINT('',(119.773949,-122.786051,0.));
#7799 = DIRECTION('',(-0.,0.,-1.));
#7800 = DIRECTION('',(-0.,-1.,0.));
#7801 = FACE_BOUND('',#7802,.F.);
#7802 = EDGE_LOOP('',(#7803));
#7803 = ORIENTED_EDGE('',*,*,#7804,.T.);
#7804 = EDGE_CURVE('',#7805,#7805,#7807,.T.);
#7805 = VERTEX_POINT('',#7806);
#7806 = CARTESIAN_POINT('',(147.4,-122.1,0.));
#7807 = CIRCLE('',#7808,0.5);
#7808 = AXIS2_PLACEMENT_3D('',#7809,#7810,#7811);
#7809 = CARTESIAN_POINT('',(147.4,-121.6,0.));
#7810 = DIRECTION('',(-0.,0.,-1.));
#7811 = DIRECTION('',(-0.,-1.,0.));
#7812 = FACE_BOUND('',#7813,.F.);
#7813 = EDGE_LOOP('',(#7814));
#7814 = ORIENTED_EDGE('',*,*,#7815,.T.);
#7815 = EDGE_CURVE('',#7816,#7816,#7818,.T.);
#7816 = VERTEX_POINT('',#7817);
#7817 = CARTESIAN_POINT('',(118.141268,-121.340298,0.));
#7818 = CIRCLE('',#7819,0.5);
#7819 = AXIS2_PLACEMENT_3D('',#7820,#7821,#7822);
#7820 = CARTESIAN_POINT('',(118.141268,-120.840298,0.));
#7821 = DIRECTION('',(-0.,0.,-1.));
#7822 = DIRECTION('',(-0.,-1.,0.));
#7823 = FACE_BOUND('',#7824,.F.);
#7824 = EDGE_LOOP('',(#7825));
#7825 = ORIENTED_EDGE('',*,*,#7826,.T.);
#7826 = EDGE_CURVE('',#7827,#7827,#7829,.T.);
#7827 = VERTEX_POINT('',#7828);
#7828 = CARTESIAN_POINT('',(116.508589,-119.394546,0.));
#7829 = CIRCLE('',#7830,0.5);
#7830 = AXIS2_PLACEMENT_3D('',#7831,#7832,#7833);
#7831 = CARTESIAN_POINT('',(116.508589,-118.894546,0.));
#7832 = DIRECTION('',(-0.,0.,-1.));
#7833 = DIRECTION('',(-0.,-1.,0.));
#7834 = FACE_BOUND('',#7835,.F.);
#7835 = EDGE_LOOP('',(#7836));
#7836 = ORIENTED_EDGE('',*,*,#7837,.T.);
#7837 = EDGE_CURVE('',#7838,#7838,#7840,.T.);
#7838 = VERTEX_POINT('',#7839);
#7839 = CARTESIAN_POINT('',(114.875907,-117.448792,0.));
#7840 = CIRCLE('',#7841,0.5);
#7841 = AXIS2_PLACEMENT_3D('',#7842,#7843,#7844);
#7842 = CARTESIAN_POINT('',(114.875907,-116.948792,0.));
#7843 = DIRECTION('',(-0.,0.,-1.));
#7844 = DIRECTION('',(-0.,-1.,0.));
#7845 = FACE_BOUND('',#7846,.F.);
#7846 = EDGE_LOOP('',(#7847));
#7847 = ORIENTED_EDGE('',*,*,#7848,.T.);
#7848 = EDGE_CURVE('',#7849,#7849,#7851,.T.);
#7849 = VERTEX_POINT('',#7850);
#7850 = CARTESIAN_POINT('',(147.4,-119.56,0.));
#7851 = CIRCLE('',#7852,0.5);
#7852 = AXIS2_PLACEMENT_3D('',#7853,#7854,#7855);
#7853 = CARTESIAN_POINT('',(147.4,-119.06,0.));
#7854 = DIRECTION('',(-0.,0.,-1.));
#7855 = DIRECTION('',(-0.,-1.,0.));
#7856 = FACE_BOUND('',#7857,.F.);
#7857 = EDGE_LOOP('',(#7858));
#7858 = ORIENTED_EDGE('',*,*,#7859,.T.);
#7859 = EDGE_CURVE('',#7860,#7860,#7862,.T.);
#7860 = VERTEX_POINT('',#7861);
#7861 = CARTESIAN_POINT('',(147.4,-117.02,0.));
#7862 = CIRCLE('',#7863,0.5);
#7863 = AXIS2_PLACEMENT_3D('',#7864,#7865,#7866);
#7864 = CARTESIAN_POINT('',(147.4,-116.52,0.));
#7865 = DIRECTION('',(-0.,0.,-1.));
#7866 = DIRECTION('',(-0.,-1.,0.));
#7867 = FACE_BOUND('',#7868,.F.);
#7868 = EDGE_LOOP('',(#7869));
#7869 = ORIENTED_EDGE('',*,*,#7870,.F.);
#7870 = EDGE_CURVE('',#7871,#7871,#7873,.T.);
#7871 = VERTEX_POINT('',#7872);
#7872 = CARTESIAN_POINT('',(150.15,-111.12,0.));
#7873 = CIRCLE('',#7874,1.);
#7874 = AXIS2_PLACEMENT_3D('',#7875,#7876,#7877);
#7875 = CARTESIAN_POINT('',(149.15,-111.12,0.));
#7876 = DIRECTION('',(0.,0.,1.));
#7877 = DIRECTION('',(1.,0.,-0.));
#7878 = FACE_BOUND('',#7879,.F.);
#7879 = EDGE_LOOP('',(#7880));
#7880 = ORIENTED_EDGE('',*,*,#7881,.T.);
#7881 = EDGE_CURVE('',#7882,#7882,#7884,.T.);
#7882 = VERTEX_POINT('',#7883);
#7883 = CARTESIAN_POINT('',(150.5,-140.3149,0.));
#7884 = CIRCLE('',#7885,0.8509);
#7885 = AXIS2_PLACEMENT_3D('',#7886,#7887,#7888);
#7886 = CARTESIAN_POINT('',(150.5,-139.464,0.));
#7887 = DIRECTION('',(-0.,0.,-1.));
#7888 = DIRECTION('',(-0.,-1.,0.));
#7889 = FACE_BOUND('',#7890,.F.);
#7890 = EDGE_LOOP('',(#7891));
#7891 = ORIENTED_EDGE('',*,*,#7892,.T.);
#7892 = EDGE_CURVE('',#7893,#7893,#7895,.T.);
#7893 = VERTEX_POINT('',#7894);
#7894 = CARTESIAN_POINT('',(156.,-141.1785,0.));
#7895 = CIRCLE('',#7896,1.7145);
#7896 = AXIS2_PLACEMENT_3D('',#7897,#7898,#7899);
#7897 = CARTESIAN_POINT('',(156.,-139.464,0.));
#7898 = DIRECTION('',(-0.,0.,-1.));
#7899 = DIRECTION('',(-0.,-1.,0.));
#7900 = FACE_BOUND('',#7901,.F.);
#7901 = EDGE_LOOP('',(#7902));
#7902 = ORIENTED_EDGE('',*,*,#7903,.T.);
#7903 = EDGE_CURVE('',#7904,#7904,#7906,.T.);
#7904 = VERTEX_POINT('',#7905);
#7905 = CARTESIAN_POINT('',(156.,-135.014,0.));
#7906 = CIRCLE('',#7907,1.5);
#7907 = AXIS2_PLACEMENT_3D('',#7908,#7909,#7910);
#7908 = CARTESIAN_POINT('',(156.,-133.514,0.));
#7909 = DIRECTION('',(-0.,0.,-1.));
#7910 = DIRECTION('',(-0.,-1.,0.));
#7911 = FACE_BOUND('',#7912,.F.);
#7912 = EDGE_LOOP('',(#7913));
#7913 = ORIENTED_EDGE('',*,*,#7914,.T.);
#7914 = EDGE_CURVE('',#7915,#7915,#7917,.T.);
#7915 = VERTEX_POINT('',#7916);
#7916 = CARTESIAN_POINT('',(161.5,-140.3149,0.));
#7917 = CIRCLE('',#7918,0.8509);
#7918 = AXIS2_PLACEMENT_3D('',#7919,#7920,#7921);
#7919 = CARTESIAN_POINT('',(161.5,-139.464,0.));
#7920 = DIRECTION('',(-0.,0.,-1.));
#7921 = DIRECTION('',(-0.,-1.,0.));
#7922 = FACE_BOUND('',#7923,.F.);
#7923 = EDGE_LOOP('',(#7924));
#7924 = ORIENTED_EDGE('',*,*,#7925,.T.);
#7925 = EDGE_CURVE('',#7926,#7926,#7928,.T.);
#7926 = VERTEX_POINT('',#7927);
#7927 = CARTESIAN_POINT('',(161.,-137.214,0.));
#7928 = CIRCLE('',#7929,1.5);
#7929 = AXIS2_PLACEMENT_3D('',#7930,#7931,#7932);
#7930 = CARTESIAN_POINT('',(161.,-135.714,0.));
#7931 = DIRECTION('',(-0.,0.,-1.));
#7932 = DIRECTION('',(-0.,-1.,0.));
#7933 = FACE_BOUND('',#7934,.F.);
#7934 = EDGE_LOOP('',(#7935));
#7935 = ORIENTED_EDGE('',*,*,#7936,.F.);
#7936 = EDGE_CURVE('',#7937,#7937,#7939,.T.);
#7937 = VERTEX_POINT('',#7938);
#7938 = CARTESIAN_POINT('',(160.90333,-124.6,0.));
#7939 = CIRCLE('',#7940,1.50333);
#7940 = AXIS2_PLACEMENT_3D('',#7941,#7942,#7943);
#7941 = CARTESIAN_POINT('',(159.4,-124.6,0.));
#7942 = DIRECTION('',(0.,0.,1.));
#7943 = DIRECTION('',(1.,0.,-0.));
#7944 = FACE_BOUND('',#7945,.F.);
#7945 = EDGE_LOOP('',(#7946));
#7946 = ORIENTED_EDGE('',*,*,#7947,.T.);
#7947 = EDGE_CURVE('',#7948,#7948,#7950,.T.);
#7948 = VERTEX_POINT('',#7949);
#7949 = CARTESIAN_POINT('',(182.4472,-136.,0.));
#7950 = CIRCLE('',#7951,1.85);
#7951 = AXIS2_PLACEMENT_3D('',#7952,#7953,#7954);
#7952 = CARTESIAN_POINT('',(182.4472,-134.15,0.));
#7953 = DIRECTION('',(-0.,0.,-1.));
#7954 = DIRECTION('',(-0.,-1.,0.));
#7955 = FACE_BOUND('',#7956,.F.);
#7956 = EDGE_LOOP('',(#7957));
#7957 = ORIENTED_EDGE('',*,*,#7958,.T.);
#7958 = EDGE_CURVE('',#7959,#7959,#7961,.T.);
#7959 = VERTEX_POINT('',#7960);
#7960 = CARTESIAN_POINT('',(178.148,-126.484,0.));
#7961 = CIRCLE('',#7962,0.5);
#7962 = AXIS2_PLACEMENT_3D('',#7963,#7964,#7965);
#7963 = CARTESIAN_POINT('',(178.148,-125.984,0.));
#7964 = DIRECTION('',(-0.,0.,-1.));
#7965 = DIRECTION('',(-0.,-1.,0.));
#7966 = FACE_BOUND('',#7967,.F.);
#7967 = EDGE_LOOP('',(#7968));
#7968 = ORIENTED_EDGE('',*,*,#7969,.T.);
#7969 = EDGE_CURVE('',#7970,#7970,#7972,.T.);
#7970 = VERTEX_POINT('',#7971);
#7971 = CARTESIAN_POINT('',(180.688,-126.484,0.));
#7972 = CIRCLE('',#7973,0.5);
#7973 = AXIS2_PLACEMENT_3D('',#7974,#7975,#7976);
#7974 = CARTESIAN_POINT('',(180.688,-125.984,0.));
#7975 = DIRECTION('',(-0.,0.,-1.));
#7976 = DIRECTION('',(-0.,-1.,0.));
#7977 = FACE_BOUND('',#7978,.F.);
#7978 = EDGE_LOOP('',(#7979));
#7979 = ORIENTED_EDGE('',*,*,#7980,.T.);
#7980 = EDGE_CURVE('',#7981,#7981,#7983,.T.);
#7981 = VERTEX_POINT('',#7982);
#7982 = CARTESIAN_POINT('',(183.228,-126.484,0.));
#7983 = CIRCLE('',#7984,0.5);
#7984 = AXIS2_PLACEMENT_3D('',#7985,#7986,#7987);
#7985 = CARTESIAN_POINT('',(183.228,-125.984,0.));
#7986 = DIRECTION('',(-0.,0.,-1.));
#7987 = DIRECTION('',(-0.,-1.,0.));
#7988 = FACE_BOUND('',#7989,.F.);
#7989 = EDGE_LOOP('',(#7990));
#7990 = ORIENTED_EDGE('',*,*,#7991,.T.);
#7991 = EDGE_CURVE('',#7992,#7992,#7994,.T.);
#7992 = VERTEX_POINT('',#7993);
#7993 = CARTESIAN_POINT('',(185.768,-126.484,0.));
#7994 = CIRCLE('',#7995,0.5);
#7995 = AXIS2_PLACEMENT_3D('',#7996,#7997,#7998);
#7996 = CARTESIAN_POINT('',(185.768,-125.984,0.));
#7997 = DIRECTION('',(-0.,0.,-1.));
#7998 = DIRECTION('',(-0.,-1.,0.));
#7999 = FACE_BOUND('',#8000,.F.);
#8000 = EDGE_LOOP('',(#8001));
#8001 = ORIENTED_EDGE('',*,*,#8002,.T.);
#8002 = EDGE_CURVE('',#8003,#8003,#8005,.T.);
#8003 = VERTEX_POINT('',#8004);
#8004 = CARTESIAN_POINT('',(154.72,-109.75,0.));
#8005 = CIRCLE('',#8006,0.55);
#8006 = AXIS2_PLACEMENT_3D('',#8007,#8008,#8009);
#8007 = CARTESIAN_POINT('',(154.72,-109.2,0.));
#8008 = DIRECTION('',(-0.,0.,-1.));
#8009 = DIRECTION('',(-0.,-1.,0.));
#8010 = FACE_BOUND('',#8011,.F.);
#8011 = EDGE_LOOP('',(#8012));
#8012 = ORIENTED_EDGE('',*,*,#8013,.T.);
#8013 = EDGE_CURVE('',#8014,#8014,#8016,.T.);
#8014 = VERTEX_POINT('',#8015);
#8015 = CARTESIAN_POINT('',(157.26,-109.75,0.));
#8016 = CIRCLE('',#8017,0.55);
#8017 = AXIS2_PLACEMENT_3D('',#8018,#8019,#8020);
#8018 = CARTESIAN_POINT('',(157.26,-109.2,0.));
#8019 = DIRECTION('',(-0.,0.,-1.));
#8020 = DIRECTION('',(-0.,-1.,0.));
#8021 = FACE_BOUND('',#8022,.F.);
#8022 = EDGE_LOOP('',(#8023));
#8023 = ORIENTED_EDGE('',*,*,#8024,.T.);
#8024 = EDGE_CURVE('',#8025,#8025,#8027,.T.);
#8025 = VERTEX_POINT('',#8026);
#8026 = CARTESIAN_POINT('',(159.8,-109.75,0.));
#8027 = CIRCLE('',#8028,0.55);
#8028 = AXIS2_PLACEMENT_3D('',#8029,#8030,#8031);
#8029 = CARTESIAN_POINT('',(159.8,-109.2,0.));
#8030 = DIRECTION('',(-0.,0.,-1.));
#8031 = DIRECTION('',(-0.,-1.,0.));
#8032 = FACE_BOUND('',#8033,.F.);
#8033 = EDGE_LOOP('',(#8034));
#8034 = ORIENTED_EDGE('',*,*,#8035,.T.);
#8035 = EDGE_CURVE('',#8036,#8036,#8038,.T.);
#8036 = VERTEX_POINT('',#8037);
#8037 = CARTESIAN_POINT('',(162.34,-109.75,0.));
#8038 = CIRCLE('',#8039,0.55);
#8039 = AXIS2_PLACEMENT_3D('',#8040,#8041,#8042);
#8040 = CARTESIAN_POINT('',(162.34,-109.2,0.));
#8041 = DIRECTION('',(-0.,0.,-1.));
#8042 = DIRECTION('',(5.1675835328E-14,-1.,-0.));
#8043 = FACE_BOUND('',#8044,.F.);
#8044 = EDGE_LOOP('',(#8045));
#8045 = ORIENTED_EDGE('',*,*,#8046,.T.);
#8046 = EDGE_CURVE('',#8047,#8047,#8049,.T.);
#8047 = VERTEX_POINT('',#8048);
#8048 = CARTESIAN_POINT('',(164.88,-109.75,0.));
#8049 = CIRCLE('',#8050,0.55);
#8050 = AXIS2_PLACEMENT_3D('',#8051,#8052,#8053);
#8051 = CARTESIAN_POINT('',(164.88,-109.2,0.));
#8052 = DIRECTION('',(-0.,0.,-1.));
#8053 = DIRECTION('',(-0.,-1.,0.));
#8054 = FACE_BOUND('',#8055,.F.);
#8055 = EDGE_LOOP('',(#8056));
#8056 = ORIENTED_EDGE('',*,*,#8057,.T.);
#8057 = EDGE_CURVE('',#8058,#8058,#8060,.T.);
#8058 = VERTEX_POINT('',#8059);
#8059 = CARTESIAN_POINT('',(167.42,-109.75,0.));
#8060 = CIRCLE('',#8061,0.55);
#8061 = AXIS2_PLACEMENT_3D('',#8062,#8063,#8064);
#8062 = CARTESIAN_POINT('',(167.42,-109.2,0.));
#8063 = DIRECTION('',(-0.,0.,-1.));
#8064 = DIRECTION('',(-5.167583532801E-14,-1.,0.));
#8065 = FACE_BOUND('',#8066,.F.);
#8066 = EDGE_LOOP('',(#8067));
#8067 = ORIENTED_EDGE('',*,*,#8068,.T.);
#8068 = EDGE_CURVE('',#8069,#8069,#8071,.T.);
#8069 = VERTEX_POINT('',#8070);
#8070 = CARTESIAN_POINT('',(176.9,-121.85,0.));
#8071 = CIRCLE('',#8072,0.5);
#8072 = AXIS2_PLACEMENT_3D('',#8073,#8074,#8075);
#8073 = CARTESIAN_POINT('',(176.9,-121.35,0.));
#8074 = DIRECTION('',(-0.,0.,-1.));
#8075 = DIRECTION('',(-0.,-1.,0.));
#8076 = FACE_BOUND('',#8077,.F.);
#8077 = EDGE_LOOP('',(#8078));
#8078 = ORIENTED_EDGE('',*,*,#8079,.T.);
#8079 = EDGE_CURVE('',#8080,#8080,#8082,.T.);
#8080 = VERTEX_POINT('',#8081);
#8081 = CARTESIAN_POINT('',(176.9,-119.75,0.));
#8082 = CIRCLE('',#8083,0.4);
#8083 = AXIS2_PLACEMENT_3D('',#8084,#8085,#8086);
#8084 = CARTESIAN_POINT('',(176.9,-119.35,0.));
#8085 = DIRECTION('',(-0.,0.,-1.));
#8086 = DIRECTION('',(-0.,-1.,0.));
#8087 = FACE_BOUND('',#8088,.F.);
#8088 = EDGE_LOOP('',(#8089));
#8089 = ORIENTED_EDGE('',*,*,#8090,.T.);
#8090 = EDGE_CURVE('',#8091,#8091,#8093,.T.);
#8091 = VERTEX_POINT('',#8092);
#8092 = CARTESIAN_POINT('',(176.9,-117.75,0.));
#8093 = CIRCLE('',#8094,0.4);
#8094 = AXIS2_PLACEMENT_3D('',#8095,#8096,#8097);
#8095 = CARTESIAN_POINT('',(176.9,-117.35,0.));
#8096 = DIRECTION('',(-0.,0.,-1.));
#8097 = DIRECTION('',(-0.,-1.,0.));
#8098 = FACE_BOUND('',#8099,.F.);
#8099 = EDGE_LOOP('',(#8100));
#8100 = ORIENTED_EDGE('',*,*,#8101,.T.);
#8101 = EDGE_CURVE('',#8102,#8102,#8104,.T.);
#8102 = VERTEX_POINT('',#8103);
#8103 = CARTESIAN_POINT('',(176.9,-115.725,0.));
#8104 = CIRCLE('',#8105,0.375);
#8105 = AXIS2_PLACEMENT_3D('',#8106,#8107,#8108);
#8106 = CARTESIAN_POINT('',(176.9,-115.35,0.));
#8107 = DIRECTION('',(-0.,0.,-1.));
#8108 = DIRECTION('',(-0.,-1.,0.));
#8109 = FACE_BOUND('',#8110,.F.);
#8110 = EDGE_LOOP('',(#8111));
#8111 = ORIENTED_EDGE('',*,*,#8112,.T.);
#8112 = EDGE_CURVE('',#8113,#8113,#8115,.T.);
#8113 = VERTEX_POINT('',#8114);
#8114 = CARTESIAN_POINT('',(176.9,-113.85,0.));
#8115 = CIRCLE('',#8116,0.5);
#8116 = AXIS2_PLACEMENT_3D('',#8117,#8118,#8119);
#8117 = CARTESIAN_POINT('',(176.9,-113.35,0.));
#8118 = DIRECTION('',(-0.,0.,-1.));
#8119 = DIRECTION('',(-0.,-1.,0.));
#8120 = FACE_BOUND('',#8121,.F.);
#8121 = EDGE_LOOP('',(#8122));
#8122 = ORIENTED_EDGE('',*,*,#8123,.T.);
#8123 = EDGE_CURVE('',#8124,#8124,#8126,.T.);
#8124 = VERTEX_POINT('',#8125);
#8125 = CARTESIAN_POINT('',(169.96,-109.75,0.));
#8126 = CIRCLE('',#8127,0.55);
#8127 = AXIS2_PLACEMENT_3D('',#8128,#8129,#8130);
#8128 = CARTESIAN_POINT('',(169.96,-109.2,0.));
#8129 = DIRECTION('',(-0.,0.,-1.));
#8130 = DIRECTION('',(5.1675835328E-14,-1.,-0.));
#8131 = FACE_BOUND('',#8132,.F.);
#8132 = EDGE_LOOP('',(#8133));
#8133 = ORIENTED_EDGE('',*,*,#8134,.T.);
#8134 = EDGE_CURVE('',#8135,#8135,#8137,.T.);
#8135 = VERTEX_POINT('',#8136);
#8136 = CARTESIAN_POINT('',(172.5,-109.75,0.));
#8137 = CIRCLE('',#8138,0.55);
#8138 = AXIS2_PLACEMENT_3D('',#8139,#8140,#8141);
#8139 = CARTESIAN_POINT('',(172.5,-109.2,0.));
#8140 = DIRECTION('',(-0.,0.,-1.));
#8141 = DIRECTION('',(-0.,-1.,0.));
#8142 = FACE_BOUND('',#8143,.F.);
#8143 = EDGE_LOOP('',(#8144));
#8144 = ORIENTED_EDGE('',*,*,#8145,.T.);
#8145 = EDGE_CURVE('',#8146,#8146,#8148,.T.);
#8146 = VERTEX_POINT('',#8147);
#8147 = CARTESIAN_POINT('',(175.04,-109.75,0.));
#8148 = CIRCLE('',#8149,0.55);
#8149 = AXIS2_PLACEMENT_3D('',#8150,#8151,#8152);
#8150 = CARTESIAN_POINT('',(175.04,-109.2,0.));
#8151 = DIRECTION('',(-0.,0.,-1.));
#8152 = DIRECTION('',(-5.167583532801E-14,-1.,0.));
#8153 = FACE_BOUND('',#8154,.F.);
#8154 = EDGE_LOOP('',(#8155));
#8155 = ORIENTED_EDGE('',*,*,#8156,.T.);
#8156 = EDGE_CURVE('',#8157,#8157,#8159,.T.);
#8157 = VERTEX_POINT('',#8158);
#8158 = CARTESIAN_POINT('',(176.9,-105.92,0.));
#8159 = CIRCLE('',#8160,0.5);
#8160 = AXIS2_PLACEMENT_3D('',#8161,#8162,#8163);
#8161 = CARTESIAN_POINT('',(176.9,-105.42,0.));
#8162 = DIRECTION('',(-0.,0.,-1.));
#8163 = DIRECTION('',(-0.,-1.,0.));
#8164 = FACE_BOUND('',#8165,.F.);
#8165 = EDGE_LOOP('',(#8166));
#8166 = ORIENTED_EDGE('',*,*,#8167,.T.);
#8167 = EDGE_CURVE('',#8168,#8168,#8170,.T.);
#8168 = VERTEX_POINT('',#8169);
#8169 = CARTESIAN_POINT('',(176.9,-103.38,0.));
#8170 = CIRCLE('',#8171,0.5);
#8171 = AXIS2_PLACEMENT_3D('',#8172,#8173,#8174);
#8172 = CARTESIAN_POINT('',(176.9,-102.88,0.));
#8173 = DIRECTION('',(-0.,0.,-1.));
#8174 = DIRECTION('',(-0.,-1.,0.));
#8175 = FACE_BOUND('',#8176,.F.);
#8176 = EDGE_LOOP('',(#8177));
#8177 = ORIENTED_EDGE('',*,*,#8178,.T.);
#8178 = EDGE_CURVE('',#8179,#8179,#8181,.T.);
#8179 = VERTEX_POINT('',#8180);
#8180 = CARTESIAN_POINT('',(177.58,-109.75,0.));
#8181 = CIRCLE('',#8182,0.55);
#8182 = AXIS2_PLACEMENT_3D('',#8183,#8184,#8185);
#8183 = CARTESIAN_POINT('',(177.58,-109.2,0.));
#8184 = DIRECTION('',(-0.,0.,-1.));
#8185 = DIRECTION('',(5.1675835328E-14,-1.,-0.));
#8186 = FACE_BOUND('',#8187,.F.);
#8187 = EDGE_LOOP('',(#8188));
#8188 = ORIENTED_EDGE('',*,*,#8189,.T.);
#8189 = EDGE_CURVE('',#8190,#8190,#8192,.T.);
#8190 = VERTEX_POINT('',#8191);
#8191 = CARTESIAN_POINT('',(180.12,-109.75,0.));
#8192 = CIRCLE('',#8193,0.55);
#8193 = AXIS2_PLACEMENT_3D('',#8194,#8195,#8196);
#8194 = CARTESIAN_POINT('',(180.12,-109.2,0.));
#8195 = DIRECTION('',(-0.,0.,-1.));
#8196 = DIRECTION('',(-0.,-1.,0.));
#8197 = FACE_BOUND('',#8198,.F.);
#8198 = EDGE_LOOP('',(#8199));
#8199 = ORIENTED_EDGE('',*,*,#8200,.T.);
#8200 = EDGE_CURVE('',#8201,#8201,#8203,.T.);
#8201 = VERTEX_POINT('',#8202);
#8202 = CARTESIAN_POINT('',(182.66,-109.75,0.));
#8203 = CIRCLE('',#8204,0.55);
#8204 = AXIS2_PLACEMENT_3D('',#8205,#8206,#8207);
#8205 = CARTESIAN_POINT('',(182.66,-109.2,0.));
#8206 = DIRECTION('',(-0.,0.,-1.));
#8207 = DIRECTION('',(-5.167583532801E-14,-1.,0.));
#8208 = FACE_BOUND('',#8209,.F.);
#8209 = EDGE_LOOP('',(#8210));
#8210 = ORIENTED_EDGE('',*,*,#8211,.T.);
#8211 = EDGE_CURVE('',#8212,#8212,#8214,.T.);
#8212 = VERTEX_POINT('',#8213);
#8213 = CARTESIAN_POINT('',(181.9,-106.1,0.));
#8214 = CIRCLE('',#8215,0.5);
#8215 = AXIS2_PLACEMENT_3D('',#8216,#8217,#8218);
#8216 = CARTESIAN_POINT('',(181.9,-105.6,0.));
#8217 = DIRECTION('',(-0.,0.,-1.));
#8218 = DIRECTION('',(-0.,-1.,0.));
#8219 = FACE_BOUND('',#8220,.F.);
#8220 = EDGE_LOOP('',(#8221));
#8221 = ORIENTED_EDGE('',*,*,#8222,.T.);
#8222 = EDGE_CURVE('',#8223,#8223,#8225,.T.);
#8223 = VERTEX_POINT('',#8224);
#8224 = CARTESIAN_POINT('',(181.9,-104.,0.));
#8225 = CIRCLE('',#8226,0.4);
#8226 = AXIS2_PLACEMENT_3D('',#8227,#8228,#8229);
#8227 = CARTESIAN_POINT('',(181.9,-103.6,0.));
#8228 = DIRECTION('',(-0.,0.,-1.));
#8229 = DIRECTION('',(-0.,-1.,0.));
#8230 = FACE_BOUND('',#8231,.F.);
#8231 = EDGE_LOOP('',(#8232));
#8232 = ORIENTED_EDGE('',*,*,#8233,.T.);
#8233 = EDGE_CURVE('',#8234,#8234,#8236,.T.);
#8234 = VERTEX_POINT('',#8235);
#8235 = CARTESIAN_POINT('',(114.881958,-86.757259,0.));
#8236 = CIRCLE('',#8237,0.5);
#8237 = AXIS2_PLACEMENT_3D('',#8238,#8239,#8240);
#8238 = CARTESIAN_POINT('',(114.881958,-86.257259,0.));
#8239 = DIRECTION('',(-0.,0.,-1.));
#8240 = DIRECTION('',(-0.,-1.,0.));
#8241 = FACE_BOUND('',#8242,.F.);
#8242 = EDGE_LOOP('',(#8243));
#8243 = ORIENTED_EDGE('',*,*,#8244,.T.);
#8244 = EDGE_CURVE('',#8245,#8245,#8247,.T.);
#8245 = VERTEX_POINT('',#8246);
#8246 = CARTESIAN_POINT('',(116.51464,-84.811505,0.));
#8247 = CIRCLE('',#8248,0.5);
#8248 = AXIS2_PLACEMENT_3D('',#8249,#8250,#8251);
#8249 = CARTESIAN_POINT('',(116.51464,-84.311505,0.));
#8250 = DIRECTION('',(-0.,0.,-1.));
#8251 = DIRECTION('',(-0.,-1.,0.));
#8252 = FACE_BOUND('',#8253,.F.);
#8253 = EDGE_LOOP('',(#8254));
#8254 = ORIENTED_EDGE('',*,*,#8255,.T.);
#8255 = EDGE_CURVE('',#8256,#8256,#8258,.T.);
#8256 = VERTEX_POINT('',#8257);
#8257 = CARTESIAN_POINT('',(118.147319,-82.865753,0.));
#8258 = CIRCLE('',#8259,0.5);
#8259 = AXIS2_PLACEMENT_3D('',#8260,#8261,#8262);
#8260 = CARTESIAN_POINT('',(118.147319,-82.365753,0.));
#8261 = DIRECTION('',(-0.,0.,-1.));
#8262 = DIRECTION('',(-0.,-1.,0.));
#8263 = FACE_BOUND('',#8264,.F.);
#8264 = EDGE_LOOP('',(#8265,#8276,#8284,#8293,#8301,#8310,#8318,#8327,
    #8335,#8344,#8352,#8361,#8369,#8378,#8386,#8395));
#8265 = ORIENTED_EDGE('',*,*,#8266,.F.);
#8266 = EDGE_CURVE('',#8267,#8269,#8271,.T.);
#8267 = VERTEX_POINT('',#8268);
#8268 = CARTESIAN_POINT('',(130.4,-88.35,0.));
#8269 = VERTEX_POINT('',#8270);
#8270 = CARTESIAN_POINT('',(129.4,-89.35,0.));
#8271 = CIRCLE('',#8272,0.999999252925);
#8272 = AXIS2_PLACEMENT_3D('',#8273,#8274,#8275);
#8273 = CARTESIAN_POINT('',(130.39999925292,-89.34999925292,0.));
#8274 = DIRECTION('',(0.,0.,1.));
#8275 = DIRECTION('',(7.470757349539E-07,1.,-0.));
#8276 = ORIENTED_EDGE('',*,*,#8277,.F.);
#8277 = EDGE_CURVE('',#8278,#8267,#8280,.T.);
#8278 = VERTEX_POINT('',#8279);
#8279 = CARTESIAN_POINT('',(146.320034,-88.35,0.));
#8280 = LINE('',#8281,#8282);
#8281 = CARTESIAN_POINT('',(146.320034,-88.35,0.));
#8282 = VECTOR('',#8283,1.);
#8283 = DIRECTION('',(-1.,0.,0.));
#8284 = ORIENTED_EDGE('',*,*,#8285,.F.);
#8285 = EDGE_CURVE('',#8286,#8278,#8288,.T.);
#8286 = VERTEX_POINT('',#8287);
#8287 = CARTESIAN_POINT('',(147.320034,-89.349966,0.));
#8288 = CIRCLE('',#8289,1.000057303774);
#8289 = AXIS2_PLACEMENT_3D('',#8290,#8291,#8292);
#8290 = CARTESIAN_POINT('',(146.31997670039,-89.35005730213,0.));
#8291 = DIRECTION('',(0.,0.,1.));
#8292 = DIRECTION('',(0.999999995832,9.129690090316E-05,-0.));
#8293 = ORIENTED_EDGE('',*,*,#8294,.F.);
#8294 = EDGE_CURVE('',#8295,#8286,#8297,.T.);
#8295 = VERTEX_POINT('',#8296);
#8296 = CARTESIAN_POINT('',(147.320241,-95.399672,0.));
#8297 = LINE('',#8298,#8299);
#8298 = CARTESIAN_POINT('',(147.320241,-95.399672,0.));
#8299 = VECTOR('',#8300,1.);
#8300 = DIRECTION('',(-3.421653877002E-05,0.999999999415,0.));
#8301 = ORIENTED_EDGE('',*,*,#8302,.F.);
#8302 = EDGE_CURVE('',#8303,#8295,#8305,.T.);
#8303 = VERTEX_POINT('',#8304);
#8304 = CARTESIAN_POINT('',(149.15,-97.2,0.));
#8305 = CIRCLE('',#8306,1.829998835448);
#8306 = AXIS2_PLACEMENT_3D('',#8307,#8308,#8309);
#8307 = CARTESIAN_POINT('',(149.14999928438,-95.37000116455,0.));
#8308 = DIRECTION('',(0.,0.,-1.));
#8309 = DIRECTION('',(3.910484141628E-07,-1.,0.));
#8310 = ORIENTED_EDGE('',*,*,#8311,.F.);
#8311 = EDGE_CURVE('',#8312,#8303,#8314,.T.);
#8312 = VERTEX_POINT('',#8313);
#8313 = CARTESIAN_POINT('',(149.4,-97.2,0.));
#8314 = LINE('',#8315,#8316);
#8315 = CARTESIAN_POINT('',(149.4,-97.2,0.));
#8316 = VECTOR('',#8317,1.);
#8317 = DIRECTION('',(-1.,0.,0.));
#8318 = ORIENTED_EDGE('',*,*,#8319,.F.);
#8319 = EDGE_CURVE('',#8320,#8312,#8322,.T.);
#8320 = VERTEX_POINT('',#8321);
#8321 = CARTESIAN_POINT('',(150.4,-98.2,0.));
#8322 = CIRCLE('',#8323,0.999999252925);
#8323 = AXIS2_PLACEMENT_3D('',#8324,#8325,#8326);
#8324 = CARTESIAN_POINT('',(149.40000074707,-98.19999925292,0.));
#8325 = DIRECTION('',(0.,0.,1.));
#8326 = DIRECTION('',(1.,-7.470757633756E-07,0.));
#8327 = ORIENTED_EDGE('',*,*,#8328,.F.);
#8328 = EDGE_CURVE('',#8329,#8320,#8331,.T.);
#8329 = VERTEX_POINT('',#8330);
#8330 = CARTESIAN_POINT('',(150.4,-108.4,0.));
#8331 = LINE('',#8332,#8333);
#8332 = CARTESIAN_POINT('',(150.4,-108.4,0.));
#8333 = VECTOR('',#8334,1.);
#8334 = DIRECTION('',(0.,1.,0.));
#8335 = ORIENTED_EDGE('',*,*,#8336,.F.);
#8336 = EDGE_CURVE('',#8337,#8329,#8339,.T.);
#8337 = VERTEX_POINT('',#8338);
#8338 = CARTESIAN_POINT('',(149.4,-109.4,0.));
#8339 = CIRCLE('',#8340,0.999999252925);
#8340 = AXIS2_PLACEMENT_3D('',#8341,#8342,#8343);
#8341 = CARTESIAN_POINT('',(149.40000074707,-108.400000747,0.));
#8342 = DIRECTION('',(0.,0.,1.));
#8343 = DIRECTION('',(-7.470757349539E-07,-1.,0.));
#8344 = ORIENTED_EDGE('',*,*,#8345,.F.);
#8345 = EDGE_CURVE('',#8346,#8337,#8348,.T.);
#8346 = VERTEX_POINT('',#8347);
#8347 = CARTESIAN_POINT('',(149.15,-109.4,0.));
#8348 = LINE('',#8349,#8350);
#8349 = CARTESIAN_POINT('',(149.15,-109.4,0.));
#8350 = VECTOR('',#8351,1.);
#8351 = DIRECTION('',(1.,0.,0.));
#8352 = ORIENTED_EDGE('',*,*,#8353,.F.);
#8353 = EDGE_CURVE('',#8354,#8346,#8356,.T.);
#8354 = VERTEX_POINT('',#8355);
#8355 = CARTESIAN_POINT('',(147.430143,-111.097822,0.));
#8356 = CIRCLE('',#8357,1.719999466844);
#8357 = AXIS2_PLACEMENT_3D('',#8358,#8359,#8360);
#8358 = CARTESIAN_POINT('',(149.1499994841,-111.1199994668,0.));
#8359 = DIRECTION('',(0.,0.,-1.));
#8360 = DIRECTION('',(-0.999916870473,1.28938800691E-02,0.));
#8361 = ORIENTED_EDGE('',*,*,#8362,.F.);
#8362 = EDGE_CURVE('',#8363,#8354,#8365,.T.);
#8363 = VERTEX_POINT('',#8364);
#8364 = CARTESIAN_POINT('',(147.430038,-113.850038,0.));
#8365 = LINE('',#8366,#8367);
#8366 = CARTESIAN_POINT('',(147.430038,-113.850038,0.));
#8367 = VECTOR('',#8368,1.);
#8368 = DIRECTION('',(3.81510753205E-05,0.999999999272,0.));
#8369 = ORIENTED_EDGE('',*,*,#8370,.F.);
#8370 = EDGE_CURVE('',#8371,#8363,#8373,.T.);
#8371 = VERTEX_POINT('',#8372);
#8372 = CARTESIAN_POINT('',(146.430038,-114.85,0.));
#8373 = CIRCLE('',#8374,1.000000960887);
#8374 = AXIS2_PLACEMENT_3D('',#8375,#8376,#8377);
#8375 = CARTESIAN_POINT('',(146.43003703987,-113.8499990391,0.));
#8376 = DIRECTION('',(0.,0.,1.));
#8377 = DIRECTION('',(9.601273956095E-07,-1.,0.));
#8378 = ORIENTED_EDGE('',*,*,#8379,.F.);
#8379 = EDGE_CURVE('',#8380,#8371,#8382,.T.);
#8380 = VERTEX_POINT('',#8381);
#8381 = CARTESIAN_POINT('',(130.4,-114.849999,0.));
#8382 = LINE('',#8383,#8384);
#8383 = CARTESIAN_POINT('',(130.4,-114.849999,0.));
#8384 = VECTOR('',#8385,1.);
#8385 = DIRECTION('',(1.,-6.238288377577E-08,0.));
#8386 = ORIENTED_EDGE('',*,*,#8387,.F.);
#8387 = EDGE_CURVE('',#8388,#8380,#8390,.T.);
#8388 = VERTEX_POINT('',#8389);
#8389 = CARTESIAN_POINT('',(129.4,-113.849999,0.));
#8390 = CIRCLE('',#8391,1.000000960032);
#8391 = AXIS2_PLACEMENT_3D('',#8392,#8393,#8394);
#8392 = CARTESIAN_POINT('',(130.40000096003,-113.8499980399,0.));
#8393 = DIRECTION('',(0.,0.,1.));
#8394 = DIRECTION('',(-1.,-9.600304784947E-07,0.));
#8395 = ORIENTED_EDGE('',*,*,#8396,.F.);
#8396 = EDGE_CURVE('',#8269,#8388,#8397,.T.);
#8397 = LINE('',#8398,#8399);
#8398 = CARTESIAN_POINT('',(129.4,-89.35,0.));
#8399 = VECTOR('',#8400,1.);
#8400 = DIRECTION('',(0.,-1.,0.));
#8401 = FACE_BOUND('',#8402,.F.);
#8402 = EDGE_LOOP('',(#8403));
#8403 = ORIENTED_EDGE('',*,*,#8404,.F.);
#8404 = EDGE_CURVE('',#8405,#8405,#8407,.T.);
#8405 = VERTEX_POINT('',#8406);
#8406 = CARTESIAN_POINT('',(150.15,-95.37,0.));
#8407 = CIRCLE('',#8408,1.);
#8408 = AXIS2_PLACEMENT_3D('',#8409,#8410,#8411);
#8409 = CARTESIAN_POINT('',(149.15,-95.37,0.));
#8410 = DIRECTION('',(0.,0.,1.));
#8411 = DIRECTION('',(1.,0.,-0.));
#8412 = FACE_BOUND('',#8413,.F.);
#8413 = EDGE_LOOP('',(#8414));
#8414 = ORIENTED_EDGE('',*,*,#8415,.T.);
#8415 = EDGE_CURVE('',#8416,#8416,#8418,.T.);
#8416 = VERTEX_POINT('',#8417);
#8417 = CARTESIAN_POINT('',(147.4,-87.18,0.));
#8418 = CIRCLE('',#8419,0.5);
#8419 = AXIS2_PLACEMENT_3D('',#8420,#8421,#8422);
#8420 = CARTESIAN_POINT('',(147.4,-86.68,0.));
#8421 = DIRECTION('',(-0.,0.,-1.));
#8422 = DIRECTION('',(-0.,-1.,0.));
#8423 = FACE_BOUND('',#8424,.F.);
#8424 = EDGE_LOOP('',(#8425));
#8425 = ORIENTED_EDGE('',*,*,#8426,.T.);
#8426 = EDGE_CURVE('',#8427,#8427,#8429,.T.);
#8427 = VERTEX_POINT('',#8428);
#8428 = CARTESIAN_POINT('',(147.4,-84.64,0.));
#8429 = CIRCLE('',#8430,0.5);
#8430 = AXIS2_PLACEMENT_3D('',#8431,#8432,#8433);
#8431 = CARTESIAN_POINT('',(147.4,-84.14,0.));
#8432 = DIRECTION('',(-0.,0.,-1.));
#8433 = DIRECTION('',(-0.,-1.,0.));
#8434 = FACE_BOUND('',#8435,.F.);
#8435 = EDGE_LOOP('',(#8436));
#8436 = ORIENTED_EDGE('',*,*,#8437,.T.);
#8437 = EDGE_CURVE('',#8438,#8438,#8440,.T.);
#8438 = VERTEX_POINT('',#8439);
#8439 = CARTESIAN_POINT('',(119.78,-80.92,0.));
#8440 = CIRCLE('',#8441,0.5);
#8441 = AXIS2_PLACEMENT_3D('',#8442,#8443,#8444);
#8442 = CARTESIAN_POINT('',(119.78,-80.42,0.));
#8443 = DIRECTION('',(-0.,0.,-1.));
#8444 = DIRECTION('',(-0.,-1.,0.));
#8445 = FACE_BOUND('',#8446,.F.);
#8446 = EDGE_LOOP('',(#8447));
#8447 = ORIENTED_EDGE('',*,*,#8448,.T.);
#8448 = EDGE_CURVE('',#8449,#8449,#8451,.T.);
#8449 = VERTEX_POINT('',#8450);
#8450 = CARTESIAN_POINT('',(130.4,-70.95,0.));
#8451 = CIRCLE('',#8452,1.85);
#8452 = AXIS2_PLACEMENT_3D('',#8453,#8454,#8455);
#8453 = CARTESIAN_POINT('',(130.4,-69.1,0.));
#8454 = DIRECTION('',(-0.,0.,-1.));
#8455 = DIRECTION('',(-0.,-1.,0.));
#8456 = FACE_BOUND('',#8457,.F.);
#8457 = EDGE_LOOP('',(#8458));
#8458 = ORIENTED_EDGE('',*,*,#8459,.T.);
#8459 = EDGE_CURVE('',#8460,#8460,#8462,.T.);
#8460 = VERTEX_POINT('',#8461);
#8461 = CARTESIAN_POINT('',(147.4,-82.1,0.));
#8462 = CIRCLE('',#8463,0.5);
#8463 = AXIS2_PLACEMENT_3D('',#8464,#8465,#8466);
#8464 = CARTESIAN_POINT('',(147.4,-81.6,0.));
#8465 = DIRECTION('',(-0.,0.,-1.));
#8466 = DIRECTION('',(-0.,-1.,0.));
#8467 = FACE_BOUND('',#8468,.F.);
#8468 = EDGE_LOOP('',(#8469,#8480,#8489,#8497,#8506,#8515));
#8469 = ORIENTED_EDGE('',*,*,#8470,.F.);
#8470 = EDGE_CURVE('',#8471,#8473,#8475,.T.);
#8471 = VERTEX_POINT('',#8472);
#8472 = CARTESIAN_POINT('',(158.722893,-98.922893,0.));
#8473 = VERTEX_POINT('',#8474);
#8474 = CARTESIAN_POINT('',(157.722893,-99.922893,0.));
#8475 = CIRCLE('',#8476,0.999999252925);
#8476 = AXIS2_PLACEMENT_3D('',#8477,#8478,#8479);
#8477 = CARTESIAN_POINT('',(158.72289225292,-99.92289225292,0.));
#8478 = DIRECTION('',(0.,0.,1.));
#8479 = DIRECTION('',(7.470757633756E-07,1.,-0.));
#8480 = ORIENTED_EDGE('',*,*,#8481,.F.);
#8481 = EDGE_CURVE('',#8482,#8471,#8484,.T.);
#8482 = VERTEX_POINT('',#8483);
#8483 = CARTESIAN_POINT('',(159.722893,-99.922893,0.));
#8484 = CIRCLE('',#8485,0.999999252925);
#8485 = AXIS2_PLACEMENT_3D('',#8486,#8487,#8488);
#8486 = CARTESIAN_POINT('',(158.72289374707,-99.92289225292,0.));
#8487 = DIRECTION('',(0.,0.,1.));
#8488 = DIRECTION('',(1.,-7.470757633756E-07,0.));
#8489 = ORIENTED_EDGE('',*,*,#8490,.F.);
#8490 = EDGE_CURVE('',#8491,#8482,#8493,.T.);
#8491 = VERTEX_POINT('',#8492);
#8492 = CARTESIAN_POINT('',(159.722893,-102.922893,0.));
#8493 = LINE('',#8494,#8495);
#8494 = CARTESIAN_POINT('',(159.722893,-102.922893,0.));
#8495 = VECTOR('',#8496,1.);
#8496 = DIRECTION('',(0.,1.,0.));
#8497 = ORIENTED_EDGE('',*,*,#8498,.F.);
#8498 = EDGE_CURVE('',#8499,#8491,#8501,.T.);
#8499 = VERTEX_POINT('',#8500);
#8500 = CARTESIAN_POINT('',(158.722893,-103.922893,0.));
#8501 = CIRCLE('',#8502,0.999999252925);
#8502 = AXIS2_PLACEMENT_3D('',#8503,#8504,#8505);
#8503 = CARTESIAN_POINT('',(158.72289374707,-102.922893747,0.));
#8504 = DIRECTION('',(0.,0.,1.));
#8505 = DIRECTION('',(-7.470757349539E-07,-1.,0.));
#8506 = ORIENTED_EDGE('',*,*,#8507,.F.);
#8507 = EDGE_CURVE('',#8508,#8499,#8510,.T.);
#8508 = VERTEX_POINT('',#8509);
#8509 = CARTESIAN_POINT('',(157.722893,-102.922893,0.));
#8510 = CIRCLE('',#8511,0.999999252925);
#8511 = AXIS2_PLACEMENT_3D('',#8512,#8513,#8514);
#8512 = CARTESIAN_POINT('',(158.72289225292,-102.922893747,0.));
#8513 = DIRECTION('',(0.,0.,1.));
#8514 = DIRECTION('',(-1.,7.470757349539E-07,0.));
#8515 = ORIENTED_EDGE('',*,*,#8516,.F.);
#8516 = EDGE_CURVE('',#8473,#8508,#8517,.T.);
#8517 = LINE('',#8518,#8519);
#8518 = CARTESIAN_POINT('',(157.722893,-99.922893,0.));
#8519 = VECTOR('',#8520,1.);
#8520 = DIRECTION('',(0.,-1.,0.));
#8521 = FACE_BOUND('',#8522,.F.);
#8522 = EDGE_LOOP('',(#8523));
#8523 = ORIENTED_EDGE('',*,*,#8524,.T.);
#8524 = EDGE_CURVE('',#8525,#8525,#8527,.T.);
#8525 = VERTEX_POINT('',#8526);
#8526 = CARTESIAN_POINT('',(154.72,-94.51,0.));
#8527 = CIRCLE('',#8528,0.55);
#8528 = AXIS2_PLACEMENT_3D('',#8529,#8530,#8531);
#8529 = CARTESIAN_POINT('',(154.72,-93.96,0.));
#8530 = DIRECTION('',(-0.,0.,-1.));
#8531 = DIRECTION('',(-0.,-1.,0.));
#8532 = FACE_BOUND('',#8533,.F.);
#8533 = EDGE_LOOP('',(#8534));
#8534 = ORIENTED_EDGE('',*,*,#8535,.T.);
#8535 = EDGE_CURVE('',#8536,#8536,#8538,.T.);
#8536 = VERTEX_POINT('',#8537);
#8537 = CARTESIAN_POINT('',(157.26,-94.51,0.));
#8538 = CIRCLE('',#8539,0.55);
#8539 = AXIS2_PLACEMENT_3D('',#8540,#8541,#8542);
#8540 = CARTESIAN_POINT('',(157.26,-93.96,0.));
#8541 = DIRECTION('',(-0.,0.,-1.));
#8542 = DIRECTION('',(-0.,-1.,0.));
#8543 = FACE_BOUND('',#8544,.F.);
#8544 = EDGE_LOOP('',(#8545));
#8545 = ORIENTED_EDGE('',*,*,#8546,.T.);
#8546 = EDGE_CURVE('',#8547,#8547,#8549,.T.);
#8547 = VERTEX_POINT('',#8548);
#8548 = CARTESIAN_POINT('',(159.8,-94.51,0.));
#8549 = CIRCLE('',#8550,0.55);
#8550 = AXIS2_PLACEMENT_3D('',#8551,#8552,#8553);
#8551 = CARTESIAN_POINT('',(159.8,-93.96,0.));
#8552 = DIRECTION('',(-0.,0.,-1.));
#8553 = DIRECTION('',(-0.,-1.,0.));
#8554 = FACE_BOUND('',#8555,.F.);
#8555 = EDGE_LOOP('',(#8556));
#8556 = ORIENTED_EDGE('',*,*,#8557,.T.);
#8557 = EDGE_CURVE('',#8558,#8558,#8560,.T.);
#8558 = VERTEX_POINT('',#8559);
#8559 = CARTESIAN_POINT('',(162.34,-94.51,0.));
#8560 = CIRCLE('',#8561,0.55);
#8561 = AXIS2_PLACEMENT_3D('',#8562,#8563,#8564);
#8562 = CARTESIAN_POINT('',(162.34,-93.96,0.));
#8563 = DIRECTION('',(-0.,0.,-1.));
#8564 = DIRECTION('',(5.1675835328E-14,-1.,-0.));
#8565 = FACE_BOUND('',#8566,.F.);
#8566 = EDGE_LOOP('',(#8567));
#8567 = ORIENTED_EDGE('',*,*,#8568,.T.);
#8568 = EDGE_CURVE('',#8569,#8569,#8571,.T.);
#8569 = VERTEX_POINT('',#8570);
#8570 = CARTESIAN_POINT('',(164.88,-94.51,0.));
#8571 = CIRCLE('',#8572,0.55);
#8572 = AXIS2_PLACEMENT_3D('',#8573,#8574,#8575);
#8573 = CARTESIAN_POINT('',(164.88,-93.96,0.));
#8574 = DIRECTION('',(-0.,0.,-1.));
#8575 = DIRECTION('',(-0.,-1.,0.));
#8576 = FACE_BOUND('',#8577,.F.);
#8577 = EDGE_LOOP('',(#8578));
#8578 = ORIENTED_EDGE('',*,*,#8579,.T.);
#8579 = EDGE_CURVE('',#8580,#8580,#8582,.T.);
#8580 = VERTEX_POINT('',#8581);
#8581 = CARTESIAN_POINT('',(167.42,-94.51,0.));
#8582 = CIRCLE('',#8583,0.55);
#8583 = AXIS2_PLACEMENT_3D('',#8584,#8585,#8586);
#8584 = CARTESIAN_POINT('',(167.42,-93.96,0.));
#8585 = DIRECTION('',(-0.,0.,-1.));
#8586 = DIRECTION('',(-5.167583532801E-14,-1.,0.));
#8587 = FACE_BOUND('',#8588,.F.);
#8588 = EDGE_LOOP('',(#8589,#8600,#8609,#8617,#8626,#8635));
#8589 = ORIENTED_EDGE('',*,*,#8590,.F.);
#8590 = EDGE_CURVE('',#8591,#8593,#8595,.T.);
#8591 = VERTEX_POINT('',#8592);
#8592 = CARTESIAN_POINT('',(173.18,-98.88,0.));
#8593 = VERTEX_POINT('',#8594);
#8594 = CARTESIAN_POINT('',(172.18,-99.88,0.));
#8595 = CIRCLE('',#8596,0.999999252925);
#8596 = AXIS2_PLACEMENT_3D('',#8597,#8598,#8599);
#8597 = CARTESIAN_POINT('',(173.17999925292,-99.87999925292,0.));
#8598 = DIRECTION('',(0.,0.,1.));
#8599 = DIRECTION('',(7.470757349539E-07,1.,-0.));
#8600 = ORIENTED_EDGE('',*,*,#8601,.F.);
#8601 = EDGE_CURVE('',#8602,#8591,#8604,.T.);
#8602 = VERTEX_POINT('',#8603);
#8603 = CARTESIAN_POINT('',(174.18,-99.88,0.));
#8604 = CIRCLE('',#8605,0.999999252925);
#8605 = AXIS2_PLACEMENT_3D('',#8606,#8607,#8608);
#8606 = CARTESIAN_POINT('',(173.18000074707,-99.87999925292,0.));
#8607 = DIRECTION('',(0.,0.,1.));
#8608 = DIRECTION('',(1.,-7.470757065321E-07,0.));
#8609 = ORIENTED_EDGE('',*,*,#8610,.F.);
#8610 = EDGE_CURVE('',#8611,#8602,#8613,.T.);
#8611 = VERTEX_POINT('',#8612);
#8612 = CARTESIAN_POINT('',(174.18,-102.88,0.));
#8613 = LINE('',#8614,#8615);
#8614 = CARTESIAN_POINT('',(174.18,-102.88,0.));
#8615 = VECTOR('',#8616,1.);
#8616 = DIRECTION('',(0.,1.,0.));
#8617 = ORIENTED_EDGE('',*,*,#8618,.F.);
#8618 = EDGE_CURVE('',#8619,#8611,#8621,.T.);
#8619 = VERTEX_POINT('',#8620);
#8620 = CARTESIAN_POINT('',(173.18,-103.88,0.));
#8621 = CIRCLE('',#8622,0.999999252925);
#8622 = AXIS2_PLACEMENT_3D('',#8623,#8624,#8625);
#8623 = CARTESIAN_POINT('',(173.18000074707,-102.880000747,0.));
#8624 = DIRECTION('',(0.,0.,1.));
#8625 = DIRECTION('',(-7.470757065322E-07,-1.,0.));
#8626 = ORIENTED_EDGE('',*,*,#8627,.F.);
#8627 = EDGE_CURVE('',#8628,#8619,#8630,.T.);
#8628 = VERTEX_POINT('',#8629);
#8629 = CARTESIAN_POINT('',(172.18,-102.88,0.));
#8630 = CIRCLE('',#8631,0.999999252925);
#8631 = AXIS2_PLACEMENT_3D('',#8632,#8633,#8634);
#8632 = CARTESIAN_POINT('',(173.17999925292,-102.880000747,0.));
#8633 = DIRECTION('',(0.,0.,1.));
#8634 = DIRECTION('',(-1.,7.470757633756E-07,0.));
#8635 = ORIENTED_EDGE('',*,*,#8636,.F.);
#8636 = EDGE_CURVE('',#8593,#8628,#8637,.T.);
#8637 = LINE('',#8638,#8639);
#8638 = CARTESIAN_POINT('',(172.18,-99.88,0.));
#8639 = VECTOR('',#8640,1.);
#8640 = DIRECTION('',(0.,-1.,0.));
#8641 = FACE_BOUND('',#8642,.F.);
#8642 = EDGE_LOOP('',(#8643));
#8643 = ORIENTED_EDGE('',*,*,#8644,.T.);
#8644 = EDGE_CURVE('',#8645,#8645,#8647,.T.);
#8645 = VERTEX_POINT('',#8646);
#8646 = CARTESIAN_POINT('',(176.9,-100.84,0.));
#8647 = CIRCLE('',#8648,0.5);
#8648 = AXIS2_PLACEMENT_3D('',#8649,#8650,#8651);
#8649 = CARTESIAN_POINT('',(176.9,-100.34,0.));
#8650 = DIRECTION('',(-0.,0.,-1.));
#8651 = DIRECTION('',(-0.,-1.,0.));
#8652 = FACE_BOUND('',#8653,.F.);
#8653 = EDGE_LOOP('',(#8654));
#8654 = ORIENTED_EDGE('',*,*,#8655,.T.);
#8655 = EDGE_CURVE('',#8656,#8656,#8658,.T.);
#8656 = VERTEX_POINT('',#8657);
#8657 = CARTESIAN_POINT('',(176.9,-98.3,0.));
#8658 = CIRCLE('',#8659,0.5);
#8659 = AXIS2_PLACEMENT_3D('',#8660,#8661,#8662);
#8660 = CARTESIAN_POINT('',(176.9,-97.8,0.));
#8661 = DIRECTION('',(-0.,0.,-1.));
#8662 = DIRECTION('',(-0.,-1.,0.));
#8663 = FACE_BOUND('',#8664,.F.);
#8664 = EDGE_LOOP('',(#8665));
#8665 = ORIENTED_EDGE('',*,*,#8666,.T.);
#8666 = EDGE_CURVE('',#8667,#8667,#8669,.T.);
#8667 = VERTEX_POINT('',#8668);
#8668 = CARTESIAN_POINT('',(169.96,-94.51,0.));
#8669 = CIRCLE('',#8670,0.55);
#8670 = AXIS2_PLACEMENT_3D('',#8671,#8672,#8673);
#8671 = CARTESIAN_POINT('',(169.96,-93.96,0.));
#8672 = DIRECTION('',(-0.,0.,-1.));
#8673 = DIRECTION('',(5.1675835328E-14,-1.,-0.));
#8674 = FACE_BOUND('',#8675,.F.);
#8675 = EDGE_LOOP('',(#8676));
#8676 = ORIENTED_EDGE('',*,*,#8677,.T.);
#8677 = EDGE_CURVE('',#8678,#8678,#8680,.T.);
#8678 = VERTEX_POINT('',#8679);
#8679 = CARTESIAN_POINT('',(172.5,-94.51,0.));
#8680 = CIRCLE('',#8681,0.55);
#8681 = AXIS2_PLACEMENT_3D('',#8682,#8683,#8684);
#8682 = CARTESIAN_POINT('',(172.5,-93.96,0.));
#8683 = DIRECTION('',(-0.,0.,-1.));
#8684 = DIRECTION('',(-0.,-1.,0.));
#8685 = FACE_BOUND('',#8686,.F.);
#8686 = EDGE_LOOP('',(#8687));
#8687 = ORIENTED_EDGE('',*,*,#8688,.T.);
#8688 = EDGE_CURVE('',#8689,#8689,#8691,.T.);
#8689 = VERTEX_POINT('',#8690);
#8690 = CARTESIAN_POINT('',(175.04,-94.51,0.));
#8691 = CIRCLE('',#8692,0.55);
#8692 = AXIS2_PLACEMENT_3D('',#8693,#8694,#8695);
#8693 = CARTESIAN_POINT('',(175.04,-93.96,0.));
#8694 = DIRECTION('',(-0.,0.,-1.));
#8695 = DIRECTION('',(-5.167583532801E-14,-1.,0.));
#8696 = FACE_BOUND('',#8697,.F.);
#8697 = EDGE_LOOP('',(#8698));
#8698 = ORIENTED_EDGE('',*,*,#8699,.T.);
#8699 = EDGE_CURVE('',#8700,#8700,#8702,.T.);
#8700 = VERTEX_POINT('',#8701);
#8701 = CARTESIAN_POINT('',(181.9,-102.,0.));
#8702 = CIRCLE('',#8703,0.4);
#8703 = AXIS2_PLACEMENT_3D('',#8704,#8705,#8706);
#8704 = CARTESIAN_POINT('',(181.9,-101.6,0.));
#8705 = DIRECTION('',(-0.,0.,-1.));
#8706 = DIRECTION('',(-0.,-1.,0.));
#8707 = FACE_BOUND('',#8708,.F.);
#8708 = EDGE_LOOP('',(#8709));
#8709 = ORIENTED_EDGE('',*,*,#8710,.T.);
#8710 = EDGE_CURVE('',#8711,#8711,#8713,.T.);
#8711 = VERTEX_POINT('',#8712);
#8712 = CARTESIAN_POINT('',(181.9,-99.975,0.));
#8713 = CIRCLE('',#8714,0.375);
#8714 = AXIS2_PLACEMENT_3D('',#8715,#8716,#8717);
#8715 = CARTESIAN_POINT('',(181.9,-99.6,0.));
#8716 = DIRECTION('',(-0.,0.,-1.));
#8717 = DIRECTION('',(-0.,-1.,0.));
#8718 = FACE_BOUND('',#8719,.F.);
#8719 = EDGE_LOOP('',(#8720));
#8720 = ORIENTED_EDGE('',*,*,#8721,.T.);
#8721 = EDGE_CURVE('',#8722,#8722,#8724,.T.);
#8722 = VERTEX_POINT('',#8723);
#8723 = CARTESIAN_POINT('',(181.9,-98.1,0.));
#8724 = CIRCLE('',#8725,0.5);
#8725 = AXIS2_PLACEMENT_3D('',#8726,#8727,#8728);
#8726 = CARTESIAN_POINT('',(181.9,-97.6,0.));
#8727 = DIRECTION('',(-0.,0.,-1.));
#8728 = DIRECTION('',(-0.,-1.,0.));
#8729 = FACE_BOUND('',#8730,.F.);
#8730 = EDGE_LOOP('',(#8731));
#8731 = ORIENTED_EDGE('',*,*,#8732,.T.);
#8732 = EDGE_CURVE('',#8733,#8733,#8735,.T.);
#8733 = VERTEX_POINT('',#8734);
#8734 = CARTESIAN_POINT('',(177.58,-94.51,0.));
#8735 = CIRCLE('',#8736,0.55);
#8736 = AXIS2_PLACEMENT_3D('',#8737,#8738,#8739);
#8737 = CARTESIAN_POINT('',(177.58,-93.96,0.));
#8738 = DIRECTION('',(-0.,0.,-1.));
#8739 = DIRECTION('',(5.1675835328E-14,-1.,-0.));
#8740 = FACE_BOUND('',#8741,.F.);
#8741 = EDGE_LOOP('',(#8742));
#8742 = ORIENTED_EDGE('',*,*,#8743,.T.);
#8743 = EDGE_CURVE('',#8744,#8744,#8746,.T.);
#8744 = VERTEX_POINT('',#8745);
#8745 = CARTESIAN_POINT('',(180.12,-94.51,0.));
#8746 = CIRCLE('',#8747,0.55);
#8747 = AXIS2_PLACEMENT_3D('',#8748,#8749,#8750);
#8748 = CARTESIAN_POINT('',(180.12,-93.96,0.));
#8749 = DIRECTION('',(-0.,0.,-1.));
#8750 = DIRECTION('',(-0.,-1.,0.));
#8751 = FACE_BOUND('',#8752,.F.);
#8752 = EDGE_LOOP('',(#8753));
#8753 = ORIENTED_EDGE('',*,*,#8754,.T.);
#8754 = EDGE_CURVE('',#8755,#8755,#8757,.T.);
#8755 = VERTEX_POINT('',#8756);
#8756 = CARTESIAN_POINT('',(182.66,-94.51,0.));
#8757 = CIRCLE('',#8758,0.55);
#8758 = AXIS2_PLACEMENT_3D('',#8759,#8760,#8761);
#8759 = CARTESIAN_POINT('',(182.66,-93.96,0.));
#8760 = DIRECTION('',(-0.,0.,-1.));
#8761 = DIRECTION('',(-5.167583532801E-14,-1.,0.));
#8762 = FACE_BOUND('',#8763,.F.);
#8763 = EDGE_LOOP('',(#8764));
#8764 = ORIENTED_EDGE('',*,*,#8765,.T.);
#8765 = EDGE_CURVE('',#8766,#8766,#8768,.T.);
#8766 = VERTEX_POINT('',#8767);
#8767 = CARTESIAN_POINT('',(176.9,-90.85,0.));
#8768 = CIRCLE('',#8769,0.5);
#8769 = AXIS2_PLACEMENT_3D('',#8770,#8771,#8772);
#8770 = CARTESIAN_POINT('',(176.9,-90.35,0.));
#8771 = DIRECTION('',(-0.,0.,-1.));
#8772 = DIRECTION('',(-0.,-1.,0.));
#8773 = FACE_BOUND('',#8774,.F.);
#8774 = EDGE_LOOP('',(#8775));
#8775 = ORIENTED_EDGE('',*,*,#8776,.T.);
#8776 = EDGE_CURVE('',#8777,#8777,#8779,.T.);
#8777 = VERTEX_POINT('',#8778);
#8778 = CARTESIAN_POINT('',(176.9,-88.75,0.));
#8779 = CIRCLE('',#8780,0.4);
#8780 = AXIS2_PLACEMENT_3D('',#8781,#8782,#8783);
#8781 = CARTESIAN_POINT('',(176.9,-88.35,0.));
#8782 = DIRECTION('',(-0.,0.,-1.));
#8783 = DIRECTION('',(-0.,-1.,0.));
#8784 = FACE_BOUND('',#8785,.F.);
#8785 = EDGE_LOOP('',(#8786));
#8786 = ORIENTED_EDGE('',*,*,#8787,.T.);
#8787 = EDGE_CURVE('',#8788,#8788,#8790,.T.);
#8788 = VERTEX_POINT('',#8789);
#8789 = CARTESIAN_POINT('',(176.9,-86.75,0.));
#8790 = CIRCLE('',#8791,0.4);
#8791 = AXIS2_PLACEMENT_3D('',#8792,#8793,#8794);
#8792 = CARTESIAN_POINT('',(176.9,-86.35,0.));
#8793 = DIRECTION('',(-0.,0.,-1.));
#8794 = DIRECTION('',(-0.,-1.,0.));
#8795 = FACE_BOUND('',#8796,.F.);
#8796 = EDGE_LOOP('',(#8797));
#8797 = ORIENTED_EDGE('',*,*,#8798,.T.);
#8798 = EDGE_CURVE('',#8799,#8799,#8801,.T.);
#8799 = VERTEX_POINT('',#8800);
#8800 = CARTESIAN_POINT('',(176.9,-84.725,0.));
#8801 = CIRCLE('',#8802,0.375);
#8802 = AXIS2_PLACEMENT_3D('',#8803,#8804,#8805);
#8803 = CARTESIAN_POINT('',(176.9,-84.35,0.));
#8804 = DIRECTION('',(-0.,0.,-1.));
#8805 = DIRECTION('',(-0.,-1.,0.));
#8806 = FACE_BOUND('',#8807,.F.);
#8807 = EDGE_LOOP('',(#8808));
#8808 = ORIENTED_EDGE('',*,*,#8809,.T.);
#8809 = EDGE_CURVE('',#8810,#8810,#8812,.T.);
#8810 = VERTEX_POINT('',#8811);
#8811 = CARTESIAN_POINT('',(176.9,-82.85,0.));
#8812 = CIRCLE('',#8813,0.5);
#8813 = AXIS2_PLACEMENT_3D('',#8814,#8815,#8816);
#8814 = CARTESIAN_POINT('',(176.9,-82.35,0.));
#8815 = DIRECTION('',(-0.,0.,-1.));
#8816 = DIRECTION('',(-0.,-1.,0.));
#8817 = FACE_BOUND('',#8818,.F.);
#8818 = EDGE_LOOP('',(#8819));
#8819 = ORIENTED_EDGE('',*,*,#8820,.F.);
#8820 = EDGE_CURVE('',#8821,#8821,#8823,.T.);
#8821 = VERTEX_POINT('',#8822);
#8822 = CARTESIAN_POINT('',(160.9,-78.6,0.));
#8823 = CIRCLE('',#8824,1.5);
#8824 = AXIS2_PLACEMENT_3D('',#8825,#8826,#8827);
#8825 = CARTESIAN_POINT('',(159.4,-78.6,0.));
#8826 = DIRECTION('',(0.,0.,1.));
#8827 = DIRECTION('',(1.,0.,-0.));
#8828 = FACE_BOUND('',#8829,.F.);
#8829 = EDGE_LOOP('',(#8830));
#8830 = ORIENTED_EDGE('',*,*,#8831,.T.);
#8831 = EDGE_CURVE('',#8832,#8832,#8834,.T.);
#8832 = VERTEX_POINT('',#8833);
#8833 = CARTESIAN_POINT('',(151.,-69.686,0.));
#8834 = CIRCLE('',#8835,1.5);
#8835 = AXIS2_PLACEMENT_3D('',#8836,#8837,#8838);
#8836 = CARTESIAN_POINT('',(151.,-68.186,0.));
#8837 = DIRECTION('',(-0.,0.,-1.));
#8838 = DIRECTION('',(-0.,-1.,0.));
#8839 = FACE_BOUND('',#8840,.F.);
#8840 = EDGE_LOOP('',(#8841));
#8841 = ORIENTED_EDGE('',*,*,#8842,.T.);
#8842 = EDGE_CURVE('',#8843,#8843,#8845,.T.);
#8843 = VERTEX_POINT('',#8844);
#8844 = CARTESIAN_POINT('',(156.,-71.886,0.));
#8845 = CIRCLE('',#8846,1.5);
#8846 = AXIS2_PLACEMENT_3D('',#8847,#8848,#8849);
#8847 = CARTESIAN_POINT('',(156.,-70.386,0.));
#8848 = DIRECTION('',(-0.,0.,-1.));
#8849 = DIRECTION('',(-0.,-1.,0.));
#8850 = FACE_BOUND('',#8851,.F.);
#8851 = EDGE_LOOP('',(#8852));
#8852 = ORIENTED_EDGE('',*,*,#8853,.T.);
#8853 = EDGE_CURVE('',#8854,#8854,#8856,.T.);
#8854 = VERTEX_POINT('',#8855);
#8855 = CARTESIAN_POINT('',(150.5,-65.2869,0.));
#8856 = CIRCLE('',#8857,0.8509);
#8857 = AXIS2_PLACEMENT_3D('',#8858,#8859,#8860);
#8858 = CARTESIAN_POINT('',(150.5,-64.436,0.));
#8859 = DIRECTION('',(-0.,0.,-1.));
#8860 = DIRECTION('',(-0.,-1.,0.));
#8861 = FACE_BOUND('',#8862,.F.);
#8862 = EDGE_LOOP('',(#8863));
#8863 = ORIENTED_EDGE('',*,*,#8864,.T.);
#8864 = EDGE_CURVE('',#8865,#8865,#8867,.T.);
#8865 = VERTEX_POINT('',#8866);
#8866 = CARTESIAN_POINT('',(156.,-66.1505,0.));
#8867 = CIRCLE('',#8868,1.7145);
#8868 = AXIS2_PLACEMENT_3D('',#8869,#8870,#8871);
#8869 = CARTESIAN_POINT('',(156.,-64.436,0.));
#8870 = DIRECTION('',(-0.,0.,-1.));
#8871 = DIRECTION('',(-0.,-1.,0.));
#8872 = FACE_BOUND('',#8873,.F.);
#8873 = EDGE_LOOP('',(#8874));
#8874 = ORIENTED_EDGE('',*,*,#8875,.T.);
#8875 = EDGE_CURVE('',#8876,#8876,#8878,.T.);
#8876 = VERTEX_POINT('',#8877);
#8877 = CARTESIAN_POINT('',(161.5,-65.2869,0.));
#8878 = CIRCLE('',#8879,0.8509);
#8879 = AXIS2_PLACEMENT_3D('',#8880,#8881,#8882);
#8880 = CARTESIAN_POINT('',(161.5,-64.436,0.));
#8881 = DIRECTION('',(-0.,0.,-1.));
#8882 = DIRECTION('',(-0.,-1.,0.));
#8883 = FACE_BOUND('',#8884,.F.);
#8884 = EDGE_LOOP('',(#8885));
#8885 = ORIENTED_EDGE('',*,*,#8886,.T.);
#8886 = EDGE_CURVE('',#8887,#8887,#8889,.T.);
#8887 = VERTEX_POINT('',#8888);
#8888 = CARTESIAN_POINT('',(169.86,-75.6,0.));
#8889 = CIRCLE('',#8890,0.5);
#8890 = AXIS2_PLACEMENT_3D('',#8891,#8892,#8893);
#8891 = CARTESIAN_POINT('',(169.86,-75.1,0.));
#8892 = DIRECTION('',(-0.,0.,-1.));
#8893 = DIRECTION('',(-0.,-1.,0.));
#8894 = FACE_BOUND('',#8895,.F.);
#8895 = EDGE_LOOP('',(#8896));
#8896 = ORIENTED_EDGE('',*,*,#8897,.T.);
#8897 = EDGE_CURVE('',#8898,#8898,#8900,.T.);
#8898 = VERTEX_POINT('',#8899);
#8899 = CARTESIAN_POINT('',(172.4,-75.6,0.));
#8900 = CIRCLE('',#8901,0.5);
#8901 = AXIS2_PLACEMENT_3D('',#8902,#8903,#8904);
#8902 = CARTESIAN_POINT('',(172.4,-75.1,0.));
#8903 = DIRECTION('',(-0.,0.,-1.));
#8904 = DIRECTION('',(-0.,-1.,0.));
#8905 = FACE_BOUND('',#8906,.F.);
#8906 = EDGE_LOOP('',(#8907));
#8907 = ORIENTED_EDGE('',*,*,#8908,.T.);
#8908 = EDGE_CURVE('',#8909,#8909,#8911,.T.);
#8909 = VERTEX_POINT('',#8910);
#8910 = CARTESIAN_POINT('',(178.148,-77.716,0.));
#8911 = CIRCLE('',#8912,0.5);
#8912 = AXIS2_PLACEMENT_3D('',#8913,#8914,#8915);
#8913 = CARTESIAN_POINT('',(178.148,-77.216,0.));
#8914 = DIRECTION('',(-0.,0.,-1.));
#8915 = DIRECTION('',(-0.,-1.,0.));
#8916 = FACE_BOUND('',#8917,.F.);
#8917 = EDGE_LOOP('',(#8918));
#8918 = ORIENTED_EDGE('',*,*,#8919,.T.);
#8919 = EDGE_CURVE('',#8920,#8920,#8922,.T.);
#8920 = VERTEX_POINT('',#8921);
#8921 = CARTESIAN_POINT('',(180.688,-77.716,0.));
#8922 = CIRCLE('',#8923,0.5);
#8923 = AXIS2_PLACEMENT_3D('',#8924,#8925,#8926);
#8924 = CARTESIAN_POINT('',(180.688,-77.216,0.));
#8925 = DIRECTION('',(-0.,0.,-1.));
#8926 = DIRECTION('',(-0.,-1.,0.));
#8927 = FACE_BOUND('',#8928,.F.);
#8928 = EDGE_LOOP('',(#8929));
#8929 = ORIENTED_EDGE('',*,*,#8930,.T.);
#8930 = EDGE_CURVE('',#8931,#8931,#8933,.T.);
#8931 = VERTEX_POINT('',#8932);
#8932 = CARTESIAN_POINT('',(183.228,-77.716,0.));
#8933 = CIRCLE('',#8934,0.5);
#8934 = AXIS2_PLACEMENT_3D('',#8935,#8936,#8937);
#8935 = CARTESIAN_POINT('',(183.228,-77.216,0.));
#8936 = DIRECTION('',(-0.,0.,-1.));
#8937 = DIRECTION('',(-0.,-1.,0.));
#8938 = FACE_BOUND('',#8939,.F.);
#8939 = EDGE_LOOP('',(#8940));
#8940 = ORIENTED_EDGE('',*,*,#8941,.T.);
#8941 = EDGE_CURVE('',#8942,#8942,#8944,.T.);
#8942 = VERTEX_POINT('',#8943);
#8943 = CARTESIAN_POINT('',(185.768,-77.716,0.));
#8944 = CIRCLE('',#8945,0.5);
#8945 = AXIS2_PLACEMENT_3D('',#8946,#8947,#8948);
#8946 = CARTESIAN_POINT('',(185.768,-77.216,0.));
#8947 = DIRECTION('',(-0.,0.,-1.));
#8948 = DIRECTION('',(-0.,-1.,0.));
#8949 = FACE_BOUND('',#8950,.F.);
#8950 = EDGE_LOOP('',(#8951));
#8951 = ORIENTED_EDGE('',*,*,#8952,.T.);
#8952 = EDGE_CURVE('',#8953,#8953,#8955,.T.);
#8953 = VERTEX_POINT('',#8954);
#8954 = CARTESIAN_POINT('',(182.4028,-70.95,0.));
#8955 = CIRCLE('',#8956,1.85);
#8956 = AXIS2_PLACEMENT_3D('',#8957,#8958,#8959);
#8957 = CARTESIAN_POINT('',(182.4028,-69.1,0.));
#8958 = DIRECTION('',(-0.,0.,-1.));
#8959 = DIRECTION('',(-0.,-1.,0.));
#8960 = PLANE('',#8961);
#8961 = AXIS2_PLACEMENT_3D('',#8962,#8963,#8964);
#8962 = CARTESIAN_POINT('',(0.,0.,0.));
#8963 = DIRECTION('',(0.,0.,1.));
#8964 = DIRECTION('',(1.,0.,-0.));
#8965 = ADVANCED_FACE('',(#8966,#9063,#9074,#9085,#9096,#9107,#9118,
    #9129,#9140,#9151,#9162,#9173,#9184,#9195,#9206,#9217,#9228,#9239,
    #9250,#9261,#9272,#9283,#9294,#9305,#9316,#9327,#9338,#9349,#9360,
    #9371,#9382,#9393,#9404,#9415,#9426,#9437,#9448,#9459,#9470,#9481,
    #9492,#9503,#9514,#9525,#9536,#9547,#9685,#9696,#9707,#9718,#9729,
    #9740,#9751,#9805,#9816,#9827,#9838,#9849,#9860,#9871,#9925,#9936,
    #9947,#9958,#9969,#9980,#9991,#10002,#10013,#10024,#10035,#10046,
    #10057,#10068,#10079,#10090,#10101,#10112,#10123,#10134,#10145,
    #10156,#10167,#10178,#10189,#10200,#10211,#10222,#10233),#10244,.T.
  );
#8966 = FACE_BOUND('',#8967,.T.);
#8967 = EDGE_LOOP('',(#8968,#8969,#8970,#8979,#8987,#8996,#9004,#9013,
    #9021,#9030,#9038,#9047,#9055,#9062));
#8968 = ORIENTED_EDGE('',*,*,#7591,.F.);
#8969 = ORIENTED_EDGE('',*,*,#7633,.F.);
#8970 = ORIENTED_EDGE('',*,*,#8971,.F.);
#8971 = EDGE_CURVE('',#8972,#7626,#8974,.T.);
#8972 = VERTEX_POINT('',#8973);
#8973 = CARTESIAN_POINT('',(124.9,-59.6,1.51));
#8974 = CIRCLE('',#8975,4.999999678834);
#8975 = AXIS2_PLACEMENT_3D('',#8976,#8977,#8978);
#8976 = CARTESIAN_POINT('',(129.89999967883,-59.59999967883,1.51));
#8977 = DIRECTION('',(0.,0.,-1.));
#8978 = DIRECTION('',(-1.,-6.423314844048E-08,-0.));
#8979 = ORIENTED_EDGE('',*,*,#8980,.F.);
#8980 = EDGE_CURVE('',#8981,#8972,#8983,.T.);
#8981 = VERTEX_POINT('',#8982);
#8982 = CARTESIAN_POINT('',(124.9,-63.958709,1.51));
#8983 = LINE('',#8984,#8985);
#8984 = CARTESIAN_POINT('',(124.9,-63.958709,1.51));
#8985 = VECTOR('',#8986,1.);
#8986 = DIRECTION('',(0.,1.,0.));
#8987 = ORIENTED_EDGE('',*,*,#8988,.F.);
#8988 = EDGE_CURVE('',#8989,#8981,#8991,.T.);
#8989 = VERTEX_POINT('',#8990);
#8990 = CARTESIAN_POINT('',(119.804827,-77.294606,1.51));
#8991 = CIRCLE('',#8992,20.000010914526);
#8992 = AXIS2_PLACEMENT_3D('',#8993,#8994,#8995);
#8993 = CARTESIAN_POINT('',(104.89998908547,-63.95870545587,1.51));
#8994 = DIRECTION('',(0.,0.,1.));
#8995 = DIRECTION('',(0.745241489028,-0.666794663319,0.));
#8996 = ORIENTED_EDGE('',*,*,#8997,.F.);
#8997 = EDGE_CURVE('',#8998,#8989,#9000,.T.);
#8998 = VERTEX_POINT('',#8999);
#8999 = CARTESIAN_POINT('',(116.400001,-81.1,1.51));
#9000 = LINE('',#9001,#9002);
#9001 = CARTESIAN_POINT('',(116.400001,-81.1,1.51));
#9002 = VECTOR('',#9003,1.);
#9003 = DIRECTION('',(0.666794836572,0.745241334013,0.));
#9004 = ORIENTED_EDGE('',*,*,#9005,.F.);
#9005 = EDGE_CURVE('',#9006,#8998,#9008,.T.);
#9006 = VERTEX_POINT('',#9007);
#9007 = CARTESIAN_POINT('',(116.4,-122.1,1.51));
#9008 = CIRCLE('',#9009,30.931353333415);
#9009 = AXIS2_PLACEMENT_3D('',#9010,#9011,#9012);
#9010 = CARTESIAN_POINT('',(139.56244033341,-101.6000005649,1.51));
#9011 = DIRECTION('',(0.,0.,-1.));
#9012 = DIRECTION('',(-0.748833718452,-0.662757921197,-0.));
#9013 = ORIENTED_EDGE('',*,*,#9014,.F.);
#9014 = EDGE_CURVE('',#9015,#9006,#9017,.T.);
#9015 = VERTEX_POINT('',#9016);
#9016 = CARTESIAN_POINT('',(119.804827,-125.905394,1.51));
#9017 = LINE('',#9018,#9019);
#9018 = CARTESIAN_POINT('',(119.804827,-125.905394,1.51));
#9019 = VECTOR('',#9020,1.);
#9020 = DIRECTION('',(-0.666794945337,0.745241236696,0.));
#9021 = ORIENTED_EDGE('',*,*,#9022,.F.);
#9022 = EDGE_CURVE('',#9023,#9015,#9025,.T.);
#9023 = VERTEX_POINT('',#9024);
#9024 = CARTESIAN_POINT('',(124.9,-139.241291,1.51));
#9025 = CIRCLE('',#9026,19.999952852431);
#9026 = AXIS2_PLACEMENT_3D('',#9027,#9028,#9029);
#9027 = CARTESIAN_POINT('',(104.90004714757,-139.2412723606,1.51));
#9028 = DIRECTION('',(0.,0.,1.));
#9029 = DIRECTION('',(1.,-9.319692452497E-07,0.));
#9030 = ORIENTED_EDGE('',*,*,#9031,.F.);
#9031 = EDGE_CURVE('',#9032,#9023,#9034,.T.);
#9032 = VERTEX_POINT('',#9033);
#9033 = CARTESIAN_POINT('',(124.9,-143.6,1.51));
#9034 = LINE('',#9035,#9036);
#9035 = CARTESIAN_POINT('',(124.9,-143.6,1.51));
#9036 = VECTOR('',#9037,1.);
#9037 = DIRECTION('',(0.,1.,0.));
#9038 = ORIENTED_EDGE('',*,*,#9039,.F.);
#9039 = EDGE_CURVE('',#9040,#9032,#9042,.T.);
#9040 = VERTEX_POINT('',#9041);
#9041 = CARTESIAN_POINT('',(129.9,-148.6,1.51));
#9042 = CIRCLE('',#9043,4.999999678834);
#9043 = AXIS2_PLACEMENT_3D('',#9044,#9045,#9046);
#9044 = CARTESIAN_POINT('',(129.89999967883,-143.6000003211,1.51));
#9045 = DIRECTION('',(0.,0.,-1.));
#9046 = DIRECTION('',(6.423315270374E-08,-1.,0.));
#9047 = ORIENTED_EDGE('',*,*,#9048,.F.);
#9048 = EDGE_CURVE('',#9049,#9040,#9051,.T.);
#9049 = VERTEX_POINT('',#9050);
#9050 = CARTESIAN_POINT('',(182.4,-148.6,1.51));
#9051 = LINE('',#9052,#9053);
#9052 = CARTESIAN_POINT('',(182.4,-148.6,1.51));
#9053 = VECTOR('',#9054,1.);
#9054 = DIRECTION('',(-1.,0.,0.));
#9055 = ORIENTED_EDGE('',*,*,#9056,.F.);
#9056 = EDGE_CURVE('',#7656,#9049,#9057,.T.);
#9057 = CIRCLE('',#9058,4.878021095196);
#9058 = AXIS2_PLACEMENT_3D('',#9059,#9060,#9061);
#9059 = CARTESIAN_POINT('',(182.57025708909,-143.7249510434,1.51));
#9060 = DIRECTION('',(0.,0.,-1.));
#9061 = DIRECTION('',(0.999782865988,2.083796717206E-02,0.));
#9062 = ORIENTED_EDGE('',*,*,#7655,.F.);
#9063 = FACE_BOUND('',#9064,.T.);
#9064 = EDGE_LOOP('',(#9065));
#9065 = ORIENTED_EDGE('',*,*,#9066,.T.);
#9066 = EDGE_CURVE('',#9067,#9067,#9069,.T.);
#9067 = VERTEX_POINT('',#9068);
#9068 = CARTESIAN_POINT('',(130.4,-136.,1.51));
#9069 = CIRCLE('',#9070,1.85);
#9070 = AXIS2_PLACEMENT_3D('',#9071,#9072,#9073);
#9071 = CARTESIAN_POINT('',(130.4,-134.15,1.51));
#9072 = DIRECTION('',(-0.,0.,-1.));
#9073 = DIRECTION('',(-0.,-1.,0.));
#9074 = FACE_BOUND('',#9075,.T.);
#9075 = EDGE_LOOP('',(#9076));
#9076 = ORIENTED_EDGE('',*,*,#9077,.T.);
#9077 = EDGE_CURVE('',#9078,#9078,#9080,.T.);
#9078 = VERTEX_POINT('',#9079);
#9079 = CARTESIAN_POINT('',(119.773949,-123.286051,1.51));
#9080 = CIRCLE('',#9081,0.5);
#9081 = AXIS2_PLACEMENT_3D('',#9082,#9083,#9084);
#9082 = CARTESIAN_POINT('',(119.773949,-122.786051,1.51));
#9083 = DIRECTION('',(-0.,0.,-1.));
#9084 = DIRECTION('',(-0.,-1.,0.));
#9085 = FACE_BOUND('',#9086,.T.);
#9086 = EDGE_LOOP('',(#9087));
#9087 = ORIENTED_EDGE('',*,*,#9088,.T.);
#9088 = EDGE_CURVE('',#9089,#9089,#9091,.T.);
#9089 = VERTEX_POINT('',#9090);
#9090 = CARTESIAN_POINT('',(147.4,-122.1,1.51));
#9091 = CIRCLE('',#9092,0.5);
#9092 = AXIS2_PLACEMENT_3D('',#9093,#9094,#9095);
#9093 = CARTESIAN_POINT('',(147.4,-121.6,1.51));
#9094 = DIRECTION('',(-0.,0.,-1.));
#9095 = DIRECTION('',(-0.,-1.,0.));
#9096 = FACE_BOUND('',#9097,.T.);
#9097 = EDGE_LOOP('',(#9098));
#9098 = ORIENTED_EDGE('',*,*,#9099,.T.);
#9099 = EDGE_CURVE('',#9100,#9100,#9102,.T.);
#9100 = VERTEX_POINT('',#9101);
#9101 = CARTESIAN_POINT('',(118.141268,-121.340298,1.51));
#9102 = CIRCLE('',#9103,0.5);
#9103 = AXIS2_PLACEMENT_3D('',#9104,#9105,#9106);
#9104 = CARTESIAN_POINT('',(118.141268,-120.840298,1.51));
#9105 = DIRECTION('',(-0.,0.,-1.));
#9106 = DIRECTION('',(-0.,-1.,0.));
#9107 = FACE_BOUND('',#9108,.T.);
#9108 = EDGE_LOOP('',(#9109));
#9109 = ORIENTED_EDGE('',*,*,#9110,.T.);
#9110 = EDGE_CURVE('',#9111,#9111,#9113,.T.);
#9111 = VERTEX_POINT('',#9112);
#9112 = CARTESIAN_POINT('',(116.508589,-119.394546,1.51));
#9113 = CIRCLE('',#9114,0.5);
#9114 = AXIS2_PLACEMENT_3D('',#9115,#9116,#9117);
#9115 = CARTESIAN_POINT('',(116.508589,-118.894546,1.51));
#9116 = DIRECTION('',(-0.,0.,-1.));
#9117 = DIRECTION('',(-0.,-1.,0.));
#9118 = FACE_BOUND('',#9119,.T.);
#9119 = EDGE_LOOP('',(#9120));
#9120 = ORIENTED_EDGE('',*,*,#9121,.T.);
#9121 = EDGE_CURVE('',#9122,#9122,#9124,.T.);
#9122 = VERTEX_POINT('',#9123);
#9123 = CARTESIAN_POINT('',(114.875907,-117.448792,1.51));
#9124 = CIRCLE('',#9125,0.5);
#9125 = AXIS2_PLACEMENT_3D('',#9126,#9127,#9128);
#9126 = CARTESIAN_POINT('',(114.875907,-116.948792,1.51));
#9127 = DIRECTION('',(-0.,0.,-1.));
#9128 = DIRECTION('',(-0.,-1.,0.));
#9129 = FACE_BOUND('',#9130,.T.);
#9130 = EDGE_LOOP('',(#9131));
#9131 = ORIENTED_EDGE('',*,*,#9132,.T.);
#9132 = EDGE_CURVE('',#9133,#9133,#9135,.T.);
#9133 = VERTEX_POINT('',#9134);
#9134 = CARTESIAN_POINT('',(147.4,-119.56,1.51));
#9135 = CIRCLE('',#9136,0.5);
#9136 = AXIS2_PLACEMENT_3D('',#9137,#9138,#9139);
#9137 = CARTESIAN_POINT('',(147.4,-119.06,1.51));
#9138 = DIRECTION('',(-0.,0.,-1.));
#9139 = DIRECTION('',(-0.,-1.,0.));
#9140 = FACE_BOUND('',#9141,.T.);
#9141 = EDGE_LOOP('',(#9142));
#9142 = ORIENTED_EDGE('',*,*,#9143,.T.);
#9143 = EDGE_CURVE('',#9144,#9144,#9146,.T.);
#9144 = VERTEX_POINT('',#9145);
#9145 = CARTESIAN_POINT('',(147.4,-117.02,1.51));
#9146 = CIRCLE('',#9147,0.5);
#9147 = AXIS2_PLACEMENT_3D('',#9148,#9149,#9150);
#9148 = CARTESIAN_POINT('',(147.4,-116.52,1.51));
#9149 = DIRECTION('',(-0.,0.,-1.));
#9150 = DIRECTION('',(-0.,-1.,0.));
#9151 = FACE_BOUND('',#9152,.T.);
#9152 = EDGE_LOOP('',(#9153));
#9153 = ORIENTED_EDGE('',*,*,#9154,.F.);
#9154 = EDGE_CURVE('',#9155,#9155,#9157,.T.);
#9155 = VERTEX_POINT('',#9156);
#9156 = CARTESIAN_POINT('',(150.15,-111.12,1.51));
#9157 = CIRCLE('',#9158,1.);
#9158 = AXIS2_PLACEMENT_3D('',#9159,#9160,#9161);
#9159 = CARTESIAN_POINT('',(149.15,-111.12,1.51));
#9160 = DIRECTION('',(0.,0.,1.));
#9161 = DIRECTION('',(1.,0.,-0.));
#9162 = FACE_BOUND('',#9163,.T.);
#9163 = EDGE_LOOP('',(#9164));
#9164 = ORIENTED_EDGE('',*,*,#9165,.T.);
#9165 = EDGE_CURVE('',#9166,#9166,#9168,.T.);
#9166 = VERTEX_POINT('',#9167);
#9167 = CARTESIAN_POINT('',(150.5,-140.3149,1.51));
#9168 = CIRCLE('',#9169,0.8509);
#9169 = AXIS2_PLACEMENT_3D('',#9170,#9171,#9172);
#9170 = CARTESIAN_POINT('',(150.5,-139.464,1.51));
#9171 = DIRECTION('',(-0.,0.,-1.));
#9172 = DIRECTION('',(-0.,-1.,0.));
#9173 = FACE_BOUND('',#9174,.T.);
#9174 = EDGE_LOOP('',(#9175));
#9175 = ORIENTED_EDGE('',*,*,#9176,.T.);
#9176 = EDGE_CURVE('',#9177,#9177,#9179,.T.);
#9177 = VERTEX_POINT('',#9178);
#9178 = CARTESIAN_POINT('',(156.,-141.1785,1.51));
#9179 = CIRCLE('',#9180,1.7145);
#9180 = AXIS2_PLACEMENT_3D('',#9181,#9182,#9183);
#9181 = CARTESIAN_POINT('',(156.,-139.464,1.51));
#9182 = DIRECTION('',(-0.,0.,-1.));
#9183 = DIRECTION('',(-0.,-1.,0.));
#9184 = FACE_BOUND('',#9185,.T.);
#9185 = EDGE_LOOP('',(#9186));
#9186 = ORIENTED_EDGE('',*,*,#9187,.T.);
#9187 = EDGE_CURVE('',#9188,#9188,#9190,.T.);
#9188 = VERTEX_POINT('',#9189);
#9189 = CARTESIAN_POINT('',(156.,-135.014,1.51));
#9190 = CIRCLE('',#9191,1.5);
#9191 = AXIS2_PLACEMENT_3D('',#9192,#9193,#9194);
#9192 = CARTESIAN_POINT('',(156.,-133.514,1.51));
#9193 = DIRECTION('',(-0.,0.,-1.));
#9194 = DIRECTION('',(-0.,-1.,0.));
#9195 = FACE_BOUND('',#9196,.T.);
#9196 = EDGE_LOOP('',(#9197));
#9197 = ORIENTED_EDGE('',*,*,#9198,.T.);
#9198 = EDGE_CURVE('',#9199,#9199,#9201,.T.);
#9199 = VERTEX_POINT('',#9200);
#9200 = CARTESIAN_POINT('',(161.5,-140.3149,1.51));
#9201 = CIRCLE('',#9202,0.8509);
#9202 = AXIS2_PLACEMENT_3D('',#9203,#9204,#9205);
#9203 = CARTESIAN_POINT('',(161.5,-139.464,1.51));
#9204 = DIRECTION('',(-0.,0.,-1.));
#9205 = DIRECTION('',(-0.,-1.,0.));
#9206 = FACE_BOUND('',#9207,.T.);
#9207 = EDGE_LOOP('',(#9208));
#9208 = ORIENTED_EDGE('',*,*,#9209,.T.);
#9209 = EDGE_CURVE('',#9210,#9210,#9212,.T.);
#9210 = VERTEX_POINT('',#9211);
#9211 = CARTESIAN_POINT('',(161.,-137.214,1.51));
#9212 = CIRCLE('',#9213,1.5);
#9213 = AXIS2_PLACEMENT_3D('',#9214,#9215,#9216);
#9214 = CARTESIAN_POINT('',(161.,-135.714,1.51));
#9215 = DIRECTION('',(-0.,0.,-1.));
#9216 = DIRECTION('',(-0.,-1.,0.));
#9217 = FACE_BOUND('',#9218,.T.);
#9218 = EDGE_LOOP('',(#9219));
#9219 = ORIENTED_EDGE('',*,*,#9220,.F.);
#9220 = EDGE_CURVE('',#9221,#9221,#9223,.T.);
#9221 = VERTEX_POINT('',#9222);
#9222 = CARTESIAN_POINT('',(160.90333,-124.6,1.51));
#9223 = CIRCLE('',#9224,1.50333);
#9224 = AXIS2_PLACEMENT_3D('',#9225,#9226,#9227);
#9225 = CARTESIAN_POINT('',(159.4,-124.6,1.51));
#9226 = DIRECTION('',(0.,0.,1.));
#9227 = DIRECTION('',(1.,0.,-0.));
#9228 = FACE_BOUND('',#9229,.T.);
#9229 = EDGE_LOOP('',(#9230));
#9230 = ORIENTED_EDGE('',*,*,#9231,.T.);
#9231 = EDGE_CURVE('',#9232,#9232,#9234,.T.);
#9232 = VERTEX_POINT('',#9233);
#9233 = CARTESIAN_POINT('',(182.4472,-136.,1.51));
#9234 = CIRCLE('',#9235,1.85);
#9235 = AXIS2_PLACEMENT_3D('',#9236,#9237,#9238);
#9236 = CARTESIAN_POINT('',(182.4472,-134.15,1.51));
#9237 = DIRECTION('',(-0.,0.,-1.));
#9238 = DIRECTION('',(-0.,-1.,0.));
#9239 = FACE_BOUND('',#9240,.T.);
#9240 = EDGE_LOOP('',(#9241));
#9241 = ORIENTED_EDGE('',*,*,#9242,.T.);
#9242 = EDGE_CURVE('',#9243,#9243,#9245,.T.);
#9243 = VERTEX_POINT('',#9244);
#9244 = CARTESIAN_POINT('',(178.148,-126.484,1.51));
#9245 = CIRCLE('',#9246,0.5);
#9246 = AXIS2_PLACEMENT_3D('',#9247,#9248,#9249);
#9247 = CARTESIAN_POINT('',(178.148,-125.984,1.51));
#9248 = DIRECTION('',(-0.,0.,-1.));
#9249 = DIRECTION('',(-0.,-1.,0.));
#9250 = FACE_BOUND('',#9251,.T.);
#9251 = EDGE_LOOP('',(#9252));
#9252 = ORIENTED_EDGE('',*,*,#9253,.T.);
#9253 = EDGE_CURVE('',#9254,#9254,#9256,.T.);
#9254 = VERTEX_POINT('',#9255);
#9255 = CARTESIAN_POINT('',(180.688,-126.484,1.51));
#9256 = CIRCLE('',#9257,0.5);
#9257 = AXIS2_PLACEMENT_3D('',#9258,#9259,#9260);
#9258 = CARTESIAN_POINT('',(180.688,-125.984,1.51));
#9259 = DIRECTION('',(-0.,0.,-1.));
#9260 = DIRECTION('',(-0.,-1.,0.));
#9261 = FACE_BOUND('',#9262,.T.);
#9262 = EDGE_LOOP('',(#9263));
#9263 = ORIENTED_EDGE('',*,*,#9264,.T.);
#9264 = EDGE_CURVE('',#9265,#9265,#9267,.T.);
#9265 = VERTEX_POINT('',#9266);
#9266 = CARTESIAN_POINT('',(183.228,-126.484,1.51));
#9267 = CIRCLE('',#9268,0.5);
#9268 = AXIS2_PLACEMENT_3D('',#9269,#9270,#9271);
#9269 = CARTESIAN_POINT('',(183.228,-125.984,1.51));
#9270 = DIRECTION('',(-0.,0.,-1.));
#9271 = DIRECTION('',(-0.,-1.,0.));
#9272 = FACE_BOUND('',#9273,.T.);
#9273 = EDGE_LOOP('',(#9274));
#9274 = ORIENTED_EDGE('',*,*,#9275,.T.);
#9275 = EDGE_CURVE('',#9276,#9276,#9278,.T.);
#9276 = VERTEX_POINT('',#9277);
#9277 = CARTESIAN_POINT('',(185.768,-126.484,1.51));
#9278 = CIRCLE('',#9279,0.5);
#9279 = AXIS2_PLACEMENT_3D('',#9280,#9281,#9282);
#9280 = CARTESIAN_POINT('',(185.768,-125.984,1.51));
#9281 = DIRECTION('',(-0.,0.,-1.));
#9282 = DIRECTION('',(-0.,-1.,0.));
#9283 = FACE_BOUND('',#9284,.T.);
#9284 = EDGE_LOOP('',(#9285));
#9285 = ORIENTED_EDGE('',*,*,#9286,.T.);
#9286 = EDGE_CURVE('',#9287,#9287,#9289,.T.);
#9287 = VERTEX_POINT('',#9288);
#9288 = CARTESIAN_POINT('',(154.72,-109.75,1.51));
#9289 = CIRCLE('',#9290,0.55);
#9290 = AXIS2_PLACEMENT_3D('',#9291,#9292,#9293);
#9291 = CARTESIAN_POINT('',(154.72,-109.2,1.51));
#9292 = DIRECTION('',(-0.,0.,-1.));
#9293 = DIRECTION('',(-0.,-1.,0.));
#9294 = FACE_BOUND('',#9295,.T.);
#9295 = EDGE_LOOP('',(#9296));
#9296 = ORIENTED_EDGE('',*,*,#9297,.T.);
#9297 = EDGE_CURVE('',#9298,#9298,#9300,.T.);
#9298 = VERTEX_POINT('',#9299);
#9299 = CARTESIAN_POINT('',(157.26,-109.75,1.51));
#9300 = CIRCLE('',#9301,0.55);
#9301 = AXIS2_PLACEMENT_3D('',#9302,#9303,#9304);
#9302 = CARTESIAN_POINT('',(157.26,-109.2,1.51));
#9303 = DIRECTION('',(-0.,0.,-1.));
#9304 = DIRECTION('',(-0.,-1.,0.));
#9305 = FACE_BOUND('',#9306,.T.);
#9306 = EDGE_LOOP('',(#9307));
#9307 = ORIENTED_EDGE('',*,*,#9308,.T.);
#9308 = EDGE_CURVE('',#9309,#9309,#9311,.T.);
#9309 = VERTEX_POINT('',#9310);
#9310 = CARTESIAN_POINT('',(159.8,-109.75,1.51));
#9311 = CIRCLE('',#9312,0.55);
#9312 = AXIS2_PLACEMENT_3D('',#9313,#9314,#9315);
#9313 = CARTESIAN_POINT('',(159.8,-109.2,1.51));
#9314 = DIRECTION('',(-0.,0.,-1.));
#9315 = DIRECTION('',(-0.,-1.,0.));
#9316 = FACE_BOUND('',#9317,.T.);
#9317 = EDGE_LOOP('',(#9318));
#9318 = ORIENTED_EDGE('',*,*,#9319,.T.);
#9319 = EDGE_CURVE('',#9320,#9320,#9322,.T.);
#9320 = VERTEX_POINT('',#9321);
#9321 = CARTESIAN_POINT('',(162.34,-109.75,1.51));
#9322 = CIRCLE('',#9323,0.55);
#9323 = AXIS2_PLACEMENT_3D('',#9324,#9325,#9326);
#9324 = CARTESIAN_POINT('',(162.34,-109.2,1.51));
#9325 = DIRECTION('',(-0.,0.,-1.));
#9326 = DIRECTION('',(5.1675835328E-14,-1.,-0.));
#9327 = FACE_BOUND('',#9328,.T.);
#9328 = EDGE_LOOP('',(#9329));
#9329 = ORIENTED_EDGE('',*,*,#9330,.T.);
#9330 = EDGE_CURVE('',#9331,#9331,#9333,.T.);
#9331 = VERTEX_POINT('',#9332);
#9332 = CARTESIAN_POINT('',(164.88,-109.75,1.51));
#9333 = CIRCLE('',#9334,0.55);
#9334 = AXIS2_PLACEMENT_3D('',#9335,#9336,#9337);
#9335 = CARTESIAN_POINT('',(164.88,-109.2,1.51));
#9336 = DIRECTION('',(-0.,0.,-1.));
#9337 = DIRECTION('',(-0.,-1.,0.));
#9338 = FACE_BOUND('',#9339,.T.);
#9339 = EDGE_LOOP('',(#9340));
#9340 = ORIENTED_EDGE('',*,*,#9341,.T.);
#9341 = EDGE_CURVE('',#9342,#9342,#9344,.T.);
#9342 = VERTEX_POINT('',#9343);
#9343 = CARTESIAN_POINT('',(167.42,-109.75,1.51));
#9344 = CIRCLE('',#9345,0.55);
#9345 = AXIS2_PLACEMENT_3D('',#9346,#9347,#9348);
#9346 = CARTESIAN_POINT('',(167.42,-109.2,1.51));
#9347 = DIRECTION('',(-0.,0.,-1.));
#9348 = DIRECTION('',(-5.167583532801E-14,-1.,0.));
#9349 = FACE_BOUND('',#9350,.T.);
#9350 = EDGE_LOOP('',(#9351));
#9351 = ORIENTED_EDGE('',*,*,#9352,.T.);
#9352 = EDGE_CURVE('',#9353,#9353,#9355,.T.);
#9353 = VERTEX_POINT('',#9354);
#9354 = CARTESIAN_POINT('',(176.9,-121.85,1.51));
#9355 = CIRCLE('',#9356,0.5);
#9356 = AXIS2_PLACEMENT_3D('',#9357,#9358,#9359);
#9357 = CARTESIAN_POINT('',(176.9,-121.35,1.51));
#9358 = DIRECTION('',(-0.,0.,-1.));
#9359 = DIRECTION('',(-0.,-1.,0.));
#9360 = FACE_BOUND('',#9361,.T.);
#9361 = EDGE_LOOP('',(#9362));
#9362 = ORIENTED_EDGE('',*,*,#9363,.T.);
#9363 = EDGE_CURVE('',#9364,#9364,#9366,.T.);
#9364 = VERTEX_POINT('',#9365);
#9365 = CARTESIAN_POINT('',(176.9,-119.75,1.51));
#9366 = CIRCLE('',#9367,0.4);
#9367 = AXIS2_PLACEMENT_3D('',#9368,#9369,#9370);
#9368 = CARTESIAN_POINT('',(176.9,-119.35,1.51));
#9369 = DIRECTION('',(-0.,0.,-1.));
#9370 = DIRECTION('',(-0.,-1.,0.));
#9371 = FACE_BOUND('',#9372,.T.);
#9372 = EDGE_LOOP('',(#9373));
#9373 = ORIENTED_EDGE('',*,*,#9374,.T.);
#9374 = EDGE_CURVE('',#9375,#9375,#9377,.T.);
#9375 = VERTEX_POINT('',#9376);
#9376 = CARTESIAN_POINT('',(176.9,-117.75,1.51));
#9377 = CIRCLE('',#9378,0.4);
#9378 = AXIS2_PLACEMENT_3D('',#9379,#9380,#9381);
#9379 = CARTESIAN_POINT('',(176.9,-117.35,1.51));
#9380 = DIRECTION('',(-0.,0.,-1.));
#9381 = DIRECTION('',(-0.,-1.,0.));
#9382 = FACE_BOUND('',#9383,.T.);
#9383 = EDGE_LOOP('',(#9384));
#9384 = ORIENTED_EDGE('',*,*,#9385,.T.);
#9385 = EDGE_CURVE('',#9386,#9386,#9388,.T.);
#9386 = VERTEX_POINT('',#9387);
#9387 = CARTESIAN_POINT('',(176.9,-115.725,1.51));
#9388 = CIRCLE('',#9389,0.375);
#9389 = AXIS2_PLACEMENT_3D('',#9390,#9391,#9392);
#9390 = CARTESIAN_POINT('',(176.9,-115.35,1.51));
#9391 = DIRECTION('',(-0.,0.,-1.));
#9392 = DIRECTION('',(-0.,-1.,0.));
#9393 = FACE_BOUND('',#9394,.T.);
#9394 = EDGE_LOOP('',(#9395));
#9395 = ORIENTED_EDGE('',*,*,#9396,.T.);
#9396 = EDGE_CURVE('',#9397,#9397,#9399,.T.);
#9397 = VERTEX_POINT('',#9398);
#9398 = CARTESIAN_POINT('',(176.9,-113.85,1.51));
#9399 = CIRCLE('',#9400,0.5);
#9400 = AXIS2_PLACEMENT_3D('',#9401,#9402,#9403);
#9401 = CARTESIAN_POINT('',(176.9,-113.35,1.51));
#9402 = DIRECTION('',(-0.,0.,-1.));
#9403 = DIRECTION('',(-0.,-1.,0.));
#9404 = FACE_BOUND('',#9405,.T.);
#9405 = EDGE_LOOP('',(#9406));
#9406 = ORIENTED_EDGE('',*,*,#9407,.T.);
#9407 = EDGE_CURVE('',#9408,#9408,#9410,.T.);
#9408 = VERTEX_POINT('',#9409);
#9409 = CARTESIAN_POINT('',(169.96,-109.75,1.51));
#9410 = CIRCLE('',#9411,0.55);
#9411 = AXIS2_PLACEMENT_3D('',#9412,#9413,#9414);
#9412 = CARTESIAN_POINT('',(169.96,-109.2,1.51));
#9413 = DIRECTION('',(-0.,0.,-1.));
#9414 = DIRECTION('',(5.1675835328E-14,-1.,-0.));
#9415 = FACE_BOUND('',#9416,.T.);
#9416 = EDGE_LOOP('',(#9417));
#9417 = ORIENTED_EDGE('',*,*,#9418,.T.);
#9418 = EDGE_CURVE('',#9419,#9419,#9421,.T.);
#9419 = VERTEX_POINT('',#9420);
#9420 = CARTESIAN_POINT('',(172.5,-109.75,1.51));
#9421 = CIRCLE('',#9422,0.55);
#9422 = AXIS2_PLACEMENT_3D('',#9423,#9424,#9425);
#9423 = CARTESIAN_POINT('',(172.5,-109.2,1.51));
#9424 = DIRECTION('',(-0.,0.,-1.));
#9425 = DIRECTION('',(-0.,-1.,0.));
#9426 = FACE_BOUND('',#9427,.T.);
#9427 = EDGE_LOOP('',(#9428));
#9428 = ORIENTED_EDGE('',*,*,#9429,.T.);
#9429 = EDGE_CURVE('',#9430,#9430,#9432,.T.);
#9430 = VERTEX_POINT('',#9431);
#9431 = CARTESIAN_POINT('',(175.04,-109.75,1.51));
#9432 = CIRCLE('',#9433,0.55);
#9433 = AXIS2_PLACEMENT_3D('',#9434,#9435,#9436);
#9434 = CARTESIAN_POINT('',(175.04,-109.2,1.51));
#9435 = DIRECTION('',(-0.,0.,-1.));
#9436 = DIRECTION('',(-5.167583532801E-14,-1.,0.));
#9437 = FACE_BOUND('',#9438,.T.);
#9438 = EDGE_LOOP('',(#9439));
#9439 = ORIENTED_EDGE('',*,*,#9440,.T.);
#9440 = EDGE_CURVE('',#9441,#9441,#9443,.T.);
#9441 = VERTEX_POINT('',#9442);
#9442 = CARTESIAN_POINT('',(176.9,-105.92,1.51));
#9443 = CIRCLE('',#9444,0.5);
#9444 = AXIS2_PLACEMENT_3D('',#9445,#9446,#9447);
#9445 = CARTESIAN_POINT('',(176.9,-105.42,1.51));
#9446 = DIRECTION('',(-0.,0.,-1.));
#9447 = DIRECTION('',(-0.,-1.,0.));
#9448 = FACE_BOUND('',#9449,.T.);
#9449 = EDGE_LOOP('',(#9450));
#9450 = ORIENTED_EDGE('',*,*,#9451,.T.);
#9451 = EDGE_CURVE('',#9452,#9452,#9454,.T.);
#9452 = VERTEX_POINT('',#9453);
#9453 = CARTESIAN_POINT('',(176.9,-103.38,1.51));
#9454 = CIRCLE('',#9455,0.5);
#9455 = AXIS2_PLACEMENT_3D('',#9456,#9457,#9458);
#9456 = CARTESIAN_POINT('',(176.9,-102.88,1.51));
#9457 = DIRECTION('',(-0.,0.,-1.));
#9458 = DIRECTION('',(-0.,-1.,0.));
#9459 = FACE_BOUND('',#9460,.T.);
#9460 = EDGE_LOOP('',(#9461));
#9461 = ORIENTED_EDGE('',*,*,#9462,.T.);
#9462 = EDGE_CURVE('',#9463,#9463,#9465,.T.);
#9463 = VERTEX_POINT('',#9464);
#9464 = CARTESIAN_POINT('',(177.58,-109.75,1.51));
#9465 = CIRCLE('',#9466,0.55);
#9466 = AXIS2_PLACEMENT_3D('',#9467,#9468,#9469);
#9467 = CARTESIAN_POINT('',(177.58,-109.2,1.51));
#9468 = DIRECTION('',(-0.,0.,-1.));
#9469 = DIRECTION('',(5.1675835328E-14,-1.,-0.));
#9470 = FACE_BOUND('',#9471,.T.);
#9471 = EDGE_LOOP('',(#9472));
#9472 = ORIENTED_EDGE('',*,*,#9473,.T.);
#9473 = EDGE_CURVE('',#9474,#9474,#9476,.T.);
#9474 = VERTEX_POINT('',#9475);
#9475 = CARTESIAN_POINT('',(180.12,-109.75,1.51));
#9476 = CIRCLE('',#9477,0.55);
#9477 = AXIS2_PLACEMENT_3D('',#9478,#9479,#9480);
#9478 = CARTESIAN_POINT('',(180.12,-109.2,1.51));
#9479 = DIRECTION('',(-0.,0.,-1.));
#9480 = DIRECTION('',(-0.,-1.,0.));
#9481 = FACE_BOUND('',#9482,.T.);
#9482 = EDGE_LOOP('',(#9483));
#9483 = ORIENTED_EDGE('',*,*,#9484,.T.);
#9484 = EDGE_CURVE('',#9485,#9485,#9487,.T.);
#9485 = VERTEX_POINT('',#9486);
#9486 = CARTESIAN_POINT('',(182.66,-109.75,1.51));
#9487 = CIRCLE('',#9488,0.55);
#9488 = AXIS2_PLACEMENT_3D('',#9489,#9490,#9491);
#9489 = CARTESIAN_POINT('',(182.66,-109.2,1.51));
#9490 = DIRECTION('',(-0.,0.,-1.));
#9491 = DIRECTION('',(-5.167583532801E-14,-1.,0.));
#9492 = FACE_BOUND('',#9493,.T.);
#9493 = EDGE_LOOP('',(#9494));
#9494 = ORIENTED_EDGE('',*,*,#9495,.T.);
#9495 = EDGE_CURVE('',#9496,#9496,#9498,.T.);
#9496 = VERTEX_POINT('',#9497);
#9497 = CARTESIAN_POINT('',(181.9,-106.1,1.51));
#9498 = CIRCLE('',#9499,0.5);
#9499 = AXIS2_PLACEMENT_3D('',#9500,#9501,#9502);
#9500 = CARTESIAN_POINT('',(181.9,-105.6,1.51));
#9501 = DIRECTION('',(-0.,0.,-1.));
#9502 = DIRECTION('',(-0.,-1.,0.));
#9503 = FACE_BOUND('',#9504,.T.);
#9504 = EDGE_LOOP('',(#9505));
#9505 = ORIENTED_EDGE('',*,*,#9506,.T.);
#9506 = EDGE_CURVE('',#9507,#9507,#9509,.T.);
#9507 = VERTEX_POINT('',#9508);
#9508 = CARTESIAN_POINT('',(181.9,-104.,1.51));
#9509 = CIRCLE('',#9510,0.4);
#9510 = AXIS2_PLACEMENT_3D('',#9511,#9512,#9513);
#9511 = CARTESIAN_POINT('',(181.9,-103.6,1.51));
#9512 = DIRECTION('',(-0.,0.,-1.));
#9513 = DIRECTION('',(-0.,-1.,0.));
#9514 = FACE_BOUND('',#9515,.T.);
#9515 = EDGE_LOOP('',(#9516));
#9516 = ORIENTED_EDGE('',*,*,#9517,.T.);
#9517 = EDGE_CURVE('',#9518,#9518,#9520,.T.);
#9518 = VERTEX_POINT('',#9519);
#9519 = CARTESIAN_POINT('',(114.881958,-86.757259,1.51));
#9520 = CIRCLE('',#9521,0.5);
#9521 = AXIS2_PLACEMENT_3D('',#9522,#9523,#9524);
#9522 = CARTESIAN_POINT('',(114.881958,-86.257259,1.51));
#9523 = DIRECTION('',(-0.,0.,-1.));
#9524 = DIRECTION('',(-0.,-1.,0.));
#9525 = FACE_BOUND('',#9526,.T.);
#9526 = EDGE_LOOP('',(#9527));
#9527 = ORIENTED_EDGE('',*,*,#9528,.T.);
#9528 = EDGE_CURVE('',#9529,#9529,#9531,.T.);
#9529 = VERTEX_POINT('',#9530);
#9530 = CARTESIAN_POINT('',(116.51464,-84.811505,1.51));
#9531 = CIRCLE('',#9532,0.5);
#9532 = AXIS2_PLACEMENT_3D('',#9533,#9534,#9535);
#9533 = CARTESIAN_POINT('',(116.51464,-84.311505,1.51));
#9534 = DIRECTION('',(-0.,0.,-1.));
#9535 = DIRECTION('',(-0.,-1.,0.));
#9536 = FACE_BOUND('',#9537,.T.);
#9537 = EDGE_LOOP('',(#9538));
#9538 = ORIENTED_EDGE('',*,*,#9539,.T.);
#9539 = EDGE_CURVE('',#9540,#9540,#9542,.T.);
#9540 = VERTEX_POINT('',#9541);
#9541 = CARTESIAN_POINT('',(118.147319,-82.865753,1.51));
#9542 = CIRCLE('',#9543,0.5);
#9543 = AXIS2_PLACEMENT_3D('',#9544,#9545,#9546);
#9544 = CARTESIAN_POINT('',(118.147319,-82.365753,1.51));
#9545 = DIRECTION('',(-0.,0.,-1.));
#9546 = DIRECTION('',(-0.,-1.,0.));
#9547 = FACE_BOUND('',#9548,.T.);
#9548 = EDGE_LOOP('',(#9549,#9560,#9568,#9577,#9585,#9594,#9602,#9611,
    #9619,#9628,#9636,#9645,#9653,#9662,#9670,#9679));
#9549 = ORIENTED_EDGE('',*,*,#9550,.F.);
#9550 = EDGE_CURVE('',#9551,#9553,#9555,.T.);
#9551 = VERTEX_POINT('',#9552);
#9552 = CARTESIAN_POINT('',(130.4,-88.35,1.51));
#9553 = VERTEX_POINT('',#9554);
#9554 = CARTESIAN_POINT('',(129.4,-89.35,1.51));
#9555 = CIRCLE('',#9556,0.999999252925);
#9556 = AXIS2_PLACEMENT_3D('',#9557,#9558,#9559);
#9557 = CARTESIAN_POINT('',(130.39999925292,-89.34999925292,1.51));
#9558 = DIRECTION('',(0.,0.,1.));
#9559 = DIRECTION('',(7.470757349539E-07,1.,-0.));
#9560 = ORIENTED_EDGE('',*,*,#9561,.F.);
#9561 = EDGE_CURVE('',#9562,#9551,#9564,.T.);
#9562 = VERTEX_POINT('',#9563);
#9563 = CARTESIAN_POINT('',(146.320034,-88.35,1.51));
#9564 = LINE('',#9565,#9566);
#9565 = CARTESIAN_POINT('',(146.320034,-88.35,1.51));
#9566 = VECTOR('',#9567,1.);
#9567 = DIRECTION('',(-1.,0.,0.));
#9568 = ORIENTED_EDGE('',*,*,#9569,.F.);
#9569 = EDGE_CURVE('',#9570,#9562,#9572,.T.);
#9570 = VERTEX_POINT('',#9571);
#9571 = CARTESIAN_POINT('',(147.320034,-89.349966,1.51));
#9572 = CIRCLE('',#9573,1.000057303774);
#9573 = AXIS2_PLACEMENT_3D('',#9574,#9575,#9576);
#9574 = CARTESIAN_POINT('',(146.31997670039,-89.35005730213,1.51));
#9575 = DIRECTION('',(0.,0.,1.));
#9576 = DIRECTION('',(0.999999995832,9.129690090316E-05,-0.));
#9577 = ORIENTED_EDGE('',*,*,#9578,.F.);
#9578 = EDGE_CURVE('',#9579,#9570,#9581,.T.);
#9579 = VERTEX_POINT('',#9580);
#9580 = CARTESIAN_POINT('',(147.320241,-95.399672,1.51));
#9581 = LINE('',#9582,#9583);
#9582 = CARTESIAN_POINT('',(147.320241,-95.399672,1.51));
#9583 = VECTOR('',#9584,1.);
#9584 = DIRECTION('',(-3.421653877002E-05,0.999999999415,0.));
#9585 = ORIENTED_EDGE('',*,*,#9586,.F.);
#9586 = EDGE_CURVE('',#9587,#9579,#9589,.T.);
#9587 = VERTEX_POINT('',#9588);
#9588 = CARTESIAN_POINT('',(149.15,-97.2,1.51));
#9589 = CIRCLE('',#9590,1.829998835448);
#9590 = AXIS2_PLACEMENT_3D('',#9591,#9592,#9593);
#9591 = CARTESIAN_POINT('',(149.14999928438,-95.37000116455,1.51));
#9592 = DIRECTION('',(0.,0.,-1.));
#9593 = DIRECTION('',(3.910484141628E-07,-1.,0.));
#9594 = ORIENTED_EDGE('',*,*,#9595,.F.);
#9595 = EDGE_CURVE('',#9596,#9587,#9598,.T.);
#9596 = VERTEX_POINT('',#9597);
#9597 = CARTESIAN_POINT('',(149.4,-97.2,1.51));
#9598 = LINE('',#9599,#9600);
#9599 = CARTESIAN_POINT('',(149.4,-97.2,1.51));
#9600 = VECTOR('',#9601,1.);
#9601 = DIRECTION('',(-1.,0.,0.));
#9602 = ORIENTED_EDGE('',*,*,#9603,.F.);
#9603 = EDGE_CURVE('',#9604,#9596,#9606,.T.);
#9604 = VERTEX_POINT('',#9605);
#9605 = CARTESIAN_POINT('',(150.4,-98.2,1.51));
#9606 = CIRCLE('',#9607,0.999999252925);
#9607 = AXIS2_PLACEMENT_3D('',#9608,#9609,#9610);
#9608 = CARTESIAN_POINT('',(149.40000074707,-98.19999925292,1.51));
#9609 = DIRECTION('',(0.,0.,1.));
#9610 = DIRECTION('',(1.,-7.470757633756E-07,0.));
#9611 = ORIENTED_EDGE('',*,*,#9612,.F.);
#9612 = EDGE_CURVE('',#9613,#9604,#9615,.T.);
#9613 = VERTEX_POINT('',#9614);
#9614 = CARTESIAN_POINT('',(150.4,-108.4,1.51));
#9615 = LINE('',#9616,#9617);
#9616 = CARTESIAN_POINT('',(150.4,-108.4,1.51));
#9617 = VECTOR('',#9618,1.);
#9618 = DIRECTION('',(0.,1.,0.));
#9619 = ORIENTED_EDGE('',*,*,#9620,.F.);
#9620 = EDGE_CURVE('',#9621,#9613,#9623,.T.);
#9621 = VERTEX_POINT('',#9622);
#9622 = CARTESIAN_POINT('',(149.4,-109.4,1.51));
#9623 = CIRCLE('',#9624,0.999999252925);
#9624 = AXIS2_PLACEMENT_3D('',#9625,#9626,#9627);
#9625 = CARTESIAN_POINT('',(149.40000074707,-108.400000747,1.51));
#9626 = DIRECTION('',(0.,0.,1.));
#9627 = DIRECTION('',(-7.470757349539E-07,-1.,0.));
#9628 = ORIENTED_EDGE('',*,*,#9629,.F.);
#9629 = EDGE_CURVE('',#9630,#9621,#9632,.T.);
#9630 = VERTEX_POINT('',#9631);
#9631 = CARTESIAN_POINT('',(149.15,-109.4,1.51));
#9632 = LINE('',#9633,#9634);
#9633 = CARTESIAN_POINT('',(149.15,-109.4,1.51));
#9634 = VECTOR('',#9635,1.);
#9635 = DIRECTION('',(1.,0.,0.));
#9636 = ORIENTED_EDGE('',*,*,#9637,.F.);
#9637 = EDGE_CURVE('',#9638,#9630,#9640,.T.);
#9638 = VERTEX_POINT('',#9639);
#9639 = CARTESIAN_POINT('',(147.430143,-111.097822,1.51));
#9640 = CIRCLE('',#9641,1.719999466844);
#9641 = AXIS2_PLACEMENT_3D('',#9642,#9643,#9644);
#9642 = CARTESIAN_POINT('',(149.1499994841,-111.1199994668,1.51));
#9643 = DIRECTION('',(0.,0.,-1.));
#9644 = DIRECTION('',(-0.999916870473,1.28938800691E-02,0.));
#9645 = ORIENTED_EDGE('',*,*,#9646,.F.);
#9646 = EDGE_CURVE('',#9647,#9638,#9649,.T.);
#9647 = VERTEX_POINT('',#9648);
#9648 = CARTESIAN_POINT('',(147.430038,-113.850038,1.51));
#9649 = LINE('',#9650,#9651);
#9650 = CARTESIAN_POINT('',(147.430038,-113.850038,1.51));
#9651 = VECTOR('',#9652,1.);
#9652 = DIRECTION('',(3.81510753205E-05,0.999999999272,0.));
#9653 = ORIENTED_EDGE('',*,*,#9654,.F.);
#9654 = EDGE_CURVE('',#9655,#9647,#9657,.T.);
#9655 = VERTEX_POINT('',#9656);
#9656 = CARTESIAN_POINT('',(146.430038,-114.85,1.51));
#9657 = CIRCLE('',#9658,1.000000960887);
#9658 = AXIS2_PLACEMENT_3D('',#9659,#9660,#9661);
#9659 = CARTESIAN_POINT('',(146.43003703987,-113.8499990391,1.51));
#9660 = DIRECTION('',(0.,0.,1.));
#9661 = DIRECTION('',(9.601273956095E-07,-1.,0.));
#9662 = ORIENTED_EDGE('',*,*,#9663,.F.);
#9663 = EDGE_CURVE('',#9664,#9655,#9666,.T.);
#9664 = VERTEX_POINT('',#9665);
#9665 = CARTESIAN_POINT('',(130.4,-114.849999,1.51));
#9666 = LINE('',#9667,#9668);
#9667 = CARTESIAN_POINT('',(130.4,-114.849999,1.51));
#9668 = VECTOR('',#9669,1.);
#9669 = DIRECTION('',(1.,-6.238288377577E-08,0.));
#9670 = ORIENTED_EDGE('',*,*,#9671,.F.);
#9671 = EDGE_CURVE('',#9672,#9664,#9674,.T.);
#9672 = VERTEX_POINT('',#9673);
#9673 = CARTESIAN_POINT('',(129.4,-113.849999,1.51));
#9674 = CIRCLE('',#9675,1.000000960032);
#9675 = AXIS2_PLACEMENT_3D('',#9676,#9677,#9678);
#9676 = CARTESIAN_POINT('',(130.40000096003,-113.8499980399,1.51));
#9677 = DIRECTION('',(0.,0.,1.));
#9678 = DIRECTION('',(-1.,-9.600304784947E-07,0.));
#9679 = ORIENTED_EDGE('',*,*,#9680,.F.);
#9680 = EDGE_CURVE('',#9553,#9672,#9681,.T.);
#9681 = LINE('',#9682,#9683);
#9682 = CARTESIAN_POINT('',(129.4,-89.35,1.51));
#9683 = VECTOR('',#9684,1.);
#9684 = DIRECTION('',(0.,-1.,0.));
#9685 = FACE_BOUND('',#9686,.T.);
#9686 = EDGE_LOOP('',(#9687));
#9687 = ORIENTED_EDGE('',*,*,#9688,.F.);
#9688 = EDGE_CURVE('',#9689,#9689,#9691,.T.);
#9689 = VERTEX_POINT('',#9690);
#9690 = CARTESIAN_POINT('',(150.15,-95.37,1.51));
#9691 = CIRCLE('',#9692,1.);
#9692 = AXIS2_PLACEMENT_3D('',#9693,#9694,#9695);
#9693 = CARTESIAN_POINT('',(149.15,-95.37,1.51));
#9694 = DIRECTION('',(0.,0.,1.));
#9695 = DIRECTION('',(1.,0.,-0.));
#9696 = FACE_BOUND('',#9697,.T.);
#9697 = EDGE_LOOP('',(#9698));
#9698 = ORIENTED_EDGE('',*,*,#9699,.T.);
#9699 = EDGE_CURVE('',#9700,#9700,#9702,.T.);
#9700 = VERTEX_POINT('',#9701);
#9701 = CARTESIAN_POINT('',(147.4,-87.18,1.51));
#9702 = CIRCLE('',#9703,0.5);
#9703 = AXIS2_PLACEMENT_3D('',#9704,#9705,#9706);
#9704 = CARTESIAN_POINT('',(147.4,-86.68,1.51));
#9705 = DIRECTION('',(-0.,0.,-1.));
#9706 = DIRECTION('',(-0.,-1.,0.));
#9707 = FACE_BOUND('',#9708,.T.);
#9708 = EDGE_LOOP('',(#9709));
#9709 = ORIENTED_EDGE('',*,*,#9710,.T.);
#9710 = EDGE_CURVE('',#9711,#9711,#9713,.T.);
#9711 = VERTEX_POINT('',#9712);
#9712 = CARTESIAN_POINT('',(147.4,-84.64,1.51));
#9713 = CIRCLE('',#9714,0.5);
#9714 = AXIS2_PLACEMENT_3D('',#9715,#9716,#9717);
#9715 = CARTESIAN_POINT('',(147.4,-84.14,1.51));
#9716 = DIRECTION('',(-0.,0.,-1.));
#9717 = DIRECTION('',(-0.,-1.,0.));
#9718 = FACE_BOUND('',#9719,.T.);
#9719 = EDGE_LOOP('',(#9720));
#9720 = ORIENTED_EDGE('',*,*,#9721,.T.);
#9721 = EDGE_CURVE('',#9722,#9722,#9724,.T.);
#9722 = VERTEX_POINT('',#9723);
#9723 = CARTESIAN_POINT('',(119.78,-80.92,1.51));
#9724 = CIRCLE('',#9725,0.5);
#9725 = AXIS2_PLACEMENT_3D('',#9726,#9727,#9728);
#9726 = CARTESIAN_POINT('',(119.78,-80.42,1.51));
#9727 = DIRECTION('',(-0.,0.,-1.));
#9728 = DIRECTION('',(-0.,-1.,0.));
#9729 = FACE_BOUND('',#9730,.T.);
#9730 = EDGE_LOOP('',(#9731));
#9731 = ORIENTED_EDGE('',*,*,#9732,.T.);
#9732 = EDGE_CURVE('',#9733,#9733,#9735,.T.);
#9733 = VERTEX_POINT('',#9734);
#9734 = CARTESIAN_POINT('',(130.4,-70.95,1.51));
#9735 = CIRCLE('',#9736,1.85);
#9736 = AXIS2_PLACEMENT_3D('',#9737,#9738,#9739);
#9737 = CARTESIAN_POINT('',(130.4,-69.1,1.51));
#9738 = DIRECTION('',(-0.,0.,-1.));
#9739 = DIRECTION('',(-0.,-1.,0.));
#9740 = FACE_BOUND('',#9741,.T.);
#9741 = EDGE_LOOP('',(#9742));
#9742 = ORIENTED_EDGE('',*,*,#9743,.T.);
#9743 = EDGE_CURVE('',#9744,#9744,#9746,.T.);
#9744 = VERTEX_POINT('',#9745);
#9745 = CARTESIAN_POINT('',(147.4,-82.1,1.51));
#9746 = CIRCLE('',#9747,0.5);
#9747 = AXIS2_PLACEMENT_3D('',#9748,#9749,#9750);
#9748 = CARTESIAN_POINT('',(147.4,-81.6,1.51));
#9749 = DIRECTION('',(-0.,0.,-1.));
#9750 = DIRECTION('',(-0.,-1.,0.));
#9751 = FACE_BOUND('',#9752,.T.);
#9752 = EDGE_LOOP('',(#9753,#9764,#9773,#9781,#9790,#9799));
#9753 = ORIENTED_EDGE('',*,*,#9754,.F.);
#9754 = EDGE_CURVE('',#9755,#9757,#9759,.T.);
#9755 = VERTEX_POINT('',#9756);
#9756 = CARTESIAN_POINT('',(158.722893,-98.922893,1.51));
#9757 = VERTEX_POINT('',#9758);
#9758 = CARTESIAN_POINT('',(157.722893,-99.922893,1.51));
#9759 = CIRCLE('',#9760,0.999999252925);
#9760 = AXIS2_PLACEMENT_3D('',#9761,#9762,#9763);
#9761 = CARTESIAN_POINT('',(158.72289225292,-99.92289225292,1.51));
#9762 = DIRECTION('',(0.,0.,1.));
#9763 = DIRECTION('',(7.470757633756E-07,1.,-0.));
#9764 = ORIENTED_EDGE('',*,*,#9765,.F.);
#9765 = EDGE_CURVE('',#9766,#9755,#9768,.T.);
#9766 = VERTEX_POINT('',#9767);
#9767 = CARTESIAN_POINT('',(159.722893,-99.922893,1.51));
#9768 = CIRCLE('',#9769,0.999999252925);
#9769 = AXIS2_PLACEMENT_3D('',#9770,#9771,#9772);
#9770 = CARTESIAN_POINT('',(158.72289374707,-99.92289225292,1.51));
#9771 = DIRECTION('',(0.,0.,1.));
#9772 = DIRECTION('',(1.,-7.470757633756E-07,0.));
#9773 = ORIENTED_EDGE('',*,*,#9774,.F.);
#9774 = EDGE_CURVE('',#9775,#9766,#9777,.T.);
#9775 = VERTEX_POINT('',#9776);
#9776 = CARTESIAN_POINT('',(159.722893,-102.922893,1.51));
#9777 = LINE('',#9778,#9779);
#9778 = CARTESIAN_POINT('',(159.722893,-102.922893,1.51));
#9779 = VECTOR('',#9780,1.);
#9780 = DIRECTION('',(0.,1.,0.));
#9781 = ORIENTED_EDGE('',*,*,#9782,.F.);
#9782 = EDGE_CURVE('',#9783,#9775,#9785,.T.);
#9783 = VERTEX_POINT('',#9784);
#9784 = CARTESIAN_POINT('',(158.722893,-103.922893,1.51));
#9785 = CIRCLE('',#9786,0.999999252925);
#9786 = AXIS2_PLACEMENT_3D('',#9787,#9788,#9789);
#9787 = CARTESIAN_POINT('',(158.72289374707,-102.922893747,1.51));
#9788 = DIRECTION('',(0.,0.,1.));
#9789 = DIRECTION('',(-7.470757349539E-07,-1.,0.));
#9790 = ORIENTED_EDGE('',*,*,#9791,.F.);
#9791 = EDGE_CURVE('',#9792,#9783,#9794,.T.);
#9792 = VERTEX_POINT('',#9793);
#9793 = CARTESIAN_POINT('',(157.722893,-102.922893,1.51));
#9794 = CIRCLE('',#9795,0.999999252925);
#9795 = AXIS2_PLACEMENT_3D('',#9796,#9797,#9798);
#9796 = CARTESIAN_POINT('',(158.72289225292,-102.922893747,1.51));
#9797 = DIRECTION('',(0.,0.,1.));
#9798 = DIRECTION('',(-1.,7.470757349539E-07,0.));
#9799 = ORIENTED_EDGE('',*,*,#9800,.F.);
#9800 = EDGE_CURVE('',#9757,#9792,#9801,.T.);
#9801 = LINE('',#9802,#9803);
#9802 = CARTESIAN_POINT('',(157.722893,-99.922893,1.51));
#9803 = VECTOR('',#9804,1.);
#9804 = DIRECTION('',(0.,-1.,0.));
#9805 = FACE_BOUND('',#9806,.T.);
#9806 = EDGE_LOOP('',(#9807));
#9807 = ORIENTED_EDGE('',*,*,#9808,.T.);
#9808 = EDGE_CURVE('',#9809,#9809,#9811,.T.);
#9809 = VERTEX_POINT('',#9810);
#9810 = CARTESIAN_POINT('',(154.72,-94.51,1.51));
#9811 = CIRCLE('',#9812,0.55);
#9812 = AXIS2_PLACEMENT_3D('',#9813,#9814,#9815);
#9813 = CARTESIAN_POINT('',(154.72,-93.96,1.51));
#9814 = DIRECTION('',(-0.,0.,-1.));
#9815 = DIRECTION('',(-0.,-1.,0.));
#9816 = FACE_BOUND('',#9817,.T.);
#9817 = EDGE_LOOP('',(#9818));
#9818 = ORIENTED_EDGE('',*,*,#9819,.T.);
#9819 = EDGE_CURVE('',#9820,#9820,#9822,.T.);
#9820 = VERTEX_POINT('',#9821);
#9821 = CARTESIAN_POINT('',(157.26,-94.51,1.51));
#9822 = CIRCLE('',#9823,0.55);
#9823 = AXIS2_PLACEMENT_3D('',#9824,#9825,#9826);
#9824 = CARTESIAN_POINT('',(157.26,-93.96,1.51));
#9825 = DIRECTION('',(-0.,0.,-1.));
#9826 = DIRECTION('',(-0.,-1.,0.));
#9827 = FACE_BOUND('',#9828,.T.);
#9828 = EDGE_LOOP('',(#9829));
#9829 = ORIENTED_EDGE('',*,*,#9830,.T.);
#9830 = EDGE_CURVE('',#9831,#9831,#9833,.T.);
#9831 = VERTEX_POINT('',#9832);
#9832 = CARTESIAN_POINT('',(159.8,-94.51,1.51));
#9833 = CIRCLE('',#9834,0.55);
#9834 = AXIS2_PLACEMENT_3D('',#9835,#9836,#9837);
#9835 = CARTESIAN_POINT('',(159.8,-93.96,1.51));
#9836 = DIRECTION('',(-0.,0.,-1.));
#9837 = DIRECTION('',(-0.,-1.,0.));
#9838 = FACE_BOUND('',#9839,.T.);
#9839 = EDGE_LOOP('',(#9840));
#9840 = ORIENTED_EDGE('',*,*,#9841,.T.);
#9841 = EDGE_CURVE('',#9842,#9842,#9844,.T.);
#9842 = VERTEX_POINT('',#9843);
#9843 = CARTESIAN_POINT('',(162.34,-94.51,1.51));
#9844 = CIRCLE('',#9845,0.55);
#9845 = AXIS2_PLACEMENT_3D('',#9846,#9847,#9848);
#9846 = CARTESIAN_POINT('',(162.34,-93.96,1.51));
#9847 = DIRECTION('',(-0.,0.,-1.));
#9848 = DIRECTION('',(5.1675835328E-14,-1.,-0.));
#9849 = FACE_BOUND('',#9850,.T.);
#9850 = EDGE_LOOP('',(#9851));
#9851 = ORIENTED_EDGE('',*,*,#9852,.T.);
#9852 = EDGE_CURVE('',#9853,#9853,#9855,.T.);
#9853 = VERTEX_POINT('',#9854);
#9854 = CARTESIAN_POINT('',(164.88,-94.51,1.51));
#9855 = CIRCLE('',#9856,0.55);
#9856 = AXIS2_PLACEMENT_3D('',#9857,#9858,#9859);
#9857 = CARTESIAN_POINT('',(164.88,-93.96,1.51));
#9858 = DIRECTION('',(-0.,0.,-1.));
#9859 = DIRECTION('',(-0.,-1.,0.));
#9860 = FACE_BOUND('',#9861,.T.);
#9861 = EDGE_LOOP('',(#9862));
#9862 = ORIENTED_EDGE('',*,*,#9863,.T.);
#9863 = EDGE_CURVE('',#9864,#9864,#9866,.T.);
#9864 = VERTEX_POINT('',#9865);
#9865 = CARTESIAN_POINT('',(167.42,-94.51,1.51));
#9866 = CIRCLE('',#9867,0.55);
#9867 = AXIS2_PLACEMENT_3D('',#9868,#9869,#9870);
#9868 = CARTESIAN_POINT('',(167.42,-93.96,1.51));
#9869 = DIRECTION('',(-0.,0.,-1.));
#9870 = DIRECTION('',(-5.167583532801E-14,-1.,0.));
#9871 = FACE_BOUND('',#9872,.T.);
#9872 = EDGE_LOOP('',(#9873,#9884,#9893,#9901,#9910,#9919));
#9873 = ORIENTED_EDGE('',*,*,#9874,.F.);
#9874 = EDGE_CURVE('',#9875,#9877,#9879,.T.);
#9875 = VERTEX_POINT('',#9876);
#9876 = CARTESIAN_POINT('',(173.18,-98.88,1.51));
#9877 = VERTEX_POINT('',#9878);
#9878 = CARTESIAN_POINT('',(172.18,-99.88,1.51));
#9879 = CIRCLE('',#9880,0.999999252925);
#9880 = AXIS2_PLACEMENT_3D('',#9881,#9882,#9883);
#9881 = CARTESIAN_POINT('',(173.17999925292,-99.87999925292,1.51));
#9882 = DIRECTION('',(0.,0.,1.));
#9883 = DIRECTION('',(7.470757349539E-07,1.,-0.));
#9884 = ORIENTED_EDGE('',*,*,#9885,.F.);
#9885 = EDGE_CURVE('',#9886,#9875,#9888,.T.);
#9886 = VERTEX_POINT('',#9887);
#9887 = CARTESIAN_POINT('',(174.18,-99.88,1.51));
#9888 = CIRCLE('',#9889,0.999999252925);
#9889 = AXIS2_PLACEMENT_3D('',#9890,#9891,#9892);
#9890 = CARTESIAN_POINT('',(173.18000074707,-99.87999925292,1.51));
#9891 = DIRECTION('',(0.,0.,1.));
#9892 = DIRECTION('',(1.,-7.470757065321E-07,0.));
#9893 = ORIENTED_EDGE('',*,*,#9894,.F.);
#9894 = EDGE_CURVE('',#9895,#9886,#9897,.T.);
#9895 = VERTEX_POINT('',#9896);
#9896 = CARTESIAN_POINT('',(174.18,-102.88,1.51));
#9897 = LINE('',#9898,#9899);
#9898 = CARTESIAN_POINT('',(174.18,-102.88,1.51));
#9899 = VECTOR('',#9900,1.);
#9900 = DIRECTION('',(0.,1.,0.));
#9901 = ORIENTED_EDGE('',*,*,#9902,.F.);
#9902 = EDGE_CURVE('',#9903,#9895,#9905,.T.);
#9903 = VERTEX_POINT('',#9904);
#9904 = CARTESIAN_POINT('',(173.18,-103.88,1.51));
#9905 = CIRCLE('',#9906,0.999999252925);
#9906 = AXIS2_PLACEMENT_3D('',#9907,#9908,#9909);
#9907 = CARTESIAN_POINT('',(173.18000074707,-102.880000747,1.51));
#9908 = DIRECTION('',(0.,0.,1.));
#9909 = DIRECTION('',(-7.470757065322E-07,-1.,0.));
#9910 = ORIENTED_EDGE('',*,*,#9911,.F.);
#9911 = EDGE_CURVE('',#9912,#9903,#9914,.T.);
#9912 = VERTEX_POINT('',#9913);
#9913 = CARTESIAN_POINT('',(172.18,-102.88,1.51));
#9914 = CIRCLE('',#9915,0.999999252925);
#9915 = AXIS2_PLACEMENT_3D('',#9916,#9917,#9918);
#9916 = CARTESIAN_POINT('',(173.17999925292,-102.880000747,1.51));
#9917 = DIRECTION('',(0.,0.,1.));
#9918 = DIRECTION('',(-1.,7.470757633756E-07,0.));
#9919 = ORIENTED_EDGE('',*,*,#9920,.F.);
#9920 = EDGE_CURVE('',#9877,#9912,#9921,.T.);
#9921 = LINE('',#9922,#9923);
#9922 = CARTESIAN_POINT('',(172.18,-99.88,1.51));
#9923 = VECTOR('',#9924,1.);
#9924 = DIRECTION('',(0.,-1.,0.));
#9925 = FACE_BOUND('',#9926,.T.);
#9926 = EDGE_LOOP('',(#9927));
#9927 = ORIENTED_EDGE('',*,*,#9928,.T.);
#9928 = EDGE_CURVE('',#9929,#9929,#9931,.T.);
#9929 = VERTEX_POINT('',#9930);
#9930 = CARTESIAN_POINT('',(176.9,-100.84,1.51));
#9931 = CIRCLE('',#9932,0.5);
#9932 = AXIS2_PLACEMENT_3D('',#9933,#9934,#9935);
#9933 = CARTESIAN_POINT('',(176.9,-100.34,1.51));
#9934 = DIRECTION('',(-0.,0.,-1.));
#9935 = DIRECTION('',(-0.,-1.,0.));
#9936 = FACE_BOUND('',#9937,.T.);
#9937 = EDGE_LOOP('',(#9938));
#9938 = ORIENTED_EDGE('',*,*,#9939,.T.);
#9939 = EDGE_CURVE('',#9940,#9940,#9942,.T.);
#9940 = VERTEX_POINT('',#9941);
#9941 = CARTESIAN_POINT('',(176.9,-98.3,1.51));
#9942 = CIRCLE('',#9943,0.5);
#9943 = AXIS2_PLACEMENT_3D('',#9944,#9945,#9946);
#9944 = CARTESIAN_POINT('',(176.9,-97.8,1.51));
#9945 = DIRECTION('',(-0.,0.,-1.));
#9946 = DIRECTION('',(-0.,-1.,0.));
#9947 = FACE_BOUND('',#9948,.T.);
#9948 = EDGE_LOOP('',(#9949));
#9949 = ORIENTED_EDGE('',*,*,#9950,.T.);
#9950 = EDGE_CURVE('',#9951,#9951,#9953,.T.);
#9951 = VERTEX_POINT('',#9952);
#9952 = CARTESIAN_POINT('',(169.96,-94.51,1.51));
#9953 = CIRCLE('',#9954,0.55);
#9954 = AXIS2_PLACEMENT_3D('',#9955,#9956,#9957);
#9955 = CARTESIAN_POINT('',(169.96,-93.96,1.51));
#9956 = DIRECTION('',(-0.,0.,-1.));
#9957 = DIRECTION('',(5.1675835328E-14,-1.,-0.));
#9958 = FACE_BOUND('',#9959,.T.);
#9959 = EDGE_LOOP('',(#9960));
#9960 = ORIENTED_EDGE('',*,*,#9961,.T.);
#9961 = EDGE_CURVE('',#9962,#9962,#9964,.T.);
#9962 = VERTEX_POINT('',#9963);
#9963 = CARTESIAN_POINT('',(172.5,-94.51,1.51));
#9964 = CIRCLE('',#9965,0.55);
#9965 = AXIS2_PLACEMENT_3D('',#9966,#9967,#9968);
#9966 = CARTESIAN_POINT('',(172.5,-93.96,1.51));
#9967 = DIRECTION('',(-0.,0.,-1.));
#9968 = DIRECTION('',(-0.,-1.,0.));
#9969 = FACE_BOUND('',#9970,.T.);
#9970 = EDGE_LOOP('',(#9971));
#9971 = ORIENTED_EDGE('',*,*,#9972,.T.);
#9972 = EDGE_CURVE('',#9973,#9973,#9975,.T.);
#9973 = VERTEX_POINT('',#9974);
#9974 = CARTESIAN_POINT('',(175.04,-94.51,1.51));
#9975 = CIRCLE('',#9976,0.55);
#9976 = AXIS2_PLACEMENT_3D('',#9977,#9978,#9979);
#9977 = CARTESIAN_POINT('',(175.04,-93.96,1.51));
#9978 = DIRECTION('',(-0.,0.,-1.));
#9979 = DIRECTION('',(-5.167583532801E-14,-1.,0.));
#9980 = FACE_BOUND('',#9981,.T.);
#9981 = EDGE_LOOP('',(#9982));
#9982 = ORIENTED_EDGE('',*,*,#9983,.T.);
#9983 = EDGE_CURVE('',#9984,#9984,#9986,.T.);
#9984 = VERTEX_POINT('',#9985);
#9985 = CARTESIAN_POINT('',(181.9,-102.,1.51));
#9986 = CIRCLE('',#9987,0.4);
#9987 = AXIS2_PLACEMENT_3D('',#9988,#9989,#9990);
#9988 = CARTESIAN_POINT('',(181.9,-101.6,1.51));
#9989 = DIRECTION('',(-0.,0.,-1.));
#9990 = DIRECTION('',(-0.,-1.,0.));
#9991 = FACE_BOUND('',#9992,.T.);
#9992 = EDGE_LOOP('',(#9993));
#9993 = ORIENTED_EDGE('',*,*,#9994,.T.);
#9994 = EDGE_CURVE('',#9995,#9995,#9997,.T.);
#9995 = VERTEX_POINT('',#9996);
#9996 = CARTESIAN_POINT('',(181.9,-99.975,1.51));
#9997 = CIRCLE('',#9998,0.375);
#9998 = AXIS2_PLACEMENT_3D('',#9999,#10000,#10001);
#9999 = CARTESIAN_POINT('',(181.9,-99.6,1.51));
#10000 = DIRECTION('',(-0.,0.,-1.));
#10001 = DIRECTION('',(-0.,-1.,0.));
#10002 = FACE_BOUND('',#10003,.T.);
#10003 = EDGE_LOOP('',(#10004));
#10004 = ORIENTED_EDGE('',*,*,#10005,.T.);
#10005 = EDGE_CURVE('',#10006,#10006,#10008,.T.);
#10006 = VERTEX_POINT('',#10007);
#10007 = CARTESIAN_POINT('',(181.9,-98.1,1.51));
#10008 = CIRCLE('',#10009,0.5);
#10009 = AXIS2_PLACEMENT_3D('',#10010,#10011,#10012);
#10010 = CARTESIAN_POINT('',(181.9,-97.6,1.51));
#10011 = DIRECTION('',(-0.,0.,-1.));
#10012 = DIRECTION('',(-0.,-1.,0.));
#10013 = FACE_BOUND('',#10014,.T.);
#10014 = EDGE_LOOP('',(#10015));
#10015 = ORIENTED_EDGE('',*,*,#10016,.T.);
#10016 = EDGE_CURVE('',#10017,#10017,#10019,.T.);
#10017 = VERTEX_POINT('',#10018);
#10018 = CARTESIAN_POINT('',(177.58,-94.51,1.51));
#10019 = CIRCLE('',#10020,0.55);
#10020 = AXIS2_PLACEMENT_3D('',#10021,#10022,#10023);
#10021 = CARTESIAN_POINT('',(177.58,-93.96,1.51));
#10022 = DIRECTION('',(-0.,0.,-1.));
#10023 = DIRECTION('',(5.1675835328E-14,-1.,-0.));
#10024 = FACE_BOUND('',#10025,.T.);
#10025 = EDGE_LOOP('',(#10026));
#10026 = ORIENTED_EDGE('',*,*,#10027,.T.);
#10027 = EDGE_CURVE('',#10028,#10028,#10030,.T.);
#10028 = VERTEX_POINT('',#10029);
#10029 = CARTESIAN_POINT('',(180.12,-94.51,1.51));
#10030 = CIRCLE('',#10031,0.55);
#10031 = AXIS2_PLACEMENT_3D('',#10032,#10033,#10034);
#10032 = CARTESIAN_POINT('',(180.12,-93.96,1.51));
#10033 = DIRECTION('',(-0.,0.,-1.));
#10034 = DIRECTION('',(-0.,-1.,0.));
#10035 = FACE_BOUND('',#10036,.T.);
#10036 = EDGE_LOOP('',(#10037));
#10037 = ORIENTED_EDGE('',*,*,#10038,.T.);
#10038 = EDGE_CURVE('',#10039,#10039,#10041,.T.);
#10039 = VERTEX_POINT('',#10040);
#10040 = CARTESIAN_POINT('',(182.66,-94.51,1.51));
#10041 = CIRCLE('',#10042,0.55);
#10042 = AXIS2_PLACEMENT_3D('',#10043,#10044,#10045);
#10043 = CARTESIAN_POINT('',(182.66,-93.96,1.51));
#10044 = DIRECTION('',(-0.,0.,-1.));
#10045 = DIRECTION('',(-5.167583532801E-14,-1.,0.));
#10046 = FACE_BOUND('',#10047,.T.);
#10047 = EDGE_LOOP('',(#10048));
#10048 = ORIENTED_EDGE('',*,*,#10049,.T.);
#10049 = EDGE_CURVE('',#10050,#10050,#10052,.T.);
#10050 = VERTEX_POINT('',#10051);
#10051 = CARTESIAN_POINT('',(176.9,-90.85,1.51));
#10052 = CIRCLE('',#10053,0.5);
#10053 = AXIS2_PLACEMENT_3D('',#10054,#10055,#10056);
#10054 = CARTESIAN_POINT('',(176.9,-90.35,1.51));
#10055 = DIRECTION('',(-0.,0.,-1.));
#10056 = DIRECTION('',(-0.,-1.,0.));
#10057 = FACE_BOUND('',#10058,.T.);
#10058 = EDGE_LOOP('',(#10059));
#10059 = ORIENTED_EDGE('',*,*,#10060,.T.);
#10060 = EDGE_CURVE('',#10061,#10061,#10063,.T.);
#10061 = VERTEX_POINT('',#10062);
#10062 = CARTESIAN_POINT('',(176.9,-88.75,1.51));
#10063 = CIRCLE('',#10064,0.4);
#10064 = AXIS2_PLACEMENT_3D('',#10065,#10066,#10067);
#10065 = CARTESIAN_POINT('',(176.9,-88.35,1.51));
#10066 = DIRECTION('',(-0.,0.,-1.));
#10067 = DIRECTION('',(-0.,-1.,0.));
#10068 = FACE_BOUND('',#10069,.T.);
#10069 = EDGE_LOOP('',(#10070));
#10070 = ORIENTED_EDGE('',*,*,#10071,.T.);
#10071 = EDGE_CURVE('',#10072,#10072,#10074,.T.);
#10072 = VERTEX_POINT('',#10073);
#10073 = CARTESIAN_POINT('',(176.9,-86.75,1.51));
#10074 = CIRCLE('',#10075,0.4);
#10075 = AXIS2_PLACEMENT_3D('',#10076,#10077,#10078);
#10076 = CARTESIAN_POINT('',(176.9,-86.35,1.51));
#10077 = DIRECTION('',(-0.,0.,-1.));
#10078 = DIRECTION('',(-0.,-1.,0.));
#10079 = FACE_BOUND('',#10080,.T.);
#10080 = EDGE_LOOP('',(#10081));
#10081 = ORIENTED_EDGE('',*,*,#10082,.T.);
#10082 = EDGE_CURVE('',#10083,#10083,#10085,.T.);
#10083 = VERTEX_POINT('',#10084);
#10084 = CARTESIAN_POINT('',(176.9,-84.725,1.51));
#10085 = CIRCLE('',#10086,0.375);
#10086 = AXIS2_PLACEMENT_3D('',#10087,#10088,#10089);
#10087 = CARTESIAN_POINT('',(176.9,-84.35,1.51));
#10088 = DIRECTION('',(-0.,0.,-1.));
#10089 = DIRECTION('',(-0.,-1.,0.));
#10090 = FACE_BOUND('',#10091,.T.);
#10091 = EDGE_LOOP('',(#10092));
#10092 = ORIENTED_EDGE('',*,*,#10093,.T.);
#10093 = EDGE_CURVE('',#10094,#10094,#10096,.T.);
#10094 = VERTEX_POINT('',#10095);
#10095 = CARTESIAN_POINT('',(176.9,-82.85,1.51));
#10096 = CIRCLE('',#10097,0.5);
#10097 = AXIS2_PLACEMENT_3D('',#10098,#10099,#10100);
#10098 = CARTESIAN_POINT('',(176.9,-82.35,1.51));
#10099 = DIRECTION('',(-0.,0.,-1.));
#10100 = DIRECTION('',(-0.,-1.,0.));
#10101 = FACE_BOUND('',#10102,.T.);
#10102 = EDGE_LOOP('',(#10103));
#10103 = ORIENTED_EDGE('',*,*,#10104,.F.);
#10104 = EDGE_CURVE('',#10105,#10105,#10107,.T.);
#10105 = VERTEX_POINT('',#10106);
#10106 = CARTESIAN_POINT('',(160.9,-78.6,1.51));
#10107 = CIRCLE('',#10108,1.5);
#10108 = AXIS2_PLACEMENT_3D('',#10109,#10110,#10111);
#10109 = CARTESIAN_POINT('',(159.4,-78.6,1.51));
#10110 = DIRECTION('',(0.,0.,1.));
#10111 = DIRECTION('',(1.,0.,-0.));
#10112 = FACE_BOUND('',#10113,.T.);
#10113 = EDGE_LOOP('',(#10114));
#10114 = ORIENTED_EDGE('',*,*,#10115,.T.);
#10115 = EDGE_CURVE('',#10116,#10116,#10118,.T.);
#10116 = VERTEX_POINT('',#10117);
#10117 = CARTESIAN_POINT('',(151.,-69.686,1.51));
#10118 = CIRCLE('',#10119,1.5);
#10119 = AXIS2_PLACEMENT_3D('',#10120,#10121,#10122);
#10120 = CARTESIAN_POINT('',(151.,-68.186,1.51));
#10121 = DIRECTION('',(-0.,0.,-1.));
#10122 = DIRECTION('',(-0.,-1.,0.));
#10123 = FACE_BOUND('',#10124,.T.);
#10124 = EDGE_LOOP('',(#10125));
#10125 = ORIENTED_EDGE('',*,*,#10126,.T.);
#10126 = EDGE_CURVE('',#10127,#10127,#10129,.T.);
#10127 = VERTEX_POINT('',#10128);
#10128 = CARTESIAN_POINT('',(156.,-71.886,1.51));
#10129 = CIRCLE('',#10130,1.5);
#10130 = AXIS2_PLACEMENT_3D('',#10131,#10132,#10133);
#10131 = CARTESIAN_POINT('',(156.,-70.386,1.51));
#10132 = DIRECTION('',(-0.,0.,-1.));
#10133 = DIRECTION('',(-0.,-1.,0.));
#10134 = FACE_BOUND('',#10135,.T.);
#10135 = EDGE_LOOP('',(#10136));
#10136 = ORIENTED_EDGE('',*,*,#10137,.T.);
#10137 = EDGE_CURVE('',#10138,#10138,#10140,.T.);
#10138 = VERTEX_POINT('',#10139);
#10139 = CARTESIAN_POINT('',(150.5,-65.2869,1.51));
#10140 = CIRCLE('',#10141,0.8509);
#10141 = AXIS2_PLACEMENT_3D('',#10142,#10143,#10144);
#10142 = CARTESIAN_POINT('',(150.5,-64.436,1.51));
#10143 = DIRECTION('',(-0.,0.,-1.));
#10144 = DIRECTION('',(-0.,-1.,0.));
#10145 = FACE_BOUND('',#10146,.T.);
#10146 = EDGE_LOOP('',(#10147));
#10147 = ORIENTED_EDGE('',*,*,#10148,.T.);
#10148 = EDGE_CURVE('',#10149,#10149,#10151,.T.);
#10149 = VERTEX_POINT('',#10150);
#10150 = CARTESIAN_POINT('',(156.,-66.1505,1.51));
#10151 = CIRCLE('',#10152,1.7145);
#10152 = AXIS2_PLACEMENT_3D('',#10153,#10154,#10155);
#10153 = CARTESIAN_POINT('',(156.,-64.436,1.51));
#10154 = DIRECTION('',(-0.,0.,-1.));
#10155 = DIRECTION('',(-0.,-1.,0.));
#10156 = FACE_BOUND('',#10157,.T.);
#10157 = EDGE_LOOP('',(#10158));
#10158 = ORIENTED_EDGE('',*,*,#10159,.T.);
#10159 = EDGE_CURVE('',#10160,#10160,#10162,.T.);
#10160 = VERTEX_POINT('',#10161);
#10161 = CARTESIAN_POINT('',(161.5,-65.2869,1.51));
#10162 = CIRCLE('',#10163,0.8509);
#10163 = AXIS2_PLACEMENT_3D('',#10164,#10165,#10166);
#10164 = CARTESIAN_POINT('',(161.5,-64.436,1.51));
#10165 = DIRECTION('',(-0.,0.,-1.));
#10166 = DIRECTION('',(-0.,-1.,0.));
#10167 = FACE_BOUND('',#10168,.T.);
#10168 = EDGE_LOOP('',(#10169));
#10169 = ORIENTED_EDGE('',*,*,#10170,.T.);
#10170 = EDGE_CURVE('',#10171,#10171,#10173,.T.);
#10171 = VERTEX_POINT('',#10172);
#10172 = CARTESIAN_POINT('',(169.86,-75.6,1.51));
#10173 = CIRCLE('',#10174,0.5);
#10174 = AXIS2_PLACEMENT_3D('',#10175,#10176,#10177);
#10175 = CARTESIAN_POINT('',(169.86,-75.1,1.51));
#10176 = DIRECTION('',(-0.,0.,-1.));
#10177 = DIRECTION('',(-0.,-1.,0.));
#10178 = FACE_BOUND('',#10179,.T.);
#10179 = EDGE_LOOP('',(#10180));
#10180 = ORIENTED_EDGE('',*,*,#10181,.T.);
#10181 = EDGE_CURVE('',#10182,#10182,#10184,.T.);
#10182 = VERTEX_POINT('',#10183);
#10183 = CARTESIAN_POINT('',(172.4,-75.6,1.51));
#10184 = CIRCLE('',#10185,0.5);
#10185 = AXIS2_PLACEMENT_3D('',#10186,#10187,#10188);
#10186 = CARTESIAN_POINT('',(172.4,-75.1,1.51));
#10187 = DIRECTION('',(-0.,0.,-1.));
#10188 = DIRECTION('',(-0.,-1.,0.));
#10189 = FACE_BOUND('',#10190,.T.);
#10190 = EDGE_LOOP('',(#10191));
#10191 = ORIENTED_EDGE('',*,*,#10192,.T.);
#10192 = EDGE_CURVE('',#10193,#10193,#10195,.T.);
#10193 = VERTEX_POINT('',#10194);
#10194 = CARTESIAN_POINT('',(178.148,-77.716,1.51));
#10195 = CIRCLE('',#10196,0.5);
#10196 = AXIS2_PLACEMENT_3D('',#10197,#10198,#10199);
#10197 = CARTESIAN_POINT('',(178.148,-77.216,1.51));
#10198 = DIRECTION('',(-0.,0.,-1.));
#10199 = DIRECTION('',(-0.,-1.,0.));
#10200 = FACE_BOUND('',#10201,.T.);
#10201 = EDGE_LOOP('',(#10202));
#10202 = ORIENTED_EDGE('',*,*,#10203,.T.);
#10203 = EDGE_CURVE('',#10204,#10204,#10206,.T.);
#10204 = VERTEX_POINT('',#10205);
#10205 = CARTESIAN_POINT('',(180.688,-77.716,1.51));
#10206 = CIRCLE('',#10207,0.5);
#10207 = AXIS2_PLACEMENT_3D('',#10208,#10209,#10210);
#10208 = CARTESIAN_POINT('',(180.688,-77.216,1.51));
#10209 = DIRECTION('',(-0.,0.,-1.));
#10210 = DIRECTION('',(-0.,-1.,0.));
#10211 = FACE_BOUND('',#10212,.T.);
#10212 = EDGE_LOOP('',(#10213));
#10213 = ORIENTED_EDGE('',*,*,#10214,.T.);
#10214 = EDGE_CURVE('',#10215,#10215,#10217,.T.);
#10215 = VERTEX_POINT('',#10216);
#10216 = CARTESIAN_POINT('',(183.228,-77.716,1.51));
#10217 = CIRCLE('',#10218,0.5);
#10218 = AXIS2_PLACEMENT_3D('',#10219,#10220,#10221);
#10219 = CARTESIAN_POINT('',(183.228,-77.216,1.51));
#10220 = DIRECTION('',(-0.,0.,-1.));
#10221 = DIRECTION('',(-0.,-1.,0.));
#10222 = FACE_BOUND('',#10223,.T.);
#10223 = EDGE_LOOP('',(#10224));
#10224 = ORIENTED_EDGE('',*,*,#10225,.T.);
#10225 = EDGE_CURVE('',#10226,#10226,#10228,.T.);
#10226 = VERTEX_POINT('',#10227);
#10227 = CARTESIAN_POINT('',(185.768,-77.716,1.51));
#10228 = CIRCLE('',#10229,0.5);
#10229 = AXIS2_PLACEMENT_3D('',#10230,#10231,#10232);
#10230 = CARTESIAN_POINT('',(185.768,-77.216,1.51));
#10231 = DIRECTION('',(-0.,0.,-1.));
#10232 = DIRECTION('',(-0.,-1.,0.));
#10233 = FACE_BOUND('',#10234,.T.);
#10234 = EDGE_LOOP('',(#10235));
#10235 = ORIENTED_EDGE('',*,*,#10236,.T.);
#10236 = EDGE_CURVE('',#10237,#10237,#10239,.T.);
#10237 = VERTEX_POINT('',#10238);
#10238 = CARTESIAN_POINT('',(182.4028,-70.95,1.51));
#10239 = CIRCLE('',#10240,1.85);
#10240 = AXIS2_PLACEMENT_3D('',#10241,#10242,#10243);
#10241 = CARTESIAN_POINT('',(182.4028,-69.1,1.51));
#10242 = DIRECTION('',(-0.,0.,-1.));
#10243 = DIRECTION('',(-0.,-1.,0.));
#10244 = PLANE('',#10245);
#10245 = AXIS2_PLACEMENT_3D('',#10246,#10247,#10248);
#10246 = CARTESIAN_POINT('',(0.,0.,1.51));
#10247 = DIRECTION('',(0.,0.,1.));
#10248 = DIRECTION('',(1.,0.,-0.));
#10249 = ADVANCED_FACE('',(#10250),#10261,.T.);
#10250 = FACE_BOUND('',#10251,.T.);
#10251 = EDGE_LOOP('',(#10252,#10258,#10259,#10260));
#10252 = ORIENTED_EDGE('',*,*,#10253,.T.);
#10253 = EDGE_CURVE('',#7688,#8972,#10254,.T.);
#10254 = LINE('',#10255,#10256);
#10255 = CARTESIAN_POINT('',(124.9,-59.6,0.));
#10256 = VECTOR('',#10257,1.);
#10257 = DIRECTION('',(0.,0.,1.));
#10258 = ORIENTED_EDGE('',*,*,#8971,.T.);
#10259 = ORIENTED_EDGE('',*,*,#7623,.F.);
#10260 = ORIENTED_EDGE('',*,*,#7687,.F.);
#10261 = CYLINDRICAL_SURFACE('',#10262,4.999999678834);
#10262 = AXIS2_PLACEMENT_3D('',#10263,#10264,#10265);
#10263 = CARTESIAN_POINT('',(129.89999967883,-59.59999967883,0.));
#10264 = DIRECTION('',(0.,0.,-1.));
#10265 = DIRECTION('',(-1.,-6.423314844048E-08,-0.));
#10266 = ADVANCED_FACE('',(#10267),#10278,.T.);
#10267 = FACE_BOUND('',#10268,.T.);
#10268 = EDGE_LOOP('',(#10269,#10270,#10271,#10277));
#10269 = ORIENTED_EDGE('',*,*,#7663,.T.);
#10270 = ORIENTED_EDGE('',*,*,#9056,.T.);
#10271 = ORIENTED_EDGE('',*,*,#10272,.F.);
#10272 = EDGE_CURVE('',#7765,#9049,#10273,.T.);
#10273 = LINE('',#10274,#10275);
#10274 = CARTESIAN_POINT('',(182.4,-148.6,0.));
#10275 = VECTOR('',#10276,1.);
#10276 = DIRECTION('',(0.,0.,1.));
#10277 = ORIENTED_EDGE('',*,*,#7772,.F.);
#10278 = CYLINDRICAL_SURFACE('',#10279,4.878021095196);
#10279 = AXIS2_PLACEMENT_3D('',#10280,#10281,#10282);
#10280 = CARTESIAN_POINT('',(182.57025708909,-143.7249510434,0.));
#10281 = DIRECTION('',(0.,0.,-1.));
#10282 = DIRECTION('',(0.999782865988,2.083796717206E-02,0.));
#10283 = ADVANCED_FACE('',(#10284),#10295,.T.);
#10284 = FACE_BOUND('',#10285,.T.);
#10285 = EDGE_LOOP('',(#10286,#10292,#10293,#10294));
#10286 = ORIENTED_EDGE('',*,*,#10287,.T.);
#10287 = EDGE_CURVE('',#7697,#8981,#10288,.T.);
#10288 = LINE('',#10289,#10290);
#10289 = CARTESIAN_POINT('',(124.9,-63.958709,0.));
#10290 = VECTOR('',#10291,1.);
#10291 = DIRECTION('',(0.,0.,1.));
#10292 = ORIENTED_EDGE('',*,*,#8980,.T.);
#10293 = ORIENTED_EDGE('',*,*,#10253,.F.);
#10294 = ORIENTED_EDGE('',*,*,#7696,.F.);
#10295 = PLANE('',#10296);
#10296 = AXIS2_PLACEMENT_3D('',#10297,#10298,#10299);
#10297 = CARTESIAN_POINT('',(124.9,-63.958709,0.));
#10298 = DIRECTION('',(-1.,0.,0.));
#10299 = DIRECTION('',(0.,1.,0.));
#10300 = ADVANCED_FACE('',(#10301),#10312,.T.);
#10301 = FACE_BOUND('',#10302,.T.);
#10302 = EDGE_LOOP('',(#10303,#10304,#10305,#10311));
#10303 = ORIENTED_EDGE('',*,*,#10272,.T.);
#10304 = ORIENTED_EDGE('',*,*,#9048,.T.);
#10305 = ORIENTED_EDGE('',*,*,#10306,.F.);
#10306 = EDGE_CURVE('',#7756,#9040,#10307,.T.);
#10307 = LINE('',#10308,#10309);
#10308 = CARTESIAN_POINT('',(129.9,-148.6,0.));
#10309 = VECTOR('',#10310,1.);
#10310 = DIRECTION('',(0.,0.,1.));
#10311 = ORIENTED_EDGE('',*,*,#7764,.F.);
#10312 = PLANE('',#10313);
#10313 = AXIS2_PLACEMENT_3D('',#10314,#10315,#10316);
#10314 = CARTESIAN_POINT('',(182.4,-148.6,0.));
#10315 = DIRECTION('',(0.,-1.,0.));
#10316 = DIRECTION('',(-1.,0.,0.));
#10317 = ADVANCED_FACE('',(#10318),#10329,.F.);
#10318 = FACE_BOUND('',#10319,.T.);
#10319 = EDGE_LOOP('',(#10320,#10326,#10327,#10328));
#10320 = ORIENTED_EDGE('',*,*,#10321,.T.);
#10321 = EDGE_CURVE('',#7705,#8989,#10322,.T.);
#10322 = LINE('',#10323,#10324);
#10323 = CARTESIAN_POINT('',(119.804827,-77.294606,0.));
#10324 = VECTOR('',#10325,1.);
#10325 = DIRECTION('',(0.,0.,1.));
#10326 = ORIENTED_EDGE('',*,*,#8988,.T.);
#10327 = ORIENTED_EDGE('',*,*,#10287,.F.);
#10328 = ORIENTED_EDGE('',*,*,#7704,.F.);
#10329 = CYLINDRICAL_SURFACE('',#10330,20.000010914526);
#10330 = AXIS2_PLACEMENT_3D('',#10331,#10332,#10333);
#10331 = CARTESIAN_POINT('',(104.89998908547,-63.95870545587,0.));
#10332 = DIRECTION('',(-0.,-0.,-1.));
#10333 = DIRECTION('',(0.745241489028,-0.666794663319,0.));
#10334 = ADVANCED_FACE('',(#10335),#10346,.T.);
#10335 = FACE_BOUND('',#10336,.T.);
#10336 = EDGE_LOOP('',(#10337,#10338,#10339,#10345));
#10337 = ORIENTED_EDGE('',*,*,#10306,.T.);
#10338 = ORIENTED_EDGE('',*,*,#9039,.T.);
#10339 = ORIENTED_EDGE('',*,*,#10340,.F.);
#10340 = EDGE_CURVE('',#7748,#9032,#10341,.T.);
#10341 = LINE('',#10342,#10343);
#10342 = CARTESIAN_POINT('',(124.9,-143.6,0.));
#10343 = VECTOR('',#10344,1.);
#10344 = DIRECTION('',(0.,0.,1.));
#10345 = ORIENTED_EDGE('',*,*,#7755,.F.);
#10346 = CYLINDRICAL_SURFACE('',#10347,4.999999678834);
#10347 = AXIS2_PLACEMENT_3D('',#10348,#10349,#10350);
#10348 = CARTESIAN_POINT('',(129.89999967883,-143.6000003211,0.));
#10349 = DIRECTION('',(0.,0.,-1.));
#10350 = DIRECTION('',(6.423315270374E-08,-1.,0.));
#10351 = ADVANCED_FACE('',(#10352),#10363,.T.);
#10352 = FACE_BOUND('',#10353,.T.);
#10353 = EDGE_LOOP('',(#10354,#10360,#10361,#10362));
#10354 = ORIENTED_EDGE('',*,*,#10355,.T.);
#10355 = EDGE_CURVE('',#7714,#8998,#10356,.T.);
#10356 = LINE('',#10357,#10358);
#10357 = CARTESIAN_POINT('',(116.400001,-81.1,0.));
#10358 = VECTOR('',#10359,1.);
#10359 = DIRECTION('',(0.,0.,1.));
#10360 = ORIENTED_EDGE('',*,*,#8997,.T.);
#10361 = ORIENTED_EDGE('',*,*,#10321,.F.);
#10362 = ORIENTED_EDGE('',*,*,#7713,.F.);
#10363 = PLANE('',#10364);
#10364 = AXIS2_PLACEMENT_3D('',#10365,#10366,#10367);
#10365 = CARTESIAN_POINT('',(116.400001,-81.1,0.));
#10366 = DIRECTION('',(-0.745241334013,0.666794836572,0.));
#10367 = DIRECTION('',(0.666794836572,0.745241334013,0.));
#10368 = ADVANCED_FACE('',(#10369),#10380,.T.);
#10369 = FACE_BOUND('',#10370,.T.);
#10370 = EDGE_LOOP('',(#10371,#10372,#10373,#10379));
#10371 = ORIENTED_EDGE('',*,*,#10340,.T.);
#10372 = ORIENTED_EDGE('',*,*,#9031,.T.);
#10373 = ORIENTED_EDGE('',*,*,#10374,.F.);
#10374 = EDGE_CURVE('',#7739,#9023,#10375,.T.);
#10375 = LINE('',#10376,#10377);
#10376 = CARTESIAN_POINT('',(124.9,-139.241291,0.));
#10377 = VECTOR('',#10378,1.);
#10378 = DIRECTION('',(0.,0.,1.));
#10379 = ORIENTED_EDGE('',*,*,#7747,.F.);
#10380 = PLANE('',#10381);
#10381 = AXIS2_PLACEMENT_3D('',#10382,#10383,#10384);
#10382 = CARTESIAN_POINT('',(124.9,-143.6,0.));
#10383 = DIRECTION('',(-1.,0.,0.));
#10384 = DIRECTION('',(0.,1.,0.));
#10385 = ADVANCED_FACE('',(#10386),#10397,.T.);
#10386 = FACE_BOUND('',#10387,.T.);
#10387 = EDGE_LOOP('',(#10388,#10394,#10395,#10396));
#10388 = ORIENTED_EDGE('',*,*,#10389,.T.);
#10389 = EDGE_CURVE('',#7722,#9006,#10390,.T.);
#10390 = LINE('',#10391,#10392);
#10391 = CARTESIAN_POINT('',(116.4,-122.1,0.));
#10392 = VECTOR('',#10393,1.);
#10393 = DIRECTION('',(0.,0.,1.));
#10394 = ORIENTED_EDGE('',*,*,#9005,.T.);
#10395 = ORIENTED_EDGE('',*,*,#10355,.F.);
#10396 = ORIENTED_EDGE('',*,*,#7721,.F.);
#10397 = CYLINDRICAL_SURFACE('',#10398,30.931353333415);
#10398 = AXIS2_PLACEMENT_3D('',#10399,#10400,#10401);
#10399 = CARTESIAN_POINT('',(139.56244033341,-101.6000005649,0.));
#10400 = DIRECTION('',(0.,0.,-1.));
#10401 = DIRECTION('',(-0.748833718452,-0.662757921197,-0.));
#10402 = ADVANCED_FACE('',(#10403),#10414,.F.);
#10403 = FACE_BOUND('',#10404,.T.);
#10404 = EDGE_LOOP('',(#10405,#10406,#10407,#10413));
#10405 = ORIENTED_EDGE('',*,*,#10374,.T.);
#10406 = ORIENTED_EDGE('',*,*,#9022,.T.);
#10407 = ORIENTED_EDGE('',*,*,#10408,.F.);
#10408 = EDGE_CURVE('',#7731,#9015,#10409,.T.);
#10409 = LINE('',#10410,#10411);
#10410 = CARTESIAN_POINT('',(119.804827,-125.905394,0.));
#10411 = VECTOR('',#10412,1.);
#10412 = DIRECTION('',(0.,0.,1.));
#10413 = ORIENTED_EDGE('',*,*,#7738,.F.);
#10414 = CYLINDRICAL_SURFACE('',#10415,19.999952852431);
#10415 = AXIS2_PLACEMENT_3D('',#10416,#10417,#10418);
#10416 = CARTESIAN_POINT('',(104.90004714757,-139.2412723606,0.));
#10417 = DIRECTION('',(-0.,-0.,-1.));
#10418 = DIRECTION('',(1.,-9.319692452497E-07,0.));
#10419 = ADVANCED_FACE('',(#10420),#10426,.T.);
#10420 = FACE_BOUND('',#10421,.T.);
#10421 = EDGE_LOOP('',(#10422,#10423,#10424,#10425));
#10422 = ORIENTED_EDGE('',*,*,#10408,.T.);
#10423 = ORIENTED_EDGE('',*,*,#9014,.T.);
#10424 = ORIENTED_EDGE('',*,*,#10389,.F.);
#10425 = ORIENTED_EDGE('',*,*,#7730,.F.);
#10426 = PLANE('',#10427);
#10427 = AXIS2_PLACEMENT_3D('',#10428,#10429,#10430);
#10428 = CARTESIAN_POINT('',(119.804827,-125.905394,0.));
#10429 = DIRECTION('',(-0.745241236696,-0.666794945337,0.));
#10430 = DIRECTION('',(-0.666794945337,0.745241236696,0.));
#10431 = ADVANCED_FACE('',(#10432),#10443,.F.);
#10432 = FACE_BOUND('',#10433,.T.);
#10433 = EDGE_LOOP('',(#10434,#10435,#10441,#10442));
#10434 = ORIENTED_EDGE('',*,*,#7782,.T.);
#10435 = ORIENTED_EDGE('',*,*,#10436,.T.);
#10436 = EDGE_CURVE('',#7783,#9067,#10437,.T.);
#10437 = LINE('',#10438,#10439);
#10438 = CARTESIAN_POINT('',(130.4,-136.,-4.6E-02));
#10439 = VECTOR('',#10440,1.);
#10440 = DIRECTION('',(0.,0.,1.));
#10441 = ORIENTED_EDGE('',*,*,#9066,.F.);
#10442 = ORIENTED_EDGE('',*,*,#10436,.F.);
#10443 = CYLINDRICAL_SURFACE('',#10444,1.85);
#10444 = AXIS2_PLACEMENT_3D('',#10445,#10446,#10447);
#10445 = CARTESIAN_POINT('',(130.4,-134.15,-4.6E-02));
#10446 = DIRECTION('',(-0.,-0.,-1.));
#10447 = DIRECTION('',(-0.,-1.,0.));
#10448 = ADVANCED_FACE('',(#10449),#10460,.F.);
#10449 = FACE_BOUND('',#10450,.T.);
#10450 = EDGE_LOOP('',(#10451,#10452,#10458,#10459));
#10451 = ORIENTED_EDGE('',*,*,#7793,.T.);
#10452 = ORIENTED_EDGE('',*,*,#10453,.T.);
#10453 = EDGE_CURVE('',#7794,#9078,#10454,.T.);
#10454 = LINE('',#10455,#10456);
#10455 = CARTESIAN_POINT('',(119.773949,-123.286051,-4.6E-02));
#10456 = VECTOR('',#10457,1.);
#10457 = DIRECTION('',(0.,0.,1.));
#10458 = ORIENTED_EDGE('',*,*,#9077,.F.);
#10459 = ORIENTED_EDGE('',*,*,#10453,.F.);
#10460 = CYLINDRICAL_SURFACE('',#10461,0.5);
#10461 = AXIS2_PLACEMENT_3D('',#10462,#10463,#10464);
#10462 = CARTESIAN_POINT('',(119.773949,-122.786051,-4.6E-02));
#10463 = DIRECTION('',(-0.,-0.,-1.));
#10464 = DIRECTION('',(-0.,-1.,0.));
#10465 = ADVANCED_FACE('',(#10466),#10477,.F.);
#10466 = FACE_BOUND('',#10467,.T.);
#10467 = EDGE_LOOP('',(#10468,#10469,#10475,#10476));
#10468 = ORIENTED_EDGE('',*,*,#7804,.T.);
#10469 = ORIENTED_EDGE('',*,*,#10470,.T.);
#10470 = EDGE_CURVE('',#7805,#9089,#10471,.T.);
#10471 = LINE('',#10472,#10473);
#10472 = CARTESIAN_POINT('',(147.4,-122.1,-4.6E-02));
#10473 = VECTOR('',#10474,1.);
#10474 = DIRECTION('',(0.,0.,1.));
#10475 = ORIENTED_EDGE('',*,*,#9088,.F.);
#10476 = ORIENTED_EDGE('',*,*,#10470,.F.);
#10477 = CYLINDRICAL_SURFACE('',#10478,0.5);
#10478 = AXIS2_PLACEMENT_3D('',#10479,#10480,#10481);
#10479 = CARTESIAN_POINT('',(147.4,-121.6,-4.6E-02));
#10480 = DIRECTION('',(-0.,-0.,-1.));
#10481 = DIRECTION('',(-0.,-1.,0.));
#10482 = ADVANCED_FACE('',(#10483),#10494,.F.);
#10483 = FACE_BOUND('',#10484,.T.);
#10484 = EDGE_LOOP('',(#10485,#10486,#10492,#10493));
#10485 = ORIENTED_EDGE('',*,*,#7815,.T.);
#10486 = ORIENTED_EDGE('',*,*,#10487,.T.);
#10487 = EDGE_CURVE('',#7816,#9100,#10488,.T.);
#10488 = LINE('',#10489,#10490);
#10489 = CARTESIAN_POINT('',(118.141268,-121.340298,-4.6E-02));
#10490 = VECTOR('',#10491,1.);
#10491 = DIRECTION('',(0.,0.,1.));
#10492 = ORIENTED_EDGE('',*,*,#9099,.F.);
#10493 = ORIENTED_EDGE('',*,*,#10487,.F.);
#10494 = CYLINDRICAL_SURFACE('',#10495,0.5);
#10495 = AXIS2_PLACEMENT_3D('',#10496,#10497,#10498);
#10496 = CARTESIAN_POINT('',(118.141268,-120.840298,-4.6E-02));
#10497 = DIRECTION('',(-0.,-0.,-1.));
#10498 = DIRECTION('',(-0.,-1.,0.));
#10499 = ADVANCED_FACE('',(#10500),#10511,.F.);
#10500 = FACE_BOUND('',#10501,.T.);
#10501 = EDGE_LOOP('',(#10502,#10503,#10509,#10510));
#10502 = ORIENTED_EDGE('',*,*,#7826,.T.);
#10503 = ORIENTED_EDGE('',*,*,#10504,.T.);
#10504 = EDGE_CURVE('',#7827,#9111,#10505,.T.);
#10505 = LINE('',#10506,#10507);
#10506 = CARTESIAN_POINT('',(116.508589,-119.394546,-4.6E-02));
#10507 = VECTOR('',#10508,1.);
#10508 = DIRECTION('',(0.,0.,1.));
#10509 = ORIENTED_EDGE('',*,*,#9110,.F.);
#10510 = ORIENTED_EDGE('',*,*,#10504,.F.);
#10511 = CYLINDRICAL_SURFACE('',#10512,0.5);
#10512 = AXIS2_PLACEMENT_3D('',#10513,#10514,#10515);
#10513 = CARTESIAN_POINT('',(116.508589,-118.894546,-4.6E-02));
#10514 = DIRECTION('',(-0.,-0.,-1.));
#10515 = DIRECTION('',(-0.,-1.,0.));
#10516 = ADVANCED_FACE('',(#10517),#10528,.F.);
#10517 = FACE_BOUND('',#10518,.T.);
#10518 = EDGE_LOOP('',(#10519,#10520,#10526,#10527));
#10519 = ORIENTED_EDGE('',*,*,#7837,.T.);
#10520 = ORIENTED_EDGE('',*,*,#10521,.T.);
#10521 = EDGE_CURVE('',#7838,#9122,#10522,.T.);
#10522 = LINE('',#10523,#10524);
#10523 = CARTESIAN_POINT('',(114.875907,-117.448792,-4.6E-02));
#10524 = VECTOR('',#10525,1.);
#10525 = DIRECTION('',(0.,0.,1.));
#10526 = ORIENTED_EDGE('',*,*,#9121,.F.);
#10527 = ORIENTED_EDGE('',*,*,#10521,.F.);
#10528 = CYLINDRICAL_SURFACE('',#10529,0.5);
#10529 = AXIS2_PLACEMENT_3D('',#10530,#10531,#10532);
#10530 = CARTESIAN_POINT('',(114.875907,-116.948792,-4.6E-02));
#10531 = DIRECTION('',(-0.,-0.,-1.));
#10532 = DIRECTION('',(-0.,-1.,0.));
#10533 = ADVANCED_FACE('',(#10534),#10545,.F.);
#10534 = FACE_BOUND('',#10535,.T.);
#10535 = EDGE_LOOP('',(#10536,#10537,#10543,#10544));
#10536 = ORIENTED_EDGE('',*,*,#7848,.T.);
#10537 = ORIENTED_EDGE('',*,*,#10538,.T.);
#10538 = EDGE_CURVE('',#7849,#9133,#10539,.T.);
#10539 = LINE('',#10540,#10541);
#10540 = CARTESIAN_POINT('',(147.4,-119.56,-4.6E-02));
#10541 = VECTOR('',#10542,1.);
#10542 = DIRECTION('',(0.,0.,1.));
#10543 = ORIENTED_EDGE('',*,*,#9132,.F.);
#10544 = ORIENTED_EDGE('',*,*,#10538,.F.);
#10545 = CYLINDRICAL_SURFACE('',#10546,0.5);
#10546 = AXIS2_PLACEMENT_3D('',#10547,#10548,#10549);
#10547 = CARTESIAN_POINT('',(147.4,-119.06,-4.6E-02));
#10548 = DIRECTION('',(-0.,-0.,-1.));
#10549 = DIRECTION('',(-0.,-1.,0.));
#10550 = ADVANCED_FACE('',(#10551),#10562,.F.);
#10551 = FACE_BOUND('',#10552,.T.);
#10552 = EDGE_LOOP('',(#10553,#10554,#10560,#10561));
#10553 = ORIENTED_EDGE('',*,*,#7859,.T.);
#10554 = ORIENTED_EDGE('',*,*,#10555,.T.);
#10555 = EDGE_CURVE('',#7860,#9144,#10556,.T.);
#10556 = LINE('',#10557,#10558);
#10557 = CARTESIAN_POINT('',(147.4,-117.02,-4.6E-02));
#10558 = VECTOR('',#10559,1.);
#10559 = DIRECTION('',(0.,0.,1.));
#10560 = ORIENTED_EDGE('',*,*,#9143,.F.);
#10561 = ORIENTED_EDGE('',*,*,#10555,.F.);
#10562 = CYLINDRICAL_SURFACE('',#10563,0.5);
#10563 = AXIS2_PLACEMENT_3D('',#10564,#10565,#10566);
#10564 = CARTESIAN_POINT('',(147.4,-116.52,-4.6E-02));
#10565 = DIRECTION('',(-0.,-0.,-1.));
#10566 = DIRECTION('',(-0.,-1.,0.));
#10567 = ADVANCED_FACE('',(#10568),#10579,.F.);
#10568 = FACE_BOUND('',#10569,.T.);
#10569 = EDGE_LOOP('',(#10570,#10576,#10577,#10578));
#10570 = ORIENTED_EDGE('',*,*,#10571,.T.);
#10571 = EDGE_CURVE('',#7871,#9155,#10572,.T.);
#10572 = LINE('',#10573,#10574);
#10573 = CARTESIAN_POINT('',(150.15,-111.12,0.));
#10574 = VECTOR('',#10575,1.);
#10575 = DIRECTION('',(0.,0.,1.));
#10576 = ORIENTED_EDGE('',*,*,#9154,.T.);
#10577 = ORIENTED_EDGE('',*,*,#10571,.F.);
#10578 = ORIENTED_EDGE('',*,*,#7870,.F.);
#10579 = CYLINDRICAL_SURFACE('',#10580,1.);
#10580 = AXIS2_PLACEMENT_3D('',#10581,#10582,#10583);
#10581 = CARTESIAN_POINT('',(149.15,-111.12,0.));
#10582 = DIRECTION('',(-0.,-0.,-1.));
#10583 = DIRECTION('',(1.,0.,-0.));
#10584 = ADVANCED_FACE('',(#10585),#10596,.F.);
#10585 = FACE_BOUND('',#10586,.T.);
#10586 = EDGE_LOOP('',(#10587,#10588,#10594,#10595));
#10587 = ORIENTED_EDGE('',*,*,#7881,.T.);
#10588 = ORIENTED_EDGE('',*,*,#10589,.T.);
#10589 = EDGE_CURVE('',#7882,#9166,#10590,.T.);
#10590 = LINE('',#10591,#10592);
#10591 = CARTESIAN_POINT('',(150.5,-140.3149,-4.6E-02));
#10592 = VECTOR('',#10593,1.);
#10593 = DIRECTION('',(0.,0.,1.));
#10594 = ORIENTED_EDGE('',*,*,#9165,.F.);
#10595 = ORIENTED_EDGE('',*,*,#10589,.F.);
#10596 = CYLINDRICAL_SURFACE('',#10597,0.8509);
#10597 = AXIS2_PLACEMENT_3D('',#10598,#10599,#10600);
#10598 = CARTESIAN_POINT('',(150.5,-139.464,-4.6E-02));
#10599 = DIRECTION('',(-0.,-0.,-1.));
#10600 = DIRECTION('',(-0.,-1.,0.));
#10601 = ADVANCED_FACE('',(#10602),#10613,.F.);
#10602 = FACE_BOUND('',#10603,.T.);
#10603 = EDGE_LOOP('',(#10604,#10605,#10611,#10612));
#10604 = ORIENTED_EDGE('',*,*,#7892,.T.);
#10605 = ORIENTED_EDGE('',*,*,#10606,.T.);
#10606 = EDGE_CURVE('',#7893,#9177,#10607,.T.);
#10607 = LINE('',#10608,#10609);
#10608 = CARTESIAN_POINT('',(156.,-141.1785,-4.6E-02));
#10609 = VECTOR('',#10610,1.);
#10610 = DIRECTION('',(0.,0.,1.));
#10611 = ORIENTED_EDGE('',*,*,#9176,.F.);
#10612 = ORIENTED_EDGE('',*,*,#10606,.F.);
#10613 = CYLINDRICAL_SURFACE('',#10614,1.7145);
#10614 = AXIS2_PLACEMENT_3D('',#10615,#10616,#10617);
#10615 = CARTESIAN_POINT('',(156.,-139.464,-4.6E-02));
#10616 = DIRECTION('',(-0.,-0.,-1.));
#10617 = DIRECTION('',(-0.,-1.,0.));
#10618 = ADVANCED_FACE('',(#10619),#10630,.F.);
#10619 = FACE_BOUND('',#10620,.T.);
#10620 = EDGE_LOOP('',(#10621,#10622,#10628,#10629));
#10621 = ORIENTED_EDGE('',*,*,#7903,.T.);
#10622 = ORIENTED_EDGE('',*,*,#10623,.T.);
#10623 = EDGE_CURVE('',#7904,#9188,#10624,.T.);
#10624 = LINE('',#10625,#10626);
#10625 = CARTESIAN_POINT('',(156.,-135.014,-4.6E-02));
#10626 = VECTOR('',#10627,1.);
#10627 = DIRECTION('',(0.,0.,1.));
#10628 = ORIENTED_EDGE('',*,*,#9187,.F.);
#10629 = ORIENTED_EDGE('',*,*,#10623,.F.);
#10630 = CYLINDRICAL_SURFACE('',#10631,1.5);
#10631 = AXIS2_PLACEMENT_3D('',#10632,#10633,#10634);
#10632 = CARTESIAN_POINT('',(156.,-133.514,-4.6E-02));
#10633 = DIRECTION('',(-0.,-0.,-1.));
#10634 = DIRECTION('',(-0.,-1.,0.));
#10635 = ADVANCED_FACE('',(#10636),#10647,.F.);
#10636 = FACE_BOUND('',#10637,.T.);
#10637 = EDGE_LOOP('',(#10638,#10639,#10645,#10646));
#10638 = ORIENTED_EDGE('',*,*,#7914,.T.);
#10639 = ORIENTED_EDGE('',*,*,#10640,.T.);
#10640 = EDGE_CURVE('',#7915,#9199,#10641,.T.);
#10641 = LINE('',#10642,#10643);
#10642 = CARTESIAN_POINT('',(161.5,-140.3149,-4.6E-02));
#10643 = VECTOR('',#10644,1.);
#10644 = DIRECTION('',(0.,0.,1.));
#10645 = ORIENTED_EDGE('',*,*,#9198,.F.);
#10646 = ORIENTED_EDGE('',*,*,#10640,.F.);
#10647 = CYLINDRICAL_SURFACE('',#10648,0.8509);
#10648 = AXIS2_PLACEMENT_3D('',#10649,#10650,#10651);
#10649 = CARTESIAN_POINT('',(161.5,-139.464,-4.6E-02));
#10650 = DIRECTION('',(-0.,-0.,-1.));
#10651 = DIRECTION('',(-0.,-1.,0.));
#10652 = ADVANCED_FACE('',(#10653),#10664,.F.);
#10653 = FACE_BOUND('',#10654,.T.);
#10654 = EDGE_LOOP('',(#10655,#10656,#10662,#10663));
#10655 = ORIENTED_EDGE('',*,*,#7925,.T.);
#10656 = ORIENTED_EDGE('',*,*,#10657,.T.);
#10657 = EDGE_CURVE('',#7926,#9210,#10658,.T.);
#10658 = LINE('',#10659,#10660);
#10659 = CARTESIAN_POINT('',(161.,-137.214,-4.6E-02));
#10660 = VECTOR('',#10661,1.);
#10661 = DIRECTION('',(0.,0.,1.));
#10662 = ORIENTED_EDGE('',*,*,#9209,.F.);
#10663 = ORIENTED_EDGE('',*,*,#10657,.F.);
#10664 = CYLINDRICAL_SURFACE('',#10665,1.5);
#10665 = AXIS2_PLACEMENT_3D('',#10666,#10667,#10668);
#10666 = CARTESIAN_POINT('',(161.,-135.714,-4.6E-02));
#10667 = DIRECTION('',(-0.,-0.,-1.));
#10668 = DIRECTION('',(-0.,-1.,0.));
#10669 = ADVANCED_FACE('',(#10670),#10681,.F.);
#10670 = FACE_BOUND('',#10671,.T.);
#10671 = EDGE_LOOP('',(#10672,#10678,#10679,#10680));
#10672 = ORIENTED_EDGE('',*,*,#10673,.T.);
#10673 = EDGE_CURVE('',#7937,#9221,#10674,.T.);
#10674 = LINE('',#10675,#10676);
#10675 = CARTESIAN_POINT('',(160.90333,-124.6,0.));
#10676 = VECTOR('',#10677,1.);
#10677 = DIRECTION('',(0.,0.,1.));
#10678 = ORIENTED_EDGE('',*,*,#9220,.T.);
#10679 = ORIENTED_EDGE('',*,*,#10673,.F.);
#10680 = ORIENTED_EDGE('',*,*,#7936,.F.);
#10681 = CYLINDRICAL_SURFACE('',#10682,1.50333);
#10682 = AXIS2_PLACEMENT_3D('',#10683,#10684,#10685);
#10683 = CARTESIAN_POINT('',(159.4,-124.6,0.));
#10684 = DIRECTION('',(-0.,-0.,-1.));
#10685 = DIRECTION('',(1.,0.,-0.));
#10686 = ADVANCED_FACE('',(#10687),#10698,.F.);
#10687 = FACE_BOUND('',#10688,.T.);
#10688 = EDGE_LOOP('',(#10689,#10690,#10696,#10697));
#10689 = ORIENTED_EDGE('',*,*,#7947,.T.);
#10690 = ORIENTED_EDGE('',*,*,#10691,.T.);
#10691 = EDGE_CURVE('',#7948,#9232,#10692,.T.);
#10692 = LINE('',#10693,#10694);
#10693 = CARTESIAN_POINT('',(182.4472,-136.,-4.6E-02));
#10694 = VECTOR('',#10695,1.);
#10695 = DIRECTION('',(0.,0.,1.));
#10696 = ORIENTED_EDGE('',*,*,#9231,.F.);
#10697 = ORIENTED_EDGE('',*,*,#10691,.F.);
#10698 = CYLINDRICAL_SURFACE('',#10699,1.85);
#10699 = AXIS2_PLACEMENT_3D('',#10700,#10701,#10702);
#10700 = CARTESIAN_POINT('',(182.4472,-134.15,-4.6E-02));
#10701 = DIRECTION('',(-0.,-0.,-1.));
#10702 = DIRECTION('',(-0.,-1.,0.));
#10703 = ADVANCED_FACE('',(#10704),#10715,.F.);
#10704 = FACE_BOUND('',#10705,.T.);
#10705 = EDGE_LOOP('',(#10706,#10707,#10713,#10714));
#10706 = ORIENTED_EDGE('',*,*,#7958,.T.);
#10707 = ORIENTED_EDGE('',*,*,#10708,.T.);
#10708 = EDGE_CURVE('',#7959,#9243,#10709,.T.);
#10709 = LINE('',#10710,#10711);
#10710 = CARTESIAN_POINT('',(178.148,-126.484,-4.6E-02));
#10711 = VECTOR('',#10712,1.);
#10712 = DIRECTION('',(0.,0.,1.));
#10713 = ORIENTED_EDGE('',*,*,#9242,.F.);
#10714 = ORIENTED_EDGE('',*,*,#10708,.F.);
#10715 = CYLINDRICAL_SURFACE('',#10716,0.5);
#10716 = AXIS2_PLACEMENT_3D('',#10717,#10718,#10719);
#10717 = CARTESIAN_POINT('',(178.148,-125.984,-4.6E-02));
#10718 = DIRECTION('',(-0.,-0.,-1.));
#10719 = DIRECTION('',(-0.,-1.,0.));
#10720 = ADVANCED_FACE('',(#10721),#10732,.F.);
#10721 = FACE_BOUND('',#10722,.T.);
#10722 = EDGE_LOOP('',(#10723,#10724,#10730,#10731));
#10723 = ORIENTED_EDGE('',*,*,#7969,.T.);
#10724 = ORIENTED_EDGE('',*,*,#10725,.T.);
#10725 = EDGE_CURVE('',#7970,#9254,#10726,.T.);
#10726 = LINE('',#10727,#10728);
#10727 = CARTESIAN_POINT('',(180.688,-126.484,-4.6E-02));
#10728 = VECTOR('',#10729,1.);
#10729 = DIRECTION('',(0.,0.,1.));
#10730 = ORIENTED_EDGE('',*,*,#9253,.F.);
#10731 = ORIENTED_EDGE('',*,*,#10725,.F.);
#10732 = CYLINDRICAL_SURFACE('',#10733,0.5);
#10733 = AXIS2_PLACEMENT_3D('',#10734,#10735,#10736);
#10734 = CARTESIAN_POINT('',(180.688,-125.984,-4.6E-02));
#10735 = DIRECTION('',(-0.,-0.,-1.));
#10736 = DIRECTION('',(-0.,-1.,0.));
#10737 = ADVANCED_FACE('',(#10738),#10749,.F.);
#10738 = FACE_BOUND('',#10739,.T.);
#10739 = EDGE_LOOP('',(#10740,#10741,#10747,#10748));
#10740 = ORIENTED_EDGE('',*,*,#7980,.T.);
#10741 = ORIENTED_EDGE('',*,*,#10742,.T.);
#10742 = EDGE_CURVE('',#7981,#9265,#10743,.T.);
#10743 = LINE('',#10744,#10745);
#10744 = CARTESIAN_POINT('',(183.228,-126.484,-4.6E-02));
#10745 = VECTOR('',#10746,1.);
#10746 = DIRECTION('',(0.,0.,1.));
#10747 = ORIENTED_EDGE('',*,*,#9264,.F.);
#10748 = ORIENTED_EDGE('',*,*,#10742,.F.);
#10749 = CYLINDRICAL_SURFACE('',#10750,0.5);
#10750 = AXIS2_PLACEMENT_3D('',#10751,#10752,#10753);
#10751 = CARTESIAN_POINT('',(183.228,-125.984,-4.6E-02));
#10752 = DIRECTION('',(-0.,-0.,-1.));
#10753 = DIRECTION('',(-0.,-1.,0.));
#10754 = ADVANCED_FACE('',(#10755),#10766,.F.);
#10755 = FACE_BOUND('',#10756,.T.);
#10756 = EDGE_LOOP('',(#10757,#10758,#10764,#10765));
#10757 = ORIENTED_EDGE('',*,*,#7991,.T.);
#10758 = ORIENTED_EDGE('',*,*,#10759,.T.);
#10759 = EDGE_CURVE('',#7992,#9276,#10760,.T.);
#10760 = LINE('',#10761,#10762);
#10761 = CARTESIAN_POINT('',(185.768,-126.484,-4.6E-02));
#10762 = VECTOR('',#10763,1.);
#10763 = DIRECTION('',(0.,0.,1.));
#10764 = ORIENTED_EDGE('',*,*,#9275,.F.);
#10765 = ORIENTED_EDGE('',*,*,#10759,.F.);
#10766 = CYLINDRICAL_SURFACE('',#10767,0.5);
#10767 = AXIS2_PLACEMENT_3D('',#10768,#10769,#10770);
#10768 = CARTESIAN_POINT('',(185.768,-125.984,-4.6E-02));
#10769 = DIRECTION('',(-0.,-0.,-1.));
#10770 = DIRECTION('',(-0.,-1.,0.));
#10771 = ADVANCED_FACE('',(#10772),#10783,.F.);
#10772 = FACE_BOUND('',#10773,.T.);
#10773 = EDGE_LOOP('',(#10774,#10775,#10781,#10782));
#10774 = ORIENTED_EDGE('',*,*,#8002,.T.);
#10775 = ORIENTED_EDGE('',*,*,#10776,.T.);
#10776 = EDGE_CURVE('',#8003,#9287,#10777,.T.);
#10777 = LINE('',#10778,#10779);
#10778 = CARTESIAN_POINT('',(154.72,-109.75,-4.6E-02));
#10779 = VECTOR('',#10780,1.);
#10780 = DIRECTION('',(0.,0.,1.));
#10781 = ORIENTED_EDGE('',*,*,#9286,.F.);
#10782 = ORIENTED_EDGE('',*,*,#10776,.F.);
#10783 = CYLINDRICAL_SURFACE('',#10784,0.55);
#10784 = AXIS2_PLACEMENT_3D('',#10785,#10786,#10787);
#10785 = CARTESIAN_POINT('',(154.72,-109.2,-4.6E-02));
#10786 = DIRECTION('',(-0.,-0.,-1.));
#10787 = DIRECTION('',(-0.,-1.,0.));
#10788 = ADVANCED_FACE('',(#10789),#10800,.F.);
#10789 = FACE_BOUND('',#10790,.T.);
#10790 = EDGE_LOOP('',(#10791,#10792,#10798,#10799));
#10791 = ORIENTED_EDGE('',*,*,#8013,.T.);
#10792 = ORIENTED_EDGE('',*,*,#10793,.T.);
#10793 = EDGE_CURVE('',#8014,#9298,#10794,.T.);
#10794 = LINE('',#10795,#10796);
#10795 = CARTESIAN_POINT('',(157.26,-109.75,-4.6E-02));
#10796 = VECTOR('',#10797,1.);
#10797 = DIRECTION('',(0.,0.,1.));
#10798 = ORIENTED_EDGE('',*,*,#9297,.F.);
#10799 = ORIENTED_EDGE('',*,*,#10793,.F.);
#10800 = CYLINDRICAL_SURFACE('',#10801,0.55);
#10801 = AXIS2_PLACEMENT_3D('',#10802,#10803,#10804);
#10802 = CARTESIAN_POINT('',(157.26,-109.2,-4.6E-02));
#10803 = DIRECTION('',(-0.,-0.,-1.));
#10804 = DIRECTION('',(-0.,-1.,0.));
#10805 = ADVANCED_FACE('',(#10806),#10817,.F.);
#10806 = FACE_BOUND('',#10807,.T.);
#10807 = EDGE_LOOP('',(#10808,#10809,#10815,#10816));
#10808 = ORIENTED_EDGE('',*,*,#8024,.T.);
#10809 = ORIENTED_EDGE('',*,*,#10810,.T.);
#10810 = EDGE_CURVE('',#8025,#9309,#10811,.T.);
#10811 = LINE('',#10812,#10813);
#10812 = CARTESIAN_POINT('',(159.8,-109.75,-4.6E-02));
#10813 = VECTOR('',#10814,1.);
#10814 = DIRECTION('',(0.,0.,1.));
#10815 = ORIENTED_EDGE('',*,*,#9308,.F.);
#10816 = ORIENTED_EDGE('',*,*,#10810,.F.);
#10817 = CYLINDRICAL_SURFACE('',#10818,0.55);
#10818 = AXIS2_PLACEMENT_3D('',#10819,#10820,#10821);
#10819 = CARTESIAN_POINT('',(159.8,-109.2,-4.6E-02));
#10820 = DIRECTION('',(-0.,-0.,-1.));
#10821 = DIRECTION('',(-0.,-1.,0.));
#10822 = ADVANCED_FACE('',(#10823),#10834,.F.);
#10823 = FACE_BOUND('',#10824,.T.);
#10824 = EDGE_LOOP('',(#10825,#10826,#10832,#10833));
#10825 = ORIENTED_EDGE('',*,*,#8035,.T.);
#10826 = ORIENTED_EDGE('',*,*,#10827,.T.);
#10827 = EDGE_CURVE('',#8036,#9320,#10828,.T.);
#10828 = LINE('',#10829,#10830);
#10829 = CARTESIAN_POINT('',(162.34,-109.75,-4.6E-02));
#10830 = VECTOR('',#10831,1.);
#10831 = DIRECTION('',(0.,0.,1.));
#10832 = ORIENTED_EDGE('',*,*,#9319,.F.);
#10833 = ORIENTED_EDGE('',*,*,#10827,.F.);
#10834 = CYLINDRICAL_SURFACE('',#10835,0.55);
#10835 = AXIS2_PLACEMENT_3D('',#10836,#10837,#10838);
#10836 = CARTESIAN_POINT('',(162.34,-109.2,-4.6E-02));
#10837 = DIRECTION('',(-0.,0.,-1.));
#10838 = DIRECTION('',(5.1675835328E-14,-1.,-0.));
#10839 = ADVANCED_FACE('',(#10840),#10851,.F.);
#10840 = FACE_BOUND('',#10841,.T.);
#10841 = EDGE_LOOP('',(#10842,#10843,#10849,#10850));
#10842 = ORIENTED_EDGE('',*,*,#8046,.T.);
#10843 = ORIENTED_EDGE('',*,*,#10844,.T.);
#10844 = EDGE_CURVE('',#8047,#9331,#10845,.T.);
#10845 = LINE('',#10846,#10847);
#10846 = CARTESIAN_POINT('',(164.88,-109.75,-4.6E-02));
#10847 = VECTOR('',#10848,1.);
#10848 = DIRECTION('',(0.,0.,1.));
#10849 = ORIENTED_EDGE('',*,*,#9330,.F.);
#10850 = ORIENTED_EDGE('',*,*,#10844,.F.);
#10851 = CYLINDRICAL_SURFACE('',#10852,0.55);
#10852 = AXIS2_PLACEMENT_3D('',#10853,#10854,#10855);
#10853 = CARTESIAN_POINT('',(164.88,-109.2,-4.6E-02));
#10854 = DIRECTION('',(-0.,-0.,-1.));
#10855 = DIRECTION('',(-0.,-1.,0.));
#10856 = ADVANCED_FACE('',(#10857),#10868,.F.);
#10857 = FACE_BOUND('',#10858,.T.);
#10858 = EDGE_LOOP('',(#10859,#10860,#10866,#10867));
#10859 = ORIENTED_EDGE('',*,*,#8057,.T.);
#10860 = ORIENTED_EDGE('',*,*,#10861,.T.);
#10861 = EDGE_CURVE('',#8058,#9342,#10862,.T.);
#10862 = LINE('',#10863,#10864);
#10863 = CARTESIAN_POINT('',(167.42,-109.75,-4.6E-02));
#10864 = VECTOR('',#10865,1.);
#10865 = DIRECTION('',(0.,0.,1.));
#10866 = ORIENTED_EDGE('',*,*,#9341,.F.);
#10867 = ORIENTED_EDGE('',*,*,#10861,.F.);
#10868 = CYLINDRICAL_SURFACE('',#10869,0.55);
#10869 = AXIS2_PLACEMENT_3D('',#10870,#10871,#10872);
#10870 = CARTESIAN_POINT('',(167.42,-109.2,-4.6E-02));
#10871 = DIRECTION('',(-0.,-0.,-1.));
#10872 = DIRECTION('',(-5.167583532801E-14,-1.,0.));
#10873 = ADVANCED_FACE('',(#10874),#10885,.F.);
#10874 = FACE_BOUND('',#10875,.T.);
#10875 = EDGE_LOOP('',(#10876,#10877,#10883,#10884));
#10876 = ORIENTED_EDGE('',*,*,#8068,.T.);
#10877 = ORIENTED_EDGE('',*,*,#10878,.T.);
#10878 = EDGE_CURVE('',#8069,#9353,#10879,.T.);
#10879 = LINE('',#10880,#10881);
#10880 = CARTESIAN_POINT('',(176.9,-121.85,-4.6E-02));
#10881 = VECTOR('',#10882,1.);
#10882 = DIRECTION('',(0.,0.,1.));
#10883 = ORIENTED_EDGE('',*,*,#9352,.F.);
#10884 = ORIENTED_EDGE('',*,*,#10878,.F.);
#10885 = CYLINDRICAL_SURFACE('',#10886,0.5);
#10886 = AXIS2_PLACEMENT_3D('',#10887,#10888,#10889);
#10887 = CARTESIAN_POINT('',(176.9,-121.35,-4.6E-02));
#10888 = DIRECTION('',(-0.,-0.,-1.));
#10889 = DIRECTION('',(-0.,-1.,0.));
#10890 = ADVANCED_FACE('',(#10891),#10902,.F.);
#10891 = FACE_BOUND('',#10892,.T.);
#10892 = EDGE_LOOP('',(#10893,#10894,#10900,#10901));
#10893 = ORIENTED_EDGE('',*,*,#8079,.T.);
#10894 = ORIENTED_EDGE('',*,*,#10895,.T.);
#10895 = EDGE_CURVE('',#8080,#9364,#10896,.T.);
#10896 = LINE('',#10897,#10898);
#10897 = CARTESIAN_POINT('',(176.9,-119.75,-4.6E-02));
#10898 = VECTOR('',#10899,1.);
#10899 = DIRECTION('',(0.,0.,1.));
#10900 = ORIENTED_EDGE('',*,*,#9363,.F.);
#10901 = ORIENTED_EDGE('',*,*,#10895,.F.);
#10902 = CYLINDRICAL_SURFACE('',#10903,0.4);
#10903 = AXIS2_PLACEMENT_3D('',#10904,#10905,#10906);
#10904 = CARTESIAN_POINT('',(176.9,-119.35,-4.6E-02));
#10905 = DIRECTION('',(-0.,-0.,-1.));
#10906 = DIRECTION('',(-0.,-1.,0.));
#10907 = ADVANCED_FACE('',(#10908),#10919,.F.);
#10908 = FACE_BOUND('',#10909,.T.);
#10909 = EDGE_LOOP('',(#10910,#10911,#10917,#10918));
#10910 = ORIENTED_EDGE('',*,*,#8090,.T.);
#10911 = ORIENTED_EDGE('',*,*,#10912,.T.);
#10912 = EDGE_CURVE('',#8091,#9375,#10913,.T.);
#10913 = LINE('',#10914,#10915);
#10914 = CARTESIAN_POINT('',(176.9,-117.75,-4.6E-02));
#10915 = VECTOR('',#10916,1.);
#10916 = DIRECTION('',(0.,0.,1.));
#10917 = ORIENTED_EDGE('',*,*,#9374,.F.);
#10918 = ORIENTED_EDGE('',*,*,#10912,.F.);
#10919 = CYLINDRICAL_SURFACE('',#10920,0.4);
#10920 = AXIS2_PLACEMENT_3D('',#10921,#10922,#10923);
#10921 = CARTESIAN_POINT('',(176.9,-117.35,-4.6E-02));
#10922 = DIRECTION('',(-0.,-0.,-1.));
#10923 = DIRECTION('',(-0.,-1.,0.));
#10924 = ADVANCED_FACE('',(#10925),#10936,.F.);
#10925 = FACE_BOUND('',#10926,.T.);
#10926 = EDGE_LOOP('',(#10927,#10928,#10934,#10935));
#10927 = ORIENTED_EDGE('',*,*,#8101,.T.);
#10928 = ORIENTED_EDGE('',*,*,#10929,.T.);
#10929 = EDGE_CURVE('',#8102,#9386,#10930,.T.);
#10930 = LINE('',#10931,#10932);
#10931 = CARTESIAN_POINT('',(176.9,-115.725,-4.6E-02));
#10932 = VECTOR('',#10933,1.);
#10933 = DIRECTION('',(0.,0.,1.));
#10934 = ORIENTED_EDGE('',*,*,#9385,.F.);
#10935 = ORIENTED_EDGE('',*,*,#10929,.F.);
#10936 = CYLINDRICAL_SURFACE('',#10937,0.375);
#10937 = AXIS2_PLACEMENT_3D('',#10938,#10939,#10940);
#10938 = CARTESIAN_POINT('',(176.9,-115.35,-4.6E-02));
#10939 = DIRECTION('',(-0.,-0.,-1.));
#10940 = DIRECTION('',(-0.,-1.,0.));
#10941 = ADVANCED_FACE('',(#10942),#10953,.F.);
#10942 = FACE_BOUND('',#10943,.T.);
#10943 = EDGE_LOOP('',(#10944,#10945,#10951,#10952));
#10944 = ORIENTED_EDGE('',*,*,#8112,.T.);
#10945 = ORIENTED_EDGE('',*,*,#10946,.T.);
#10946 = EDGE_CURVE('',#8113,#9397,#10947,.T.);
#10947 = LINE('',#10948,#10949);
#10948 = CARTESIAN_POINT('',(176.9,-113.85,-4.6E-02));
#10949 = VECTOR('',#10950,1.);
#10950 = DIRECTION('',(0.,0.,1.));
#10951 = ORIENTED_EDGE('',*,*,#9396,.F.);
#10952 = ORIENTED_EDGE('',*,*,#10946,.F.);
#10953 = CYLINDRICAL_SURFACE('',#10954,0.5);
#10954 = AXIS2_PLACEMENT_3D('',#10955,#10956,#10957);
#10955 = CARTESIAN_POINT('',(176.9,-113.35,-4.6E-02));
#10956 = DIRECTION('',(-0.,-0.,-1.));
#10957 = DIRECTION('',(-0.,-1.,0.));
#10958 = ADVANCED_FACE('',(#10959),#10970,.F.);
#10959 = FACE_BOUND('',#10960,.T.);
#10960 = EDGE_LOOP('',(#10961,#10962,#10968,#10969));
#10961 = ORIENTED_EDGE('',*,*,#8123,.T.);
#10962 = ORIENTED_EDGE('',*,*,#10963,.T.);
#10963 = EDGE_CURVE('',#8124,#9408,#10964,.T.);
#10964 = LINE('',#10965,#10966);
#10965 = CARTESIAN_POINT('',(169.96,-109.75,-4.6E-02));
#10966 = VECTOR('',#10967,1.);
#10967 = DIRECTION('',(0.,0.,1.));
#10968 = ORIENTED_EDGE('',*,*,#9407,.F.);
#10969 = ORIENTED_EDGE('',*,*,#10963,.F.);
#10970 = CYLINDRICAL_SURFACE('',#10971,0.55);
#10971 = AXIS2_PLACEMENT_3D('',#10972,#10973,#10974);
#10972 = CARTESIAN_POINT('',(169.96,-109.2,-4.6E-02));
#10973 = DIRECTION('',(-0.,0.,-1.));
#10974 = DIRECTION('',(5.1675835328E-14,-1.,-0.));
#10975 = ADVANCED_FACE('',(#10976),#10987,.F.);
#10976 = FACE_BOUND('',#10977,.T.);
#10977 = EDGE_LOOP('',(#10978,#10979,#10985,#10986));
#10978 = ORIENTED_EDGE('',*,*,#8134,.T.);
#10979 = ORIENTED_EDGE('',*,*,#10980,.T.);
#10980 = EDGE_CURVE('',#8135,#9419,#10981,.T.);
#10981 = LINE('',#10982,#10983);
#10982 = CARTESIAN_POINT('',(172.5,-109.75,-4.6E-02));
#10983 = VECTOR('',#10984,1.);
#10984 = DIRECTION('',(0.,0.,1.));
#10985 = ORIENTED_EDGE('',*,*,#9418,.F.);
#10986 = ORIENTED_EDGE('',*,*,#10980,.F.);
#10987 = CYLINDRICAL_SURFACE('',#10988,0.55);
#10988 = AXIS2_PLACEMENT_3D('',#10989,#10990,#10991);
#10989 = CARTESIAN_POINT('',(172.5,-109.2,-4.6E-02));
#10990 = DIRECTION('',(-0.,-0.,-1.));
#10991 = DIRECTION('',(-0.,-1.,0.));
#10992 = ADVANCED_FACE('',(#10993),#11004,.F.);
#10993 = FACE_BOUND('',#10994,.T.);
#10994 = EDGE_LOOP('',(#10995,#10996,#11002,#11003));
#10995 = ORIENTED_EDGE('',*,*,#8145,.T.);
#10996 = ORIENTED_EDGE('',*,*,#10997,.T.);
#10997 = EDGE_CURVE('',#8146,#9430,#10998,.T.);
#10998 = LINE('',#10999,#11000);
#10999 = CARTESIAN_POINT('',(175.04,-109.75,-4.6E-02));
#11000 = VECTOR('',#11001,1.);
#11001 = DIRECTION('',(0.,0.,1.));
#11002 = ORIENTED_EDGE('',*,*,#9429,.F.);
#11003 = ORIENTED_EDGE('',*,*,#10997,.F.);
#11004 = CYLINDRICAL_SURFACE('',#11005,0.55);
#11005 = AXIS2_PLACEMENT_3D('',#11006,#11007,#11008);
#11006 = CARTESIAN_POINT('',(175.04,-109.2,-4.6E-02));
#11007 = DIRECTION('',(-0.,-0.,-1.));
#11008 = DIRECTION('',(-5.167583532801E-14,-1.,0.));
#11009 = ADVANCED_FACE('',(#11010),#11021,.F.);
#11010 = FACE_BOUND('',#11011,.T.);
#11011 = EDGE_LOOP('',(#11012,#11013,#11019,#11020));
#11012 = ORIENTED_EDGE('',*,*,#8156,.T.);
#11013 = ORIENTED_EDGE('',*,*,#11014,.T.);
#11014 = EDGE_CURVE('',#8157,#9441,#11015,.T.);
#11015 = LINE('',#11016,#11017);
#11016 = CARTESIAN_POINT('',(176.9,-105.92,-4.6E-02));
#11017 = VECTOR('',#11018,1.);
#11018 = DIRECTION('',(0.,0.,1.));
#11019 = ORIENTED_EDGE('',*,*,#9440,.F.);
#11020 = ORIENTED_EDGE('',*,*,#11014,.F.);
#11021 = CYLINDRICAL_SURFACE('',#11022,0.5);
#11022 = AXIS2_PLACEMENT_3D('',#11023,#11024,#11025);
#11023 = CARTESIAN_POINT('',(176.9,-105.42,-4.6E-02));
#11024 = DIRECTION('',(-0.,-0.,-1.));
#11025 = DIRECTION('',(-0.,-1.,0.));
#11026 = ADVANCED_FACE('',(#11027),#11038,.F.);
#11027 = FACE_BOUND('',#11028,.T.);
#11028 = EDGE_LOOP('',(#11029,#11030,#11036,#11037));
#11029 = ORIENTED_EDGE('',*,*,#8167,.T.);
#11030 = ORIENTED_EDGE('',*,*,#11031,.T.);
#11031 = EDGE_CURVE('',#8168,#9452,#11032,.T.);
#11032 = LINE('',#11033,#11034);
#11033 = CARTESIAN_POINT('',(176.9,-103.38,-4.6E-02));
#11034 = VECTOR('',#11035,1.);
#11035 = DIRECTION('',(0.,0.,1.));
#11036 = ORIENTED_EDGE('',*,*,#9451,.F.);
#11037 = ORIENTED_EDGE('',*,*,#11031,.F.);
#11038 = CYLINDRICAL_SURFACE('',#11039,0.5);
#11039 = AXIS2_PLACEMENT_3D('',#11040,#11041,#11042);
#11040 = CARTESIAN_POINT('',(176.9,-102.88,-4.6E-02));
#11041 = DIRECTION('',(-0.,-0.,-1.));
#11042 = DIRECTION('',(-0.,-1.,0.));
#11043 = ADVANCED_FACE('',(#11044),#11055,.F.);
#11044 = FACE_BOUND('',#11045,.T.);
#11045 = EDGE_LOOP('',(#11046,#11047,#11053,#11054));
#11046 = ORIENTED_EDGE('',*,*,#8178,.T.);
#11047 = ORIENTED_EDGE('',*,*,#11048,.T.);
#11048 = EDGE_CURVE('',#8179,#9463,#11049,.T.);
#11049 = LINE('',#11050,#11051);
#11050 = CARTESIAN_POINT('',(177.58,-109.75,-4.6E-02));
#11051 = VECTOR('',#11052,1.);
#11052 = DIRECTION('',(0.,0.,1.));
#11053 = ORIENTED_EDGE('',*,*,#9462,.F.);
#11054 = ORIENTED_EDGE('',*,*,#11048,.F.);
#11055 = CYLINDRICAL_SURFACE('',#11056,0.55);
#11056 = AXIS2_PLACEMENT_3D('',#11057,#11058,#11059);
#11057 = CARTESIAN_POINT('',(177.58,-109.2,-4.6E-02));
#11058 = DIRECTION('',(-0.,0.,-1.));
#11059 = DIRECTION('',(5.1675835328E-14,-1.,-0.));
#11060 = ADVANCED_FACE('',(#11061),#11072,.F.);
#11061 = FACE_BOUND('',#11062,.T.);
#11062 = EDGE_LOOP('',(#11063,#11064,#11070,#11071));
#11063 = ORIENTED_EDGE('',*,*,#8189,.T.);
#11064 = ORIENTED_EDGE('',*,*,#11065,.T.);
#11065 = EDGE_CURVE('',#8190,#9474,#11066,.T.);
#11066 = LINE('',#11067,#11068);
#11067 = CARTESIAN_POINT('',(180.12,-109.75,-4.6E-02));
#11068 = VECTOR('',#11069,1.);
#11069 = DIRECTION('',(0.,0.,1.));
#11070 = ORIENTED_EDGE('',*,*,#9473,.F.);
#11071 = ORIENTED_EDGE('',*,*,#11065,.F.);
#11072 = CYLINDRICAL_SURFACE('',#11073,0.55);
#11073 = AXIS2_PLACEMENT_3D('',#11074,#11075,#11076);
#11074 = CARTESIAN_POINT('',(180.12,-109.2,-4.6E-02));
#11075 = DIRECTION('',(-0.,-0.,-1.));
#11076 = DIRECTION('',(-0.,-1.,0.));
#11077 = ADVANCED_FACE('',(#11078),#11089,.F.);
#11078 = FACE_BOUND('',#11079,.T.);
#11079 = EDGE_LOOP('',(#11080,#11081,#11087,#11088));
#11080 = ORIENTED_EDGE('',*,*,#8200,.T.);
#11081 = ORIENTED_EDGE('',*,*,#11082,.T.);
#11082 = EDGE_CURVE('',#8201,#9485,#11083,.T.);
#11083 = LINE('',#11084,#11085);
#11084 = CARTESIAN_POINT('',(182.66,-109.75,-4.6E-02));
#11085 = VECTOR('',#11086,1.);
#11086 = DIRECTION('',(0.,0.,1.));
#11087 = ORIENTED_EDGE('',*,*,#9484,.F.);
#11088 = ORIENTED_EDGE('',*,*,#11082,.F.);
#11089 = CYLINDRICAL_SURFACE('',#11090,0.55);
#11090 = AXIS2_PLACEMENT_3D('',#11091,#11092,#11093);
#11091 = CARTESIAN_POINT('',(182.66,-109.2,-4.6E-02));
#11092 = DIRECTION('',(-0.,-0.,-1.));
#11093 = DIRECTION('',(-5.167583532801E-14,-1.,0.));
#11094 = ADVANCED_FACE('',(#11095),#11106,.F.);
#11095 = FACE_BOUND('',#11096,.T.);
#11096 = EDGE_LOOP('',(#11097,#11098,#11104,#11105));
#11097 = ORIENTED_EDGE('',*,*,#8211,.T.);
#11098 = ORIENTED_EDGE('',*,*,#11099,.T.);
#11099 = EDGE_CURVE('',#8212,#9496,#11100,.T.);
#11100 = LINE('',#11101,#11102);
#11101 = CARTESIAN_POINT('',(181.9,-106.1,-4.6E-02));
#11102 = VECTOR('',#11103,1.);
#11103 = DIRECTION('',(0.,0.,1.));
#11104 = ORIENTED_EDGE('',*,*,#9495,.F.);
#11105 = ORIENTED_EDGE('',*,*,#11099,.F.);
#11106 = CYLINDRICAL_SURFACE('',#11107,0.5);
#11107 = AXIS2_PLACEMENT_3D('',#11108,#11109,#11110);
#11108 = CARTESIAN_POINT('',(181.9,-105.6,-4.6E-02));
#11109 = DIRECTION('',(-0.,-0.,-1.));
#11110 = DIRECTION('',(-0.,-1.,0.));
#11111 = ADVANCED_FACE('',(#11112),#11123,.F.);
#11112 = FACE_BOUND('',#11113,.T.);
#11113 = EDGE_LOOP('',(#11114,#11115,#11121,#11122));
#11114 = ORIENTED_EDGE('',*,*,#8222,.T.);
#11115 = ORIENTED_EDGE('',*,*,#11116,.T.);
#11116 = EDGE_CURVE('',#8223,#9507,#11117,.T.);
#11117 = LINE('',#11118,#11119);
#11118 = CARTESIAN_POINT('',(181.9,-104.,-4.6E-02));
#11119 = VECTOR('',#11120,1.);
#11120 = DIRECTION('',(0.,0.,1.));
#11121 = ORIENTED_EDGE('',*,*,#9506,.F.);
#11122 = ORIENTED_EDGE('',*,*,#11116,.F.);
#11123 = CYLINDRICAL_SURFACE('',#11124,0.4);
#11124 = AXIS2_PLACEMENT_3D('',#11125,#11126,#11127);
#11125 = CARTESIAN_POINT('',(181.9,-103.6,-4.6E-02));
#11126 = DIRECTION('',(-0.,-0.,-1.));
#11127 = DIRECTION('',(-0.,-1.,0.));
#11128 = ADVANCED_FACE('',(#11129),#11140,.F.);
#11129 = FACE_BOUND('',#11130,.T.);
#11130 = EDGE_LOOP('',(#11131,#11132,#11138,#11139));
#11131 = ORIENTED_EDGE('',*,*,#8233,.T.);
#11132 = ORIENTED_EDGE('',*,*,#11133,.T.);
#11133 = EDGE_CURVE('',#8234,#9518,#11134,.T.);
#11134 = LINE('',#11135,#11136);
#11135 = CARTESIAN_POINT('',(114.881958,-86.757259,-4.6E-02));
#11136 = VECTOR('',#11137,1.);
#11137 = DIRECTION('',(0.,0.,1.));
#11138 = ORIENTED_EDGE('',*,*,#9517,.F.);
#11139 = ORIENTED_EDGE('',*,*,#11133,.F.);
#11140 = CYLINDRICAL_SURFACE('',#11141,0.5);
#11141 = AXIS2_PLACEMENT_3D('',#11142,#11143,#11144);
#11142 = CARTESIAN_POINT('',(114.881958,-86.257259,-4.6E-02));
#11143 = DIRECTION('',(-0.,-0.,-1.));
#11144 = DIRECTION('',(-0.,-1.,0.));
#11145 = ADVANCED_FACE('',(#11146),#11157,.F.);
#11146 = FACE_BOUND('',#11147,.T.);
#11147 = EDGE_LOOP('',(#11148,#11149,#11155,#11156));
#11148 = ORIENTED_EDGE('',*,*,#8244,.T.);
#11149 = ORIENTED_EDGE('',*,*,#11150,.T.);
#11150 = EDGE_CURVE('',#8245,#9529,#11151,.T.);
#11151 = LINE('',#11152,#11153);
#11152 = CARTESIAN_POINT('',(116.51464,-84.811505,-4.6E-02));
#11153 = VECTOR('',#11154,1.);
#11154 = DIRECTION('',(0.,0.,1.));
#11155 = ORIENTED_EDGE('',*,*,#9528,.F.);
#11156 = ORIENTED_EDGE('',*,*,#11150,.F.);
#11157 = CYLINDRICAL_SURFACE('',#11158,0.5);
#11158 = AXIS2_PLACEMENT_3D('',#11159,#11160,#11161);
#11159 = CARTESIAN_POINT('',(116.51464,-84.311505,-4.6E-02));
#11160 = DIRECTION('',(-0.,-0.,-1.));
#11161 = DIRECTION('',(-0.,-1.,0.));
#11162 = ADVANCED_FACE('',(#11163),#11174,.F.);
#11163 = FACE_BOUND('',#11164,.T.);
#11164 = EDGE_LOOP('',(#11165,#11166,#11172,#11173));
#11165 = ORIENTED_EDGE('',*,*,#8255,.T.);
#11166 = ORIENTED_EDGE('',*,*,#11167,.T.);
#11167 = EDGE_CURVE('',#8256,#9540,#11168,.T.);
#11168 = LINE('',#11169,#11170);
#11169 = CARTESIAN_POINT('',(118.147319,-82.865753,-4.6E-02));
#11170 = VECTOR('',#11171,1.);
#11171 = DIRECTION('',(0.,0.,1.));
#11172 = ORIENTED_EDGE('',*,*,#9539,.F.);
#11173 = ORIENTED_EDGE('',*,*,#11167,.F.);
#11174 = CYLINDRICAL_SURFACE('',#11175,0.5);
#11175 = AXIS2_PLACEMENT_3D('',#11176,#11177,#11178);
#11176 = CARTESIAN_POINT('',(118.147319,-82.365753,-4.6E-02));
#11177 = DIRECTION('',(-0.,-0.,-1.));
#11178 = DIRECTION('',(-0.,-1.,0.));
#11179 = ADVANCED_FACE('',(#11180),#11196,.F.);
#11180 = FACE_BOUND('',#11181,.T.);
#11181 = EDGE_LOOP('',(#11182,#11188,#11189,#11195));
#11182 = ORIENTED_EDGE('',*,*,#11183,.T.);
#11183 = EDGE_CURVE('',#8267,#9551,#11184,.T.);
#11184 = LINE('',#11185,#11186);
#11185 = CARTESIAN_POINT('',(130.4,-88.35,0.));
#11186 = VECTOR('',#11187,1.);
#11187 = DIRECTION('',(0.,0.,1.));
#11188 = ORIENTED_EDGE('',*,*,#9550,.T.);
#11189 = ORIENTED_EDGE('',*,*,#11190,.F.);
#11190 = EDGE_CURVE('',#8269,#9553,#11191,.T.);
#11191 = LINE('',#11192,#11193);
#11192 = CARTESIAN_POINT('',(129.4,-89.35,0.));
#11193 = VECTOR('',#11194,1.);
#11194 = DIRECTION('',(0.,0.,1.));
#11195 = ORIENTED_EDGE('',*,*,#8266,.F.);
#11196 = CYLINDRICAL_SURFACE('',#11197,0.999999252925);
#11197 = AXIS2_PLACEMENT_3D('',#11198,#11199,#11200);
#11198 = CARTESIAN_POINT('',(130.39999925292,-89.34999925292,0.));
#11199 = DIRECTION('',(-0.,-0.,-1.));
#11200 = DIRECTION('',(7.470757349539E-07,1.,-0.));
#11201 = ADVANCED_FACE('',(#11202),#11213,.T.);
#11202 = FACE_BOUND('',#11203,.T.);
#11203 = EDGE_LOOP('',(#11204,#11210,#11211,#11212));
#11204 = ORIENTED_EDGE('',*,*,#11205,.T.);
#11205 = EDGE_CURVE('',#8278,#9562,#11206,.T.);
#11206 = LINE('',#11207,#11208);
#11207 = CARTESIAN_POINT('',(146.320034,-88.35,0.));
#11208 = VECTOR('',#11209,1.);
#11209 = DIRECTION('',(0.,0.,1.));
#11210 = ORIENTED_EDGE('',*,*,#9561,.T.);
#11211 = ORIENTED_EDGE('',*,*,#11183,.F.);
#11212 = ORIENTED_EDGE('',*,*,#8277,.F.);
#11213 = PLANE('',#11214);
#11214 = AXIS2_PLACEMENT_3D('',#11215,#11216,#11217);
#11215 = CARTESIAN_POINT('',(146.320034,-88.35,0.));
#11216 = DIRECTION('',(0.,-1.,0.));
#11217 = DIRECTION('',(-1.,0.,0.));
#11218 = ADVANCED_FACE('',(#11219),#11230,.T.);
#11219 = FACE_BOUND('',#11220,.T.);
#11220 = EDGE_LOOP('',(#11221,#11222,#11223,#11229));
#11221 = ORIENTED_EDGE('',*,*,#11190,.T.);
#11222 = ORIENTED_EDGE('',*,*,#9680,.T.);
#11223 = ORIENTED_EDGE('',*,*,#11224,.F.);
#11224 = EDGE_CURVE('',#8388,#9672,#11225,.T.);
#11225 = LINE('',#11226,#11227);
#11226 = CARTESIAN_POINT('',(129.4,-113.849999,0.));
#11227 = VECTOR('',#11228,1.);
#11228 = DIRECTION('',(0.,0.,1.));
#11229 = ORIENTED_EDGE('',*,*,#8396,.F.);
#11230 = PLANE('',#11231);
#11231 = AXIS2_PLACEMENT_3D('',#11232,#11233,#11234);
#11232 = CARTESIAN_POINT('',(129.4,-89.35,0.));
#11233 = DIRECTION('',(1.,0.,-0.));
#11234 = DIRECTION('',(0.,-1.,0.));
#11235 = ADVANCED_FACE('',(#11236),#11247,.F.);
#11236 = FACE_BOUND('',#11237,.T.);
#11237 = EDGE_LOOP('',(#11238,#11244,#11245,#11246));
#11238 = ORIENTED_EDGE('',*,*,#11239,.T.);
#11239 = EDGE_CURVE('',#8286,#9570,#11240,.T.);
#11240 = LINE('',#11241,#11242);
#11241 = CARTESIAN_POINT('',(147.320034,-89.349966,0.));
#11242 = VECTOR('',#11243,1.);
#11243 = DIRECTION('',(0.,0.,1.));
#11244 = ORIENTED_EDGE('',*,*,#9569,.T.);
#11245 = ORIENTED_EDGE('',*,*,#11205,.F.);
#11246 = ORIENTED_EDGE('',*,*,#8285,.F.);
#11247 = CYLINDRICAL_SURFACE('',#11248,1.000057303774);
#11248 = AXIS2_PLACEMENT_3D('',#11249,#11250,#11251);
#11249 = CARTESIAN_POINT('',(146.31997670039,-89.35005730213,0.));
#11250 = DIRECTION('',(-0.,-0.,-1.));
#11251 = DIRECTION('',(0.999999995832,9.129690090316E-05,-0.));
#11252 = ADVANCED_FACE('',(#11253),#11264,.F.);
#11253 = FACE_BOUND('',#11254,.T.);
#11254 = EDGE_LOOP('',(#11255,#11256,#11257,#11263));
#11255 = ORIENTED_EDGE('',*,*,#11224,.T.);
#11256 = ORIENTED_EDGE('',*,*,#9671,.T.);
#11257 = ORIENTED_EDGE('',*,*,#11258,.F.);
#11258 = EDGE_CURVE('',#8380,#9664,#11259,.T.);
#11259 = LINE('',#11260,#11261);
#11260 = CARTESIAN_POINT('',(130.4,-114.849999,0.));
#11261 = VECTOR('',#11262,1.);
#11262 = DIRECTION('',(0.,0.,1.));
#11263 = ORIENTED_EDGE('',*,*,#8387,.F.);
#11264 = CYLINDRICAL_SURFACE('',#11265,1.000000960032);
#11265 = AXIS2_PLACEMENT_3D('',#11266,#11267,#11268);
#11266 = CARTESIAN_POINT('',(130.40000096003,-113.8499980399,0.));
#11267 = DIRECTION('',(-0.,-0.,-1.));
#11268 = DIRECTION('',(-1.,-9.600304784947E-07,0.));
#11269 = ADVANCED_FACE('',(#11270),#11281,.T.);
#11270 = FACE_BOUND('',#11271,.T.);
#11271 = EDGE_LOOP('',(#11272,#11278,#11279,#11280));
#11272 = ORIENTED_EDGE('',*,*,#11273,.T.);
#11273 = EDGE_CURVE('',#8295,#9579,#11274,.T.);
#11274 = LINE('',#11275,#11276);
#11275 = CARTESIAN_POINT('',(147.320241,-95.399672,0.));
#11276 = VECTOR('',#11277,1.);
#11277 = DIRECTION('',(0.,0.,1.));
#11278 = ORIENTED_EDGE('',*,*,#9578,.T.);
#11279 = ORIENTED_EDGE('',*,*,#11239,.F.);
#11280 = ORIENTED_EDGE('',*,*,#8294,.F.);
#11281 = PLANE('',#11282);
#11282 = AXIS2_PLACEMENT_3D('',#11283,#11284,#11285);
#11283 = CARTESIAN_POINT('',(147.320241,-95.399672,0.));
#11284 = DIRECTION('',(-0.999999999415,-3.421653877002E-05,0.));
#11285 = DIRECTION('',(-3.421653877002E-05,0.999999999415,0.));
#11286 = ADVANCED_FACE('',(#11287),#11298,.T.);
#11287 = FACE_BOUND('',#11288,.T.);
#11288 = EDGE_LOOP('',(#11289,#11290,#11291,#11297));
#11289 = ORIENTED_EDGE('',*,*,#11258,.T.);
#11290 = ORIENTED_EDGE('',*,*,#9663,.T.);
#11291 = ORIENTED_EDGE('',*,*,#11292,.F.);
#11292 = EDGE_CURVE('',#8371,#9655,#11293,.T.);
#11293 = LINE('',#11294,#11295);
#11294 = CARTESIAN_POINT('',(146.430038,-114.85,0.));
#11295 = VECTOR('',#11296,1.);
#11296 = DIRECTION('',(0.,0.,1.));
#11297 = ORIENTED_EDGE('',*,*,#8379,.F.);
#11298 = PLANE('',#11299);
#11299 = AXIS2_PLACEMENT_3D('',#11300,#11301,#11302);
#11300 = CARTESIAN_POINT('',(130.4,-114.849999,0.));
#11301 = DIRECTION('',(6.238288377577E-08,1.,-0.));
#11302 = DIRECTION('',(1.,-6.238288377577E-08,0.));
#11303 = ADVANCED_FACE('',(#11304),#11315,.T.);
#11304 = FACE_BOUND('',#11305,.T.);
#11305 = EDGE_LOOP('',(#11306,#11312,#11313,#11314));
#11306 = ORIENTED_EDGE('',*,*,#11307,.T.);
#11307 = EDGE_CURVE('',#8303,#9587,#11308,.T.);
#11308 = LINE('',#11309,#11310);
#11309 = CARTESIAN_POINT('',(149.15,-97.2,0.));
#11310 = VECTOR('',#11311,1.);
#11311 = DIRECTION('',(0.,0.,1.));
#11312 = ORIENTED_EDGE('',*,*,#9586,.T.);
#11313 = ORIENTED_EDGE('',*,*,#11273,.F.);
#11314 = ORIENTED_EDGE('',*,*,#8302,.F.);
#11315 = CYLINDRICAL_SURFACE('',#11316,1.829998835448);
#11316 = AXIS2_PLACEMENT_3D('',#11317,#11318,#11319);
#11317 = CARTESIAN_POINT('',(149.14999928438,-95.37000116455,0.));
#11318 = DIRECTION('',(0.,0.,-1.));
#11319 = DIRECTION('',(3.910484141628E-07,-1.,0.));
#11320 = ADVANCED_FACE('',(#11321),#11332,.F.);
#11321 = FACE_BOUND('',#11322,.T.);
#11322 = EDGE_LOOP('',(#11323,#11324,#11325,#11331));
#11323 = ORIENTED_EDGE('',*,*,#11292,.T.);
#11324 = ORIENTED_EDGE('',*,*,#9654,.T.);
#11325 = ORIENTED_EDGE('',*,*,#11326,.F.);
#11326 = EDGE_CURVE('',#8363,#9647,#11327,.T.);
#11327 = LINE('',#11328,#11329);
#11328 = CARTESIAN_POINT('',(147.430038,-113.850038,0.));
#11329 = VECTOR('',#11330,1.);
#11330 = DIRECTION('',(0.,0.,1.));
#11331 = ORIENTED_EDGE('',*,*,#8370,.F.);
#11332 = CYLINDRICAL_SURFACE('',#11333,1.000000960887);
#11333 = AXIS2_PLACEMENT_3D('',#11334,#11335,#11336);
#11334 = CARTESIAN_POINT('',(146.43003703987,-113.8499990391,0.));
#11335 = DIRECTION('',(-0.,-0.,-1.));
#11336 = DIRECTION('',(9.601273956095E-07,-1.,0.));
#11337 = ADVANCED_FACE('',(#11338),#11349,.T.);
#11338 = FACE_BOUND('',#11339,.T.);
#11339 = EDGE_LOOP('',(#11340,#11346,#11347,#11348));
#11340 = ORIENTED_EDGE('',*,*,#11341,.T.);
#11341 = EDGE_CURVE('',#8312,#9596,#11342,.T.);
#11342 = LINE('',#11343,#11344);
#11343 = CARTESIAN_POINT('',(149.4,-97.2,0.));
#11344 = VECTOR('',#11345,1.);
#11345 = DIRECTION('',(0.,0.,1.));
#11346 = ORIENTED_EDGE('',*,*,#9595,.T.);
#11347 = ORIENTED_EDGE('',*,*,#11307,.F.);
#11348 = ORIENTED_EDGE('',*,*,#8311,.F.);
#11349 = PLANE('',#11350);
#11350 = AXIS2_PLACEMENT_3D('',#11351,#11352,#11353);
#11351 = CARTESIAN_POINT('',(149.4,-97.2,0.));
#11352 = DIRECTION('',(0.,-1.,0.));
#11353 = DIRECTION('',(-1.,0.,0.));
#11354 = ADVANCED_FACE('',(#11355),#11366,.T.);
#11355 = FACE_BOUND('',#11356,.T.);
#11356 = EDGE_LOOP('',(#11357,#11358,#11359,#11365));
#11357 = ORIENTED_EDGE('',*,*,#11326,.T.);
#11358 = ORIENTED_EDGE('',*,*,#9646,.T.);
#11359 = ORIENTED_EDGE('',*,*,#11360,.F.);
#11360 = EDGE_CURVE('',#8354,#9638,#11361,.T.);
#11361 = LINE('',#11362,#11363);
#11362 = CARTESIAN_POINT('',(147.430143,-111.097822,0.));
#11363 = VECTOR('',#11364,1.);
#11364 = DIRECTION('',(0.,0.,1.));
#11365 = ORIENTED_EDGE('',*,*,#8362,.F.);
#11366 = PLANE('',#11367);
#11367 = AXIS2_PLACEMENT_3D('',#11368,#11369,#11370);
#11368 = CARTESIAN_POINT('',(147.430038,-113.850038,0.));
#11369 = DIRECTION('',(-0.999999999272,3.81510753205E-05,0.));
#11370 = DIRECTION('',(3.81510753205E-05,0.999999999272,0.));
#11371 = ADVANCED_FACE('',(#11372),#11383,.F.);
#11372 = FACE_BOUND('',#11373,.T.);
#11373 = EDGE_LOOP('',(#11374,#11380,#11381,#11382));
#11374 = ORIENTED_EDGE('',*,*,#11375,.T.);
#11375 = EDGE_CURVE('',#8320,#9604,#11376,.T.);
#11376 = LINE('',#11377,#11378);
#11377 = CARTESIAN_POINT('',(150.4,-98.2,0.));
#11378 = VECTOR('',#11379,1.);
#11379 = DIRECTION('',(0.,0.,1.));
#11380 = ORIENTED_EDGE('',*,*,#9603,.T.);
#11381 = ORIENTED_EDGE('',*,*,#11341,.F.);
#11382 = ORIENTED_EDGE('',*,*,#8319,.F.);
#11383 = CYLINDRICAL_SURFACE('',#11384,0.999999252925);
#11384 = AXIS2_PLACEMENT_3D('',#11385,#11386,#11387);
#11385 = CARTESIAN_POINT('',(149.40000074707,-98.19999925292,0.));
#11386 = DIRECTION('',(-0.,-0.,-1.));
#11387 = DIRECTION('',(1.,-7.470757633756E-07,0.));
#11388 = ADVANCED_FACE('',(#11389),#11400,.T.);
#11389 = FACE_BOUND('',#11390,.T.);
#11390 = EDGE_LOOP('',(#11391,#11392,#11393,#11399));
#11391 = ORIENTED_EDGE('',*,*,#11360,.T.);
#11392 = ORIENTED_EDGE('',*,*,#9637,.T.);
#11393 = ORIENTED_EDGE('',*,*,#11394,.F.);
#11394 = EDGE_CURVE('',#8346,#9630,#11395,.T.);
#11395 = LINE('',#11396,#11397);
#11396 = CARTESIAN_POINT('',(149.15,-109.4,0.));
#11397 = VECTOR('',#11398,1.);
#11398 = DIRECTION('',(0.,0.,1.));
#11399 = ORIENTED_EDGE('',*,*,#8353,.F.);
#11400 = CYLINDRICAL_SURFACE('',#11401,1.719999466844);
#11401 = AXIS2_PLACEMENT_3D('',#11402,#11403,#11404);
#11402 = CARTESIAN_POINT('',(149.1499994841,-111.1199994668,0.));
#11403 = DIRECTION('',(0.,0.,-1.));
#11404 = DIRECTION('',(-0.999916870473,1.28938800691E-02,0.));
#11405 = ADVANCED_FACE('',(#11406),#11417,.T.);
#11406 = FACE_BOUND('',#11407,.T.);
#11407 = EDGE_LOOP('',(#11408,#11414,#11415,#11416));
#11408 = ORIENTED_EDGE('',*,*,#11409,.T.);
#11409 = EDGE_CURVE('',#8329,#9613,#11410,.T.);
#11410 = LINE('',#11411,#11412);
#11411 = CARTESIAN_POINT('',(150.4,-108.4,0.));
#11412 = VECTOR('',#11413,1.);
#11413 = DIRECTION('',(0.,0.,1.));
#11414 = ORIENTED_EDGE('',*,*,#9612,.T.);
#11415 = ORIENTED_EDGE('',*,*,#11375,.F.);
#11416 = ORIENTED_EDGE('',*,*,#8328,.F.);
#11417 = PLANE('',#11418);
#11418 = AXIS2_PLACEMENT_3D('',#11419,#11420,#11421);
#11419 = CARTESIAN_POINT('',(150.4,-108.4,0.));
#11420 = DIRECTION('',(-1.,0.,0.));
#11421 = DIRECTION('',(0.,1.,0.));
#11422 = ADVANCED_FACE('',(#11423),#11434,.T.);
#11423 = FACE_BOUND('',#11424,.T.);
#11424 = EDGE_LOOP('',(#11425,#11426,#11427,#11433));
#11425 = ORIENTED_EDGE('',*,*,#11394,.T.);
#11426 = ORIENTED_EDGE('',*,*,#9629,.T.);
#11427 = ORIENTED_EDGE('',*,*,#11428,.F.);
#11428 = EDGE_CURVE('',#8337,#9621,#11429,.T.);
#11429 = LINE('',#11430,#11431);
#11430 = CARTESIAN_POINT('',(149.4,-109.4,0.));
#11431 = VECTOR('',#11432,1.);
#11432 = DIRECTION('',(0.,0.,1.));
#11433 = ORIENTED_EDGE('',*,*,#8345,.F.);
#11434 = PLANE('',#11435);
#11435 = AXIS2_PLACEMENT_3D('',#11436,#11437,#11438);
#11436 = CARTESIAN_POINT('',(149.15,-109.4,0.));
#11437 = DIRECTION('',(0.,1.,0.));
#11438 = DIRECTION('',(1.,0.,0.));
#11439 = ADVANCED_FACE('',(#11440),#11446,.F.);
#11440 = FACE_BOUND('',#11441,.T.);
#11441 = EDGE_LOOP('',(#11442,#11443,#11444,#11445));
#11442 = ORIENTED_EDGE('',*,*,#11428,.T.);
#11443 = ORIENTED_EDGE('',*,*,#9620,.T.);
#11444 = ORIENTED_EDGE('',*,*,#11409,.F.);
#11445 = ORIENTED_EDGE('',*,*,#8336,.F.);
#11446 = CYLINDRICAL_SURFACE('',#11447,0.999999252925);
#11447 = AXIS2_PLACEMENT_3D('',#11448,#11449,#11450);
#11448 = CARTESIAN_POINT('',(149.40000074707,-108.400000747,0.));
#11449 = DIRECTION('',(-0.,-0.,-1.));
#11450 = DIRECTION('',(-7.470757349539E-07,-1.,0.));
#11451 = ADVANCED_FACE('',(#11452),#11463,.F.);
#11452 = FACE_BOUND('',#11453,.T.);
#11453 = EDGE_LOOP('',(#11454,#11460,#11461,#11462));
#11454 = ORIENTED_EDGE('',*,*,#11455,.T.);
#11455 = EDGE_CURVE('',#8405,#9689,#11456,.T.);
#11456 = LINE('',#11457,#11458);
#11457 = CARTESIAN_POINT('',(150.15,-95.37,0.));
#11458 = VECTOR('',#11459,1.);
#11459 = DIRECTION('',(0.,0.,1.));
#11460 = ORIENTED_EDGE('',*,*,#9688,.T.);
#11461 = ORIENTED_EDGE('',*,*,#11455,.F.);
#11462 = ORIENTED_EDGE('',*,*,#8404,.F.);
#11463 = CYLINDRICAL_SURFACE('',#11464,1.);
#11464 = AXIS2_PLACEMENT_3D('',#11465,#11466,#11467);
#11465 = CARTESIAN_POINT('',(149.15,-95.37,0.));
#11466 = DIRECTION('',(-0.,-0.,-1.));
#11467 = DIRECTION('',(1.,0.,-0.));
#11468 = ADVANCED_FACE('',(#11469),#11480,.F.);
#11469 = FACE_BOUND('',#11470,.T.);
#11470 = EDGE_LOOP('',(#11471,#11472,#11478,#11479));
#11471 = ORIENTED_EDGE('',*,*,#8415,.T.);
#11472 = ORIENTED_EDGE('',*,*,#11473,.T.);
#11473 = EDGE_CURVE('',#8416,#9700,#11474,.T.);
#11474 = LINE('',#11475,#11476);
#11475 = CARTESIAN_POINT('',(147.4,-87.18,-4.6E-02));
#11476 = VECTOR('',#11477,1.);
#11477 = DIRECTION('',(0.,0.,1.));
#11478 = ORIENTED_EDGE('',*,*,#9699,.F.);
#11479 = ORIENTED_EDGE('',*,*,#11473,.F.);
#11480 = CYLINDRICAL_SURFACE('',#11481,0.5);
#11481 = AXIS2_PLACEMENT_3D('',#11482,#11483,#11484);
#11482 = CARTESIAN_POINT('',(147.4,-86.68,-4.6E-02));
#11483 = DIRECTION('',(-0.,-0.,-1.));
#11484 = DIRECTION('',(-0.,-1.,0.));
#11485 = ADVANCED_FACE('',(#11486),#11497,.F.);
#11486 = FACE_BOUND('',#11487,.T.);
#11487 = EDGE_LOOP('',(#11488,#11489,#11495,#11496));
#11488 = ORIENTED_EDGE('',*,*,#8426,.T.);
#11489 = ORIENTED_EDGE('',*,*,#11490,.T.);
#11490 = EDGE_CURVE('',#8427,#9711,#11491,.T.);
#11491 = LINE('',#11492,#11493);
#11492 = CARTESIAN_POINT('',(147.4,-84.64,-4.6E-02));
#11493 = VECTOR('',#11494,1.);
#11494 = DIRECTION('',(0.,0.,1.));
#11495 = ORIENTED_EDGE('',*,*,#9710,.F.);
#11496 = ORIENTED_EDGE('',*,*,#11490,.F.);
#11497 = CYLINDRICAL_SURFACE('',#11498,0.5);
#11498 = AXIS2_PLACEMENT_3D('',#11499,#11500,#11501);
#11499 = CARTESIAN_POINT('',(147.4,-84.14,-4.6E-02));
#11500 = DIRECTION('',(-0.,-0.,-1.));
#11501 = DIRECTION('',(-0.,-1.,0.));
#11502 = ADVANCED_FACE('',(#11503),#11514,.F.);
#11503 = FACE_BOUND('',#11504,.T.);
#11504 = EDGE_LOOP('',(#11505,#11506,#11512,#11513));
#11505 = ORIENTED_EDGE('',*,*,#8437,.T.);
#11506 = ORIENTED_EDGE('',*,*,#11507,.T.);
#11507 = EDGE_CURVE('',#8438,#9722,#11508,.T.);
#11508 = LINE('',#11509,#11510);
#11509 = CARTESIAN_POINT('',(119.78,-80.92,-4.6E-02));
#11510 = VECTOR('',#11511,1.);
#11511 = DIRECTION('',(0.,0.,1.));
#11512 = ORIENTED_EDGE('',*,*,#9721,.F.);
#11513 = ORIENTED_EDGE('',*,*,#11507,.F.);
#11514 = CYLINDRICAL_SURFACE('',#11515,0.5);
#11515 = AXIS2_PLACEMENT_3D('',#11516,#11517,#11518);
#11516 = CARTESIAN_POINT('',(119.78,-80.42,-4.6E-02));
#11517 = DIRECTION('',(-0.,-0.,-1.));
#11518 = DIRECTION('',(-0.,-1.,0.));
#11519 = ADVANCED_FACE('',(#11520),#11531,.F.);
#11520 = FACE_BOUND('',#11521,.T.);
#11521 = EDGE_LOOP('',(#11522,#11523,#11529,#11530));
#11522 = ORIENTED_EDGE('',*,*,#8448,.T.);
#11523 = ORIENTED_EDGE('',*,*,#11524,.T.);
#11524 = EDGE_CURVE('',#8449,#9733,#11525,.T.);
#11525 = LINE('',#11526,#11527);
#11526 = CARTESIAN_POINT('',(130.4,-70.95,-4.6E-02));
#11527 = VECTOR('',#11528,1.);
#11528 = DIRECTION('',(0.,0.,1.));
#11529 = ORIENTED_EDGE('',*,*,#9732,.F.);
#11530 = ORIENTED_EDGE('',*,*,#11524,.F.);
#11531 = CYLINDRICAL_SURFACE('',#11532,1.85);
#11532 = AXIS2_PLACEMENT_3D('',#11533,#11534,#11535);
#11533 = CARTESIAN_POINT('',(130.4,-69.1,-4.6E-02));
#11534 = DIRECTION('',(-0.,-0.,-1.));
#11535 = DIRECTION('',(-0.,-1.,0.));
#11536 = ADVANCED_FACE('',(#11537),#11548,.F.);
#11537 = FACE_BOUND('',#11538,.T.);
#11538 = EDGE_LOOP('',(#11539,#11540,#11546,#11547));
#11539 = ORIENTED_EDGE('',*,*,#8459,.T.);
#11540 = ORIENTED_EDGE('',*,*,#11541,.T.);
#11541 = EDGE_CURVE('',#8460,#9744,#11542,.T.);
#11542 = LINE('',#11543,#11544);
#11543 = CARTESIAN_POINT('',(147.4,-82.1,-4.6E-02));
#11544 = VECTOR('',#11545,1.);
#11545 = DIRECTION('',(0.,0.,1.));
#11546 = ORIENTED_EDGE('',*,*,#9743,.F.);
#11547 = ORIENTED_EDGE('',*,*,#11541,.F.);
#11548 = CYLINDRICAL_SURFACE('',#11549,0.5);
#11549 = AXIS2_PLACEMENT_3D('',#11550,#11551,#11552);
#11550 = CARTESIAN_POINT('',(147.4,-81.6,-4.6E-02));
#11551 = DIRECTION('',(-0.,-0.,-1.));
#11552 = DIRECTION('',(-0.,-1.,0.));
#11553 = ADVANCED_FACE('',(#11554),#11570,.F.);
#11554 = FACE_BOUND('',#11555,.T.);
#11555 = EDGE_LOOP('',(#11556,#11562,#11563,#11569));
#11556 = ORIENTED_EDGE('',*,*,#11557,.T.);
#11557 = EDGE_CURVE('',#8471,#9755,#11558,.T.);
#11558 = LINE('',#11559,#11560);
#11559 = CARTESIAN_POINT('',(158.722893,-98.922893,0.));
#11560 = VECTOR('',#11561,1.);
#11561 = DIRECTION('',(0.,0.,1.));
#11562 = ORIENTED_EDGE('',*,*,#9754,.T.);
#11563 = ORIENTED_EDGE('',*,*,#11564,.F.);
#11564 = EDGE_CURVE('',#8473,#9757,#11565,.T.);
#11565 = LINE('',#11566,#11567);
#11566 = CARTESIAN_POINT('',(157.722893,-99.922893,0.));
#11567 = VECTOR('',#11568,1.);
#11568 = DIRECTION('',(0.,0.,1.));
#11569 = ORIENTED_EDGE('',*,*,#8470,.F.);
#11570 = CYLINDRICAL_SURFACE('',#11571,0.999999252925);
#11571 = AXIS2_PLACEMENT_3D('',#11572,#11573,#11574);
#11572 = CARTESIAN_POINT('',(158.72289225292,-99.92289225292,0.));
#11573 = DIRECTION('',(-0.,-0.,-1.));
#11574 = DIRECTION('',(7.470757633756E-07,1.,-0.));
#11575 = ADVANCED_FACE('',(#11576),#11587,.F.);
#11576 = FACE_BOUND('',#11577,.T.);
#11577 = EDGE_LOOP('',(#11578,#11584,#11585,#11586));
#11578 = ORIENTED_EDGE('',*,*,#11579,.T.);
#11579 = EDGE_CURVE('',#8482,#9766,#11580,.T.);
#11580 = LINE('',#11581,#11582);
#11581 = CARTESIAN_POINT('',(159.722893,-99.922893,0.));
#11582 = VECTOR('',#11583,1.);
#11583 = DIRECTION('',(0.,0.,1.));
#11584 = ORIENTED_EDGE('',*,*,#9765,.T.);
#11585 = ORIENTED_EDGE('',*,*,#11557,.F.);
#11586 = ORIENTED_EDGE('',*,*,#8481,.F.);
#11587 = CYLINDRICAL_SURFACE('',#11588,0.999999252925);
#11588 = AXIS2_PLACEMENT_3D('',#11589,#11590,#11591);
#11589 = CARTESIAN_POINT('',(158.72289374707,-99.92289225292,0.));
#11590 = DIRECTION('',(-0.,-0.,-1.));
#11591 = DIRECTION('',(1.,-7.470757633756E-07,0.));
#11592 = ADVANCED_FACE('',(#11593),#11604,.T.);
#11593 = FACE_BOUND('',#11594,.T.);
#11594 = EDGE_LOOP('',(#11595,#11596,#11597,#11603));
#11595 = ORIENTED_EDGE('',*,*,#11564,.T.);
#11596 = ORIENTED_EDGE('',*,*,#9800,.T.);
#11597 = ORIENTED_EDGE('',*,*,#11598,.F.);
#11598 = EDGE_CURVE('',#8508,#9792,#11599,.T.);
#11599 = LINE('',#11600,#11601);
#11600 = CARTESIAN_POINT('',(157.722893,-102.922893,0.));
#11601 = VECTOR('',#11602,1.);
#11602 = DIRECTION('',(0.,0.,1.));
#11603 = ORIENTED_EDGE('',*,*,#8516,.F.);
#11604 = PLANE('',#11605);
#11605 = AXIS2_PLACEMENT_3D('',#11606,#11607,#11608);
#11606 = CARTESIAN_POINT('',(157.722893,-99.922893,0.));
#11607 = DIRECTION('',(1.,0.,-0.));
#11608 = DIRECTION('',(0.,-1.,0.));
#11609 = ADVANCED_FACE('',(#11610),#11621,.T.);
#11610 = FACE_BOUND('',#11611,.T.);
#11611 = EDGE_LOOP('',(#11612,#11618,#11619,#11620));
#11612 = ORIENTED_EDGE('',*,*,#11613,.T.);
#11613 = EDGE_CURVE('',#8491,#9775,#11614,.T.);
#11614 = LINE('',#11615,#11616);
#11615 = CARTESIAN_POINT('',(159.722893,-102.922893,0.));
#11616 = VECTOR('',#11617,1.);
#11617 = DIRECTION('',(0.,0.,1.));
#11618 = ORIENTED_EDGE('',*,*,#9774,.T.);
#11619 = ORIENTED_EDGE('',*,*,#11579,.F.);
#11620 = ORIENTED_EDGE('',*,*,#8490,.F.);
#11621 = PLANE('',#11622);
#11622 = AXIS2_PLACEMENT_3D('',#11623,#11624,#11625);
#11623 = CARTESIAN_POINT('',(159.722893,-102.922893,0.));
#11624 = DIRECTION('',(-1.,0.,0.));
#11625 = DIRECTION('',(0.,1.,0.));
#11626 = ADVANCED_FACE('',(#11627),#11638,.F.);
#11627 = FACE_BOUND('',#11628,.T.);
#11628 = EDGE_LOOP('',(#11629,#11630,#11631,#11637));
#11629 = ORIENTED_EDGE('',*,*,#11598,.T.);
#11630 = ORIENTED_EDGE('',*,*,#9791,.T.);
#11631 = ORIENTED_EDGE('',*,*,#11632,.F.);
#11632 = EDGE_CURVE('',#8499,#9783,#11633,.T.);
#11633 = LINE('',#11634,#11635);
#11634 = CARTESIAN_POINT('',(158.722893,-103.922893,0.));
#11635 = VECTOR('',#11636,1.);
#11636 = DIRECTION('',(0.,0.,1.));
#11637 = ORIENTED_EDGE('',*,*,#8507,.F.);
#11638 = CYLINDRICAL_SURFACE('',#11639,0.999999252925);
#11639 = AXIS2_PLACEMENT_3D('',#11640,#11641,#11642);
#11640 = CARTESIAN_POINT('',(158.72289225292,-102.922893747,0.));
#11641 = DIRECTION('',(-0.,-0.,-1.));
#11642 = DIRECTION('',(-1.,7.470757349539E-07,0.));
#11643 = ADVANCED_FACE('',(#11644),#11650,.F.);
#11644 = FACE_BOUND('',#11645,.T.);
#11645 = EDGE_LOOP('',(#11646,#11647,#11648,#11649));
#11646 = ORIENTED_EDGE('',*,*,#11632,.T.);
#11647 = ORIENTED_EDGE('',*,*,#9782,.T.);
#11648 = ORIENTED_EDGE('',*,*,#11613,.F.);
#11649 = ORIENTED_EDGE('',*,*,#8498,.F.);
#11650 = CYLINDRICAL_SURFACE('',#11651,0.999999252925);
#11651 = AXIS2_PLACEMENT_3D('',#11652,#11653,#11654);
#11652 = CARTESIAN_POINT('',(158.72289374707,-102.922893747,0.));
#11653 = DIRECTION('',(-0.,-0.,-1.));
#11654 = DIRECTION('',(-7.470757349539E-07,-1.,0.));
#11655 = ADVANCED_FACE('',(#11656),#11667,.F.);
#11656 = FACE_BOUND('',#11657,.T.);
#11657 = EDGE_LOOP('',(#11658,#11659,#11665,#11666));
#11658 = ORIENTED_EDGE('',*,*,#8524,.T.);
#11659 = ORIENTED_EDGE('',*,*,#11660,.T.);
#11660 = EDGE_CURVE('',#8525,#9809,#11661,.T.);
#11661 = LINE('',#11662,#11663);
#11662 = CARTESIAN_POINT('',(154.72,-94.51,-4.6E-02));
#11663 = VECTOR('',#11664,1.);
#11664 = DIRECTION('',(0.,0.,1.));
#11665 = ORIENTED_EDGE('',*,*,#9808,.F.);
#11666 = ORIENTED_EDGE('',*,*,#11660,.F.);
#11667 = CYLINDRICAL_SURFACE('',#11668,0.55);
#11668 = AXIS2_PLACEMENT_3D('',#11669,#11670,#11671);
#11669 = CARTESIAN_POINT('',(154.72,-93.96,-4.6E-02));
#11670 = DIRECTION('',(-0.,-0.,-1.));
#11671 = DIRECTION('',(-0.,-1.,0.));
#11672 = ADVANCED_FACE('',(#11673),#11684,.F.);
#11673 = FACE_BOUND('',#11674,.T.);
#11674 = EDGE_LOOP('',(#11675,#11676,#11682,#11683));
#11675 = ORIENTED_EDGE('',*,*,#8535,.T.);
#11676 = ORIENTED_EDGE('',*,*,#11677,.T.);
#11677 = EDGE_CURVE('',#8536,#9820,#11678,.T.);
#11678 = LINE('',#11679,#11680);
#11679 = CARTESIAN_POINT('',(157.26,-94.51,-4.6E-02));
#11680 = VECTOR('',#11681,1.);
#11681 = DIRECTION('',(0.,0.,1.));
#11682 = ORIENTED_EDGE('',*,*,#9819,.F.);
#11683 = ORIENTED_EDGE('',*,*,#11677,.F.);
#11684 = CYLINDRICAL_SURFACE('',#11685,0.55);
#11685 = AXIS2_PLACEMENT_3D('',#11686,#11687,#11688);
#11686 = CARTESIAN_POINT('',(157.26,-93.96,-4.6E-02));
#11687 = DIRECTION('',(-0.,-0.,-1.));
#11688 = DIRECTION('',(-0.,-1.,0.));
#11689 = ADVANCED_FACE('',(#11690),#11701,.F.);
#11690 = FACE_BOUND('',#11691,.T.);
#11691 = EDGE_LOOP('',(#11692,#11693,#11699,#11700));
#11692 = ORIENTED_EDGE('',*,*,#8546,.T.);
#11693 = ORIENTED_EDGE('',*,*,#11694,.T.);
#11694 = EDGE_CURVE('',#8547,#9831,#11695,.T.);
#11695 = LINE('',#11696,#11697);
#11696 = CARTESIAN_POINT('',(159.8,-94.51,-4.6E-02));
#11697 = VECTOR('',#11698,1.);
#11698 = DIRECTION('',(0.,0.,1.));
#11699 = ORIENTED_EDGE('',*,*,#9830,.F.);
#11700 = ORIENTED_EDGE('',*,*,#11694,.F.);
#11701 = CYLINDRICAL_SURFACE('',#11702,0.55);
#11702 = AXIS2_PLACEMENT_3D('',#11703,#11704,#11705);
#11703 = CARTESIAN_POINT('',(159.8,-93.96,-4.6E-02));
#11704 = DIRECTION('',(-0.,-0.,-1.));
#11705 = DIRECTION('',(-0.,-1.,0.));
#11706 = ADVANCED_FACE('',(#11707),#11718,.F.);
#11707 = FACE_BOUND('',#11708,.T.);
#11708 = EDGE_LOOP('',(#11709,#11710,#11716,#11717));
#11709 = ORIENTED_EDGE('',*,*,#8557,.T.);
#11710 = ORIENTED_EDGE('',*,*,#11711,.T.);
#11711 = EDGE_CURVE('',#8558,#9842,#11712,.T.);
#11712 = LINE('',#11713,#11714);
#11713 = CARTESIAN_POINT('',(162.34,-94.51,-4.6E-02));
#11714 = VECTOR('',#11715,1.);
#11715 = DIRECTION('',(0.,0.,1.));
#11716 = ORIENTED_EDGE('',*,*,#9841,.F.);
#11717 = ORIENTED_EDGE('',*,*,#11711,.F.);
#11718 = CYLINDRICAL_SURFACE('',#11719,0.55);
#11719 = AXIS2_PLACEMENT_3D('',#11720,#11721,#11722);
#11720 = CARTESIAN_POINT('',(162.34,-93.96,-4.6E-02));
#11721 = DIRECTION('',(-0.,0.,-1.));
#11722 = DIRECTION('',(5.1675835328E-14,-1.,-0.));
#11723 = ADVANCED_FACE('',(#11724),#11735,.F.);
#11724 = FACE_BOUND('',#11725,.T.);
#11725 = EDGE_LOOP('',(#11726,#11727,#11733,#11734));
#11726 = ORIENTED_EDGE('',*,*,#8568,.T.);
#11727 = ORIENTED_EDGE('',*,*,#11728,.T.);
#11728 = EDGE_CURVE('',#8569,#9853,#11729,.T.);
#11729 = LINE('',#11730,#11731);
#11730 = CARTESIAN_POINT('',(164.88,-94.51,-4.6E-02));
#11731 = VECTOR('',#11732,1.);
#11732 = DIRECTION('',(0.,0.,1.));
#11733 = ORIENTED_EDGE('',*,*,#9852,.F.);
#11734 = ORIENTED_EDGE('',*,*,#11728,.F.);
#11735 = CYLINDRICAL_SURFACE('',#11736,0.55);
#11736 = AXIS2_PLACEMENT_3D('',#11737,#11738,#11739);
#11737 = CARTESIAN_POINT('',(164.88,-93.96,-4.6E-02));
#11738 = DIRECTION('',(-0.,-0.,-1.));
#11739 = DIRECTION('',(-0.,-1.,0.));
#11740 = ADVANCED_FACE('',(#11741),#11752,.F.);
#11741 = FACE_BOUND('',#11742,.T.);
#11742 = EDGE_LOOP('',(#11743,#11744,#11750,#11751));
#11743 = ORIENTED_EDGE('',*,*,#8579,.T.);
#11744 = ORIENTED_EDGE('',*,*,#11745,.T.);
#11745 = EDGE_CURVE('',#8580,#9864,#11746,.T.);
#11746 = LINE('',#11747,#11748);
#11747 = CARTESIAN_POINT('',(167.42,-94.51,-4.6E-02));
#11748 = VECTOR('',#11749,1.);
#11749 = DIRECTION('',(0.,0.,1.));
#11750 = ORIENTED_EDGE('',*,*,#9863,.F.);
#11751 = ORIENTED_EDGE('',*,*,#11745,.F.);
#11752 = CYLINDRICAL_SURFACE('',#11753,0.55);
#11753 = AXIS2_PLACEMENT_3D('',#11754,#11755,#11756);
#11754 = CARTESIAN_POINT('',(167.42,-93.96,-4.6E-02));
#11755 = DIRECTION('',(-0.,-0.,-1.));
#11756 = DIRECTION('',(-5.167583532801E-14,-1.,0.));
#11757 = ADVANCED_FACE('',(#11758),#11774,.F.);
#11758 = FACE_BOUND('',#11759,.T.);
#11759 = EDGE_LOOP('',(#11760,#11766,#11767,#11773));
#11760 = ORIENTED_EDGE('',*,*,#11761,.T.);
#11761 = EDGE_CURVE('',#8591,#9875,#11762,.T.);
#11762 = LINE('',#11763,#11764);
#11763 = CARTESIAN_POINT('',(173.18,-98.88,0.));
#11764 = VECTOR('',#11765,1.);
#11765 = DIRECTION('',(0.,0.,1.));
#11766 = ORIENTED_EDGE('',*,*,#9874,.T.);
#11767 = ORIENTED_EDGE('',*,*,#11768,.F.);
#11768 = EDGE_CURVE('',#8593,#9877,#11769,.T.);
#11769 = LINE('',#11770,#11771);
#11770 = CARTESIAN_POINT('',(172.18,-99.88,0.));
#11771 = VECTOR('',#11772,1.);
#11772 = DIRECTION('',(0.,0.,1.));
#11773 = ORIENTED_EDGE('',*,*,#8590,.F.);
#11774 = CYLINDRICAL_SURFACE('',#11775,0.999999252925);
#11775 = AXIS2_PLACEMENT_3D('',#11776,#11777,#11778);
#11776 = CARTESIAN_POINT('',(173.17999925292,-99.87999925292,0.));
#11777 = DIRECTION('',(-0.,-0.,-1.));
#11778 = DIRECTION('',(7.470757349539E-07,1.,-0.));
#11779 = ADVANCED_FACE('',(#11780),#11791,.F.);
#11780 = FACE_BOUND('',#11781,.T.);
#11781 = EDGE_LOOP('',(#11782,#11788,#11789,#11790));
#11782 = ORIENTED_EDGE('',*,*,#11783,.T.);
#11783 = EDGE_CURVE('',#8602,#9886,#11784,.T.);
#11784 = LINE('',#11785,#11786);
#11785 = CARTESIAN_POINT('',(174.18,-99.88,0.));
#11786 = VECTOR('',#11787,1.);
#11787 = DIRECTION('',(0.,0.,1.));
#11788 = ORIENTED_EDGE('',*,*,#9885,.T.);
#11789 = ORIENTED_EDGE('',*,*,#11761,.F.);
#11790 = ORIENTED_EDGE('',*,*,#8601,.F.);
#11791 = CYLINDRICAL_SURFACE('',#11792,0.999999252925);
#11792 = AXIS2_PLACEMENT_3D('',#11793,#11794,#11795);
#11793 = CARTESIAN_POINT('',(173.18000074707,-99.87999925292,0.));
#11794 = DIRECTION('',(-0.,-0.,-1.));
#11795 = DIRECTION('',(1.,-7.470757065321E-07,0.));
#11796 = ADVANCED_FACE('',(#11797),#11808,.T.);
#11797 = FACE_BOUND('',#11798,.T.);
#11798 = EDGE_LOOP('',(#11799,#11800,#11801,#11807));
#11799 = ORIENTED_EDGE('',*,*,#11768,.T.);
#11800 = ORIENTED_EDGE('',*,*,#9920,.T.);
#11801 = ORIENTED_EDGE('',*,*,#11802,.F.);
#11802 = EDGE_CURVE('',#8628,#9912,#11803,.T.);
#11803 = LINE('',#11804,#11805);
#11804 = CARTESIAN_POINT('',(172.18,-102.88,0.));
#11805 = VECTOR('',#11806,1.);
#11806 = DIRECTION('',(0.,0.,1.));
#11807 = ORIENTED_EDGE('',*,*,#8636,.F.);
#11808 = PLANE('',#11809);
#11809 = AXIS2_PLACEMENT_3D('',#11810,#11811,#11812);
#11810 = CARTESIAN_POINT('',(172.18,-99.88,0.));
#11811 = DIRECTION('',(1.,0.,-0.));
#11812 = DIRECTION('',(0.,-1.,0.));
#11813 = ADVANCED_FACE('',(#11814),#11825,.T.);
#11814 = FACE_BOUND('',#11815,.T.);
#11815 = EDGE_LOOP('',(#11816,#11822,#11823,#11824));
#11816 = ORIENTED_EDGE('',*,*,#11817,.T.);
#11817 = EDGE_CURVE('',#8611,#9895,#11818,.T.);
#11818 = LINE('',#11819,#11820);
#11819 = CARTESIAN_POINT('',(174.18,-102.88,0.));
#11820 = VECTOR('',#11821,1.);
#11821 = DIRECTION('',(0.,0.,1.));
#11822 = ORIENTED_EDGE('',*,*,#9894,.T.);
#11823 = ORIENTED_EDGE('',*,*,#11783,.F.);
#11824 = ORIENTED_EDGE('',*,*,#8610,.F.);
#11825 = PLANE('',#11826);
#11826 = AXIS2_PLACEMENT_3D('',#11827,#11828,#11829);
#11827 = CARTESIAN_POINT('',(174.18,-102.88,0.));
#11828 = DIRECTION('',(-1.,0.,0.));
#11829 = DIRECTION('',(0.,1.,0.));
#11830 = ADVANCED_FACE('',(#11831),#11842,.F.);
#11831 = FACE_BOUND('',#11832,.T.);
#11832 = EDGE_LOOP('',(#11833,#11834,#11835,#11841));
#11833 = ORIENTED_EDGE('',*,*,#11802,.T.);
#11834 = ORIENTED_EDGE('',*,*,#9911,.T.);
#11835 = ORIENTED_EDGE('',*,*,#11836,.F.);
#11836 = EDGE_CURVE('',#8619,#9903,#11837,.T.);
#11837 = LINE('',#11838,#11839);
#11838 = CARTESIAN_POINT('',(173.18,-103.88,0.));
#11839 = VECTOR('',#11840,1.);
#11840 = DIRECTION('',(0.,0.,1.));
#11841 = ORIENTED_EDGE('',*,*,#8627,.F.);
#11842 = CYLINDRICAL_SURFACE('',#11843,0.999999252925);
#11843 = AXIS2_PLACEMENT_3D('',#11844,#11845,#11846);
#11844 = CARTESIAN_POINT('',(173.17999925292,-102.880000747,0.));
#11845 = DIRECTION('',(-0.,-0.,-1.));
#11846 = DIRECTION('',(-1.,7.470757633756E-07,0.));
#11847 = ADVANCED_FACE('',(#11848),#11854,.F.);
#11848 = FACE_BOUND('',#11849,.T.);
#11849 = EDGE_LOOP('',(#11850,#11851,#11852,#11853));
#11850 = ORIENTED_EDGE('',*,*,#11836,.T.);
#11851 = ORIENTED_EDGE('',*,*,#9902,.T.);
#11852 = ORIENTED_EDGE('',*,*,#11817,.F.);
#11853 = ORIENTED_EDGE('',*,*,#8618,.F.);
#11854 = CYLINDRICAL_SURFACE('',#11855,0.999999252925);
#11855 = AXIS2_PLACEMENT_3D('',#11856,#11857,#11858);
#11856 = CARTESIAN_POINT('',(173.18000074707,-102.880000747,0.));
#11857 = DIRECTION('',(-0.,-0.,-1.));
#11858 = DIRECTION('',(-7.470757065322E-07,-1.,0.));
#11859 = ADVANCED_FACE('',(#11860),#11871,.F.);
#11860 = FACE_BOUND('',#11861,.T.);
#11861 = EDGE_LOOP('',(#11862,#11863,#11869,#11870));
#11862 = ORIENTED_EDGE('',*,*,#8644,.T.);
#11863 = ORIENTED_EDGE('',*,*,#11864,.T.);
#11864 = EDGE_CURVE('',#8645,#9929,#11865,.T.);
#11865 = LINE('',#11866,#11867);
#11866 = CARTESIAN_POINT('',(176.9,-100.84,-4.6E-02));
#11867 = VECTOR('',#11868,1.);
#11868 = DIRECTION('',(0.,0.,1.));
#11869 = ORIENTED_EDGE('',*,*,#9928,.F.);
#11870 = ORIENTED_EDGE('',*,*,#11864,.F.);
#11871 = CYLINDRICAL_SURFACE('',#11872,0.5);
#11872 = AXIS2_PLACEMENT_3D('',#11873,#11874,#11875);
#11873 = CARTESIAN_POINT('',(176.9,-100.34,-4.6E-02));
#11874 = DIRECTION('',(-0.,-0.,-1.));
#11875 = DIRECTION('',(-0.,-1.,0.));
#11876 = ADVANCED_FACE('',(#11877),#11888,.F.);
#11877 = FACE_BOUND('',#11878,.T.);
#11878 = EDGE_LOOP('',(#11879,#11880,#11886,#11887));
#11879 = ORIENTED_EDGE('',*,*,#8655,.T.);
#11880 = ORIENTED_EDGE('',*,*,#11881,.T.);
#11881 = EDGE_CURVE('',#8656,#9940,#11882,.T.);
#11882 = LINE('',#11883,#11884);
#11883 = CARTESIAN_POINT('',(176.9,-98.3,-4.6E-02));
#11884 = VECTOR('',#11885,1.);
#11885 = DIRECTION('',(0.,0.,1.));
#11886 = ORIENTED_EDGE('',*,*,#9939,.F.);
#11887 = ORIENTED_EDGE('',*,*,#11881,.F.);
#11888 = CYLINDRICAL_SURFACE('',#11889,0.5);
#11889 = AXIS2_PLACEMENT_3D('',#11890,#11891,#11892);
#11890 = CARTESIAN_POINT('',(176.9,-97.8,-4.6E-02));
#11891 = DIRECTION('',(-0.,-0.,-1.));
#11892 = DIRECTION('',(-0.,-1.,0.));
#11893 = ADVANCED_FACE('',(#11894),#11905,.F.);
#11894 = FACE_BOUND('',#11895,.T.);
#11895 = EDGE_LOOP('',(#11896,#11897,#11903,#11904));
#11896 = ORIENTED_EDGE('',*,*,#8666,.T.);
#11897 = ORIENTED_EDGE('',*,*,#11898,.T.);
#11898 = EDGE_CURVE('',#8667,#9951,#11899,.T.);
#11899 = LINE('',#11900,#11901);
#11900 = CARTESIAN_POINT('',(169.96,-94.51,-4.6E-02));
#11901 = VECTOR('',#11902,1.);
#11902 = DIRECTION('',(0.,0.,1.));
#11903 = ORIENTED_EDGE('',*,*,#9950,.F.);
#11904 = ORIENTED_EDGE('',*,*,#11898,.F.);
#11905 = CYLINDRICAL_SURFACE('',#11906,0.55);
#11906 = AXIS2_PLACEMENT_3D('',#11907,#11908,#11909);
#11907 = CARTESIAN_POINT('',(169.96,-93.96,-4.6E-02));
#11908 = DIRECTION('',(-0.,0.,-1.));
#11909 = DIRECTION('',(5.1675835328E-14,-1.,-0.));
#11910 = ADVANCED_FACE('',(#11911),#11922,.F.);
#11911 = FACE_BOUND('',#11912,.T.);
#11912 = EDGE_LOOP('',(#11913,#11914,#11920,#11921));
#11913 = ORIENTED_EDGE('',*,*,#8677,.T.);
#11914 = ORIENTED_EDGE('',*,*,#11915,.T.);
#11915 = EDGE_CURVE('',#8678,#9962,#11916,.T.);
#11916 = LINE('',#11917,#11918);
#11917 = CARTESIAN_POINT('',(172.5,-94.51,-4.6E-02));
#11918 = VECTOR('',#11919,1.);
#11919 = DIRECTION('',(0.,0.,1.));
#11920 = ORIENTED_EDGE('',*,*,#9961,.F.);
#11921 = ORIENTED_EDGE('',*,*,#11915,.F.);
#11922 = CYLINDRICAL_SURFACE('',#11923,0.55);
#11923 = AXIS2_PLACEMENT_3D('',#11924,#11925,#11926);
#11924 = CARTESIAN_POINT('',(172.5,-93.96,-4.6E-02));
#11925 = DIRECTION('',(-0.,-0.,-1.));
#11926 = DIRECTION('',(-0.,-1.,0.));
#11927 = ADVANCED_FACE('',(#11928),#11939,.F.);
#11928 = FACE_BOUND('',#11929,.T.);
#11929 = EDGE_LOOP('',(#11930,#11931,#11937,#11938));
#11930 = ORIENTED_EDGE('',*,*,#8688,.T.);
#11931 = ORIENTED_EDGE('',*,*,#11932,.T.);
#11932 = EDGE_CURVE('',#8689,#9973,#11933,.T.);
#11933 = LINE('',#11934,#11935);
#11934 = CARTESIAN_POINT('',(175.04,-94.51,-4.6E-02));
#11935 = VECTOR('',#11936,1.);
#11936 = DIRECTION('',(0.,0.,1.));
#11937 = ORIENTED_EDGE('',*,*,#9972,.F.);
#11938 = ORIENTED_EDGE('',*,*,#11932,.F.);
#11939 = CYLINDRICAL_SURFACE('',#11940,0.55);
#11940 = AXIS2_PLACEMENT_3D('',#11941,#11942,#11943);
#11941 = CARTESIAN_POINT('',(175.04,-93.96,-4.6E-02));
#11942 = DIRECTION('',(-0.,-0.,-1.));
#11943 = DIRECTION('',(-5.167583532801E-14,-1.,0.));
#11944 = ADVANCED_FACE('',(#11945),#11956,.F.);
#11945 = FACE_BOUND('',#11946,.T.);
#11946 = EDGE_LOOP('',(#11947,#11948,#11954,#11955));
#11947 = ORIENTED_EDGE('',*,*,#8699,.T.);
#11948 = ORIENTED_EDGE('',*,*,#11949,.T.);
#11949 = EDGE_CURVE('',#8700,#9984,#11950,.T.);
#11950 = LINE('',#11951,#11952);
#11951 = CARTESIAN_POINT('',(181.9,-102.,-4.6E-02));
#11952 = VECTOR('',#11953,1.);
#11953 = DIRECTION('',(0.,0.,1.));
#11954 = ORIENTED_EDGE('',*,*,#9983,.F.);
#11955 = ORIENTED_EDGE('',*,*,#11949,.F.);
#11956 = CYLINDRICAL_SURFACE('',#11957,0.4);
#11957 = AXIS2_PLACEMENT_3D('',#11958,#11959,#11960);
#11958 = CARTESIAN_POINT('',(181.9,-101.6,-4.6E-02));
#11959 = DIRECTION('',(-0.,-0.,-1.));
#11960 = DIRECTION('',(-0.,-1.,0.));
#11961 = ADVANCED_FACE('',(#11962),#11973,.F.);
#11962 = FACE_BOUND('',#11963,.T.);
#11963 = EDGE_LOOP('',(#11964,#11965,#11971,#11972));
#11964 = ORIENTED_EDGE('',*,*,#8710,.T.);
#11965 = ORIENTED_EDGE('',*,*,#11966,.T.);
#11966 = EDGE_CURVE('',#8711,#9995,#11967,.T.);
#11967 = LINE('',#11968,#11969);
#11968 = CARTESIAN_POINT('',(181.9,-99.975,-4.6E-02));
#11969 = VECTOR('',#11970,1.);
#11970 = DIRECTION('',(0.,0.,1.));
#11971 = ORIENTED_EDGE('',*,*,#9994,.F.);
#11972 = ORIENTED_EDGE('',*,*,#11966,.F.);
#11973 = CYLINDRICAL_SURFACE('',#11974,0.375);
#11974 = AXIS2_PLACEMENT_3D('',#11975,#11976,#11977);
#11975 = CARTESIAN_POINT('',(181.9,-99.6,-4.6E-02));
#11976 = DIRECTION('',(-0.,-0.,-1.));
#11977 = DIRECTION('',(-0.,-1.,0.));
#11978 = ADVANCED_FACE('',(#11979),#11990,.F.);
#11979 = FACE_BOUND('',#11980,.T.);
#11980 = EDGE_LOOP('',(#11981,#11982,#11988,#11989));
#11981 = ORIENTED_EDGE('',*,*,#8721,.T.);
#11982 = ORIENTED_EDGE('',*,*,#11983,.T.);
#11983 = EDGE_CURVE('',#8722,#10006,#11984,.T.);
#11984 = LINE('',#11985,#11986);
#11985 = CARTESIAN_POINT('',(181.9,-98.1,-4.6E-02));
#11986 = VECTOR('',#11987,1.);
#11987 = DIRECTION('',(0.,0.,1.));
#11988 = ORIENTED_EDGE('',*,*,#10005,.F.);
#11989 = ORIENTED_EDGE('',*,*,#11983,.F.);
#11990 = CYLINDRICAL_SURFACE('',#11991,0.5);
#11991 = AXIS2_PLACEMENT_3D('',#11992,#11993,#11994);
#11992 = CARTESIAN_POINT('',(181.9,-97.6,-4.6E-02));
#11993 = DIRECTION('',(-0.,-0.,-1.));
#11994 = DIRECTION('',(-0.,-1.,0.));
#11995 = ADVANCED_FACE('',(#11996),#12007,.F.);
#11996 = FACE_BOUND('',#11997,.T.);
#11997 = EDGE_LOOP('',(#11998,#11999,#12005,#12006));
#11998 = ORIENTED_EDGE('',*,*,#8732,.T.);
#11999 = ORIENTED_EDGE('',*,*,#12000,.T.);
#12000 = EDGE_CURVE('',#8733,#10017,#12001,.T.);
#12001 = LINE('',#12002,#12003);
#12002 = CARTESIAN_POINT('',(177.58,-94.51,-4.6E-02));
#12003 = VECTOR('',#12004,1.);
#12004 = DIRECTION('',(0.,0.,1.));
#12005 = ORIENTED_EDGE('',*,*,#10016,.F.);
#12006 = ORIENTED_EDGE('',*,*,#12000,.F.);
#12007 = CYLINDRICAL_SURFACE('',#12008,0.55);
#12008 = AXIS2_PLACEMENT_3D('',#12009,#12010,#12011);
#12009 = CARTESIAN_POINT('',(177.58,-93.96,-4.6E-02));
#12010 = DIRECTION('',(-0.,0.,-1.));
#12011 = DIRECTION('',(5.1675835328E-14,-1.,-0.));
#12012 = ADVANCED_FACE('',(#12013),#12024,.F.);
#12013 = FACE_BOUND('',#12014,.T.);
#12014 = EDGE_LOOP('',(#12015,#12016,#12022,#12023));
#12015 = ORIENTED_EDGE('',*,*,#8743,.T.);
#12016 = ORIENTED_EDGE('',*,*,#12017,.T.);
#12017 = EDGE_CURVE('',#8744,#10028,#12018,.T.);
#12018 = LINE('',#12019,#12020);
#12019 = CARTESIAN_POINT('',(180.12,-94.51,-4.6E-02));
#12020 = VECTOR('',#12021,1.);
#12021 = DIRECTION('',(0.,0.,1.));
#12022 = ORIENTED_EDGE('',*,*,#10027,.F.);
#12023 = ORIENTED_EDGE('',*,*,#12017,.F.);
#12024 = CYLINDRICAL_SURFACE('',#12025,0.55);
#12025 = AXIS2_PLACEMENT_3D('',#12026,#12027,#12028);
#12026 = CARTESIAN_POINT('',(180.12,-93.96,-4.6E-02));
#12027 = DIRECTION('',(-0.,-0.,-1.));
#12028 = DIRECTION('',(-0.,-1.,0.));
#12029 = ADVANCED_FACE('',(#12030),#12041,.F.);
#12030 = FACE_BOUND('',#12031,.T.);
#12031 = EDGE_LOOP('',(#12032,#12033,#12039,#12040));
#12032 = ORIENTED_EDGE('',*,*,#8754,.T.);
#12033 = ORIENTED_EDGE('',*,*,#12034,.T.);
#12034 = EDGE_CURVE('',#8755,#10039,#12035,.T.);
#12035 = LINE('',#12036,#12037);
#12036 = CARTESIAN_POINT('',(182.66,-94.51,-4.6E-02));
#12037 = VECTOR('',#12038,1.);
#12038 = DIRECTION('',(0.,0.,1.));
#12039 = ORIENTED_EDGE('',*,*,#10038,.F.);
#12040 = ORIENTED_EDGE('',*,*,#12034,.F.);
#12041 = CYLINDRICAL_SURFACE('',#12042,0.55);
#12042 = AXIS2_PLACEMENT_3D('',#12043,#12044,#12045);
#12043 = CARTESIAN_POINT('',(182.66,-93.96,-4.6E-02));
#12044 = DIRECTION('',(-0.,-0.,-1.));
#12045 = DIRECTION('',(-5.167583532801E-14,-1.,0.));
#12046 = ADVANCED_FACE('',(#12047),#12058,.F.);
#12047 = FACE_BOUND('',#12048,.T.);
#12048 = EDGE_LOOP('',(#12049,#12050,#12056,#12057));
#12049 = ORIENTED_EDGE('',*,*,#8765,.T.);
#12050 = ORIENTED_EDGE('',*,*,#12051,.T.);
#12051 = EDGE_CURVE('',#8766,#10050,#12052,.T.);
#12052 = LINE('',#12053,#12054);
#12053 = CARTESIAN_POINT('',(176.9,-90.85,-4.6E-02));
#12054 = VECTOR('',#12055,1.);
#12055 = DIRECTION('',(0.,0.,1.));
#12056 = ORIENTED_EDGE('',*,*,#10049,.F.);
#12057 = ORIENTED_EDGE('',*,*,#12051,.F.);
#12058 = CYLINDRICAL_SURFACE('',#12059,0.5);
#12059 = AXIS2_PLACEMENT_3D('',#12060,#12061,#12062);
#12060 = CARTESIAN_POINT('',(176.9,-90.35,-4.6E-02));
#12061 = DIRECTION('',(-0.,-0.,-1.));
#12062 = DIRECTION('',(-0.,-1.,0.));
#12063 = ADVANCED_FACE('',(#12064),#12075,.F.);
#12064 = FACE_BOUND('',#12065,.T.);
#12065 = EDGE_LOOP('',(#12066,#12067,#12073,#12074));
#12066 = ORIENTED_EDGE('',*,*,#8776,.T.);
#12067 = ORIENTED_EDGE('',*,*,#12068,.T.);
#12068 = EDGE_CURVE('',#8777,#10061,#12069,.T.);
#12069 = LINE('',#12070,#12071);
#12070 = CARTESIAN_POINT('',(176.9,-88.75,-4.6E-02));
#12071 = VECTOR('',#12072,1.);
#12072 = DIRECTION('',(0.,0.,1.));
#12073 = ORIENTED_EDGE('',*,*,#10060,.F.);
#12074 = ORIENTED_EDGE('',*,*,#12068,.F.);
#12075 = CYLINDRICAL_SURFACE('',#12076,0.4);
#12076 = AXIS2_PLACEMENT_3D('',#12077,#12078,#12079);
#12077 = CARTESIAN_POINT('',(176.9,-88.35,-4.6E-02));
#12078 = DIRECTION('',(-0.,-0.,-1.));
#12079 = DIRECTION('',(-0.,-1.,0.));
#12080 = ADVANCED_FACE('',(#12081),#12092,.F.);
#12081 = FACE_BOUND('',#12082,.T.);
#12082 = EDGE_LOOP('',(#12083,#12084,#12090,#12091));
#12083 = ORIENTED_EDGE('',*,*,#8787,.T.);
#12084 = ORIENTED_EDGE('',*,*,#12085,.T.);
#12085 = EDGE_CURVE('',#8788,#10072,#12086,.T.);
#12086 = LINE('',#12087,#12088);
#12087 = CARTESIAN_POINT('',(176.9,-86.75,-4.6E-02));
#12088 = VECTOR('',#12089,1.);
#12089 = DIRECTION('',(0.,0.,1.));
#12090 = ORIENTED_EDGE('',*,*,#10071,.F.);
#12091 = ORIENTED_EDGE('',*,*,#12085,.F.);
#12092 = CYLINDRICAL_SURFACE('',#12093,0.4);
#12093 = AXIS2_PLACEMENT_3D('',#12094,#12095,#12096);
#12094 = CARTESIAN_POINT('',(176.9,-86.35,-4.6E-02));
#12095 = DIRECTION('',(-0.,-0.,-1.));
#12096 = DIRECTION('',(-0.,-1.,0.));
#12097 = ADVANCED_FACE('',(#12098),#12109,.F.);
#12098 = FACE_BOUND('',#12099,.T.);
#12099 = EDGE_LOOP('',(#12100,#12101,#12107,#12108));
#12100 = ORIENTED_EDGE('',*,*,#8798,.T.);
#12101 = ORIENTED_EDGE('',*,*,#12102,.T.);
#12102 = EDGE_CURVE('',#8799,#10083,#12103,.T.);
#12103 = LINE('',#12104,#12105);
#12104 = CARTESIAN_POINT('',(176.9,-84.725,-4.6E-02));
#12105 = VECTOR('',#12106,1.);
#12106 = DIRECTION('',(0.,0.,1.));
#12107 = ORIENTED_EDGE('',*,*,#10082,.F.);
#12108 = ORIENTED_EDGE('',*,*,#12102,.F.);
#12109 = CYLINDRICAL_SURFACE('',#12110,0.375);
#12110 = AXIS2_PLACEMENT_3D('',#12111,#12112,#12113);
#12111 = CARTESIAN_POINT('',(176.9,-84.35,-4.6E-02));
#12112 = DIRECTION('',(-0.,-0.,-1.));
#12113 = DIRECTION('',(-0.,-1.,0.));
#12114 = ADVANCED_FACE('',(#12115),#12126,.F.);
#12115 = FACE_BOUND('',#12116,.T.);
#12116 = EDGE_LOOP('',(#12117,#12118,#12124,#12125));
#12117 = ORIENTED_EDGE('',*,*,#8809,.T.);
#12118 = ORIENTED_EDGE('',*,*,#12119,.T.);
#12119 = EDGE_CURVE('',#8810,#10094,#12120,.T.);
#12120 = LINE('',#12121,#12122);
#12121 = CARTESIAN_POINT('',(176.9,-82.85,-4.6E-02));
#12122 = VECTOR('',#12123,1.);
#12123 = DIRECTION('',(0.,0.,1.));
#12124 = ORIENTED_EDGE('',*,*,#10093,.F.);
#12125 = ORIENTED_EDGE('',*,*,#12119,.F.);
#12126 = CYLINDRICAL_SURFACE('',#12127,0.5);
#12127 = AXIS2_PLACEMENT_3D('',#12128,#12129,#12130);
#12128 = CARTESIAN_POINT('',(176.9,-82.35,-4.6E-02));
#12129 = DIRECTION('',(-0.,-0.,-1.));
#12130 = DIRECTION('',(-0.,-1.,0.));
#12131 = ADVANCED_FACE('',(#12132),#12143,.F.);
#12132 = FACE_BOUND('',#12133,.T.);
#12133 = EDGE_LOOP('',(#12134,#12140,#12141,#12142));
#12134 = ORIENTED_EDGE('',*,*,#12135,.T.);
#12135 = EDGE_CURVE('',#8821,#10105,#12136,.T.);
#12136 = LINE('',#12137,#12138);
#12137 = CARTESIAN_POINT('',(160.9,-78.6,0.));
#12138 = VECTOR('',#12139,1.);
#12139 = DIRECTION('',(0.,0.,1.));
#12140 = ORIENTED_EDGE('',*,*,#10104,.T.);
#12141 = ORIENTED_EDGE('',*,*,#12135,.F.);
#12142 = ORIENTED_EDGE('',*,*,#8820,.F.);
#12143 = CYLINDRICAL_SURFACE('',#12144,1.5);
#12144 = AXIS2_PLACEMENT_3D('',#12145,#12146,#12147);
#12145 = CARTESIAN_POINT('',(159.4,-78.6,0.));
#12146 = DIRECTION('',(-0.,-0.,-1.));
#12147 = DIRECTION('',(1.,0.,-0.));
#12148 = ADVANCED_FACE('',(#12149),#12160,.F.);
#12149 = FACE_BOUND('',#12150,.T.);
#12150 = EDGE_LOOP('',(#12151,#12152,#12158,#12159));
#12151 = ORIENTED_EDGE('',*,*,#8831,.T.);
#12152 = ORIENTED_EDGE('',*,*,#12153,.T.);
#12153 = EDGE_CURVE('',#8832,#10116,#12154,.T.);
#12154 = LINE('',#12155,#12156);
#12155 = CARTESIAN_POINT('',(151.,-69.686,-4.6E-02));
#12156 = VECTOR('',#12157,1.);
#12157 = DIRECTION('',(0.,0.,1.));
#12158 = ORIENTED_EDGE('',*,*,#10115,.F.);
#12159 = ORIENTED_EDGE('',*,*,#12153,.F.);
#12160 = CYLINDRICAL_SURFACE('',#12161,1.5);
#12161 = AXIS2_PLACEMENT_3D('',#12162,#12163,#12164);
#12162 = CARTESIAN_POINT('',(151.,-68.186,-4.6E-02));
#12163 = DIRECTION('',(-0.,-0.,-1.));
#12164 = DIRECTION('',(-0.,-1.,0.));
#12165 = ADVANCED_FACE('',(#12166),#12177,.F.);
#12166 = FACE_BOUND('',#12167,.T.);
#12167 = EDGE_LOOP('',(#12168,#12169,#12175,#12176));
#12168 = ORIENTED_EDGE('',*,*,#8842,.T.);
#12169 = ORIENTED_EDGE('',*,*,#12170,.T.);
#12170 = EDGE_CURVE('',#8843,#10127,#12171,.T.);
#12171 = LINE('',#12172,#12173);
#12172 = CARTESIAN_POINT('',(156.,-71.886,-4.6E-02));
#12173 = VECTOR('',#12174,1.);
#12174 = DIRECTION('',(0.,0.,1.));
#12175 = ORIENTED_EDGE('',*,*,#10126,.F.);
#12176 = ORIENTED_EDGE('',*,*,#12170,.F.);
#12177 = CYLINDRICAL_SURFACE('',#12178,1.5);
#12178 = AXIS2_PLACEMENT_3D('',#12179,#12180,#12181);
#12179 = CARTESIAN_POINT('',(156.,-70.386,-4.6E-02));
#12180 = DIRECTION('',(-0.,-0.,-1.));
#12181 = DIRECTION('',(-0.,-1.,0.));
#12182 = ADVANCED_FACE('',(#12183),#12194,.F.);
#12183 = FACE_BOUND('',#12184,.T.);
#12184 = EDGE_LOOP('',(#12185,#12186,#12192,#12193));
#12185 = ORIENTED_EDGE('',*,*,#8853,.T.);
#12186 = ORIENTED_EDGE('',*,*,#12187,.T.);
#12187 = EDGE_CURVE('',#8854,#10138,#12188,.T.);
#12188 = LINE('',#12189,#12190);
#12189 = CARTESIAN_POINT('',(150.5,-65.2869,-4.6E-02));
#12190 = VECTOR('',#12191,1.);
#12191 = DIRECTION('',(0.,0.,1.));
#12192 = ORIENTED_EDGE('',*,*,#10137,.F.);
#12193 = ORIENTED_EDGE('',*,*,#12187,.F.);
#12194 = CYLINDRICAL_SURFACE('',#12195,0.8509);
#12195 = AXIS2_PLACEMENT_3D('',#12196,#12197,#12198);
#12196 = CARTESIAN_POINT('',(150.5,-64.436,-4.6E-02));
#12197 = DIRECTION('',(-0.,-0.,-1.));
#12198 = DIRECTION('',(-0.,-1.,0.));
#12199 = ADVANCED_FACE('',(#12200),#12211,.F.);
#12200 = FACE_BOUND('',#12201,.T.);
#12201 = EDGE_LOOP('',(#12202,#12203,#12209,#12210));
#12202 = ORIENTED_EDGE('',*,*,#8864,.T.);
#12203 = ORIENTED_EDGE('',*,*,#12204,.T.);
#12204 = EDGE_CURVE('',#8865,#10149,#12205,.T.);
#12205 = LINE('',#12206,#12207);
#12206 = CARTESIAN_POINT('',(156.,-66.1505,-4.6E-02));
#12207 = VECTOR('',#12208,1.);
#12208 = DIRECTION('',(0.,0.,1.));
#12209 = ORIENTED_EDGE('',*,*,#10148,.F.);
#12210 = ORIENTED_EDGE('',*,*,#12204,.F.);
#12211 = CYLINDRICAL_SURFACE('',#12212,1.7145);
#12212 = AXIS2_PLACEMENT_3D('',#12213,#12214,#12215);
#12213 = CARTESIAN_POINT('',(156.,-64.436,-4.6E-02));
#12214 = DIRECTION('',(-0.,-0.,-1.));
#12215 = DIRECTION('',(-0.,-1.,0.));
#12216 = ADVANCED_FACE('',(#12217),#12228,.F.);
#12217 = FACE_BOUND('',#12218,.T.);
#12218 = EDGE_LOOP('',(#12219,#12220,#12226,#12227));
#12219 = ORIENTED_EDGE('',*,*,#8875,.T.);
#12220 = ORIENTED_EDGE('',*,*,#12221,.T.);
#12221 = EDGE_CURVE('',#8876,#10160,#12222,.T.);
#12222 = LINE('',#12223,#12224);
#12223 = CARTESIAN_POINT('',(161.5,-65.2869,-4.6E-02));
#12224 = VECTOR('',#12225,1.);
#12225 = DIRECTION('',(0.,0.,1.));
#12226 = ORIENTED_EDGE('',*,*,#10159,.F.);
#12227 = ORIENTED_EDGE('',*,*,#12221,.F.);
#12228 = CYLINDRICAL_SURFACE('',#12229,0.8509);
#12229 = AXIS2_PLACEMENT_3D('',#12230,#12231,#12232);
#12230 = CARTESIAN_POINT('',(161.5,-64.436,-4.6E-02));
#12231 = DIRECTION('',(-0.,-0.,-1.));
#12232 = DIRECTION('',(-0.,-1.,0.));
#12233 = ADVANCED_FACE('',(#12234),#12245,.F.);
#12234 = FACE_BOUND('',#12235,.T.);
#12235 = EDGE_LOOP('',(#12236,#12237,#12243,#12244));
#12236 = ORIENTED_EDGE('',*,*,#8886,.T.);
#12237 = ORIENTED_EDGE('',*,*,#12238,.T.);
#12238 = EDGE_CURVE('',#8887,#10171,#12239,.T.);
#12239 = LINE('',#12240,#12241);
#12240 = CARTESIAN_POINT('',(169.86,-75.6,-4.6E-02));
#12241 = VECTOR('',#12242,1.);
#12242 = DIRECTION('',(0.,0.,1.));
#12243 = ORIENTED_EDGE('',*,*,#10170,.F.);
#12244 = ORIENTED_EDGE('',*,*,#12238,.F.);
#12245 = CYLINDRICAL_SURFACE('',#12246,0.5);
#12246 = AXIS2_PLACEMENT_3D('',#12247,#12248,#12249);
#12247 = CARTESIAN_POINT('',(169.86,-75.1,-4.6E-02));
#12248 = DIRECTION('',(-0.,-0.,-1.));
#12249 = DIRECTION('',(-0.,-1.,0.));
#12250 = ADVANCED_FACE('',(#12251),#12262,.F.);
#12251 = FACE_BOUND('',#12252,.T.);
#12252 = EDGE_LOOP('',(#12253,#12254,#12260,#12261));
#12253 = ORIENTED_EDGE('',*,*,#8897,.T.);
#12254 = ORIENTED_EDGE('',*,*,#12255,.T.);
#12255 = EDGE_CURVE('',#8898,#10182,#12256,.T.);
#12256 = LINE('',#12257,#12258);
#12257 = CARTESIAN_POINT('',(172.4,-75.6,-4.6E-02));
#12258 = VECTOR('',#12259,1.);
#12259 = DIRECTION('',(0.,0.,1.));
#12260 = ORIENTED_EDGE('',*,*,#10181,.F.);
#12261 = ORIENTED_EDGE('',*,*,#12255,.F.);
#12262 = CYLINDRICAL_SURFACE('',#12263,0.5);
#12263 = AXIS2_PLACEMENT_3D('',#12264,#12265,#12266);
#12264 = CARTESIAN_POINT('',(172.4,-75.1,-4.6E-02));
#12265 = DIRECTION('',(-0.,-0.,-1.));
#12266 = DIRECTION('',(-0.,-1.,0.));
#12267 = ADVANCED_FACE('',(#12268),#12279,.F.);
#12268 = FACE_BOUND('',#12269,.T.);
#12269 = EDGE_LOOP('',(#12270,#12271,#12277,#12278));
#12270 = ORIENTED_EDGE('',*,*,#8908,.T.);
#12271 = ORIENTED_EDGE('',*,*,#12272,.T.);
#12272 = EDGE_CURVE('',#8909,#10193,#12273,.T.);
#12273 = LINE('',#12274,#12275);
#12274 = CARTESIAN_POINT('',(178.148,-77.716,-4.6E-02));
#12275 = VECTOR('',#12276,1.);
#12276 = DIRECTION('',(0.,0.,1.));
#12277 = ORIENTED_EDGE('',*,*,#10192,.F.);
#12278 = ORIENTED_EDGE('',*,*,#12272,.F.);
#12279 = CYLINDRICAL_SURFACE('',#12280,0.5);
#12280 = AXIS2_PLACEMENT_3D('',#12281,#12282,#12283);
#12281 = CARTESIAN_POINT('',(178.148,-77.216,-4.6E-02));
#12282 = DIRECTION('',(-0.,-0.,-1.));
#12283 = DIRECTION('',(-0.,-1.,0.));
#12284 = ADVANCED_FACE('',(#12285),#12296,.F.);
#12285 = FACE_BOUND('',#12286,.T.);
#12286 = EDGE_LOOP('',(#12287,#12288,#12294,#12295));
#12287 = ORIENTED_EDGE('',*,*,#8919,.T.);
#12288 = ORIENTED_EDGE('',*,*,#12289,.T.);
#12289 = EDGE_CURVE('',#8920,#10204,#12290,.T.);
#12290 = LINE('',#12291,#12292);
#12291 = CARTESIAN_POINT('',(180.688,-77.716,-4.6E-02));
#12292 = VECTOR('',#12293,1.);
#12293 = DIRECTION('',(0.,0.,1.));
#12294 = ORIENTED_EDGE('',*,*,#10203,.F.);
#12295 = ORIENTED_EDGE('',*,*,#12289,.F.);
#12296 = CYLINDRICAL_SURFACE('',#12297,0.5);
#12297 = AXIS2_PLACEMENT_3D('',#12298,#12299,#12300);
#12298 = CARTESIAN_POINT('',(180.688,-77.216,-4.6E-02));
#12299 = DIRECTION('',(-0.,-0.,-1.));
#12300 = DIRECTION('',(-0.,-1.,0.));
#12301 = ADVANCED_FACE('',(#12302),#12313,.F.);
#12302 = FACE_BOUND('',#12303,.T.);
#12303 = EDGE_LOOP('',(#12304,#12305,#12311,#12312));
#12304 = ORIENTED_EDGE('',*,*,#8930,.T.);
#12305 = ORIENTED_EDGE('',*,*,#12306,.T.);
#12306 = EDGE_CURVE('',#8931,#10215,#12307,.T.);
#12307 = LINE('',#12308,#12309);
#12308 = CARTESIAN_POINT('',(183.228,-77.716,-4.6E-02));
#12309 = VECTOR('',#12310,1.);
#12310 = DIRECTION('',(0.,0.,1.));
#12311 = ORIENTED_EDGE('',*,*,#10214,.F.);
#12312 = ORIENTED_EDGE('',*,*,#12306,.F.);
#12313 = CYLINDRICAL_SURFACE('',#12314,0.5);
#12314 = AXIS2_PLACEMENT_3D('',#12315,#12316,#12317);
#12315 = CARTESIAN_POINT('',(183.228,-77.216,-4.6E-02));
#12316 = DIRECTION('',(-0.,-0.,-1.));
#12317 = DIRECTION('',(-0.,-1.,0.));
#12318 = ADVANCED_FACE('',(#12319),#12330,.F.);
#12319 = FACE_BOUND('',#12320,.T.);
#12320 = EDGE_LOOP('',(#12321,#12322,#12328,#12329));
#12321 = ORIENTED_EDGE('',*,*,#8941,.T.);
#12322 = ORIENTED_EDGE('',*,*,#12323,.T.);
#12323 = EDGE_CURVE('',#8942,#10226,#12324,.T.);
#12324 = LINE('',#12325,#12326);
#12325 = CARTESIAN_POINT('',(185.768,-77.716,-4.6E-02));
#12326 = VECTOR('',#12327,1.);
#12327 = DIRECTION('',(0.,0.,1.));
#12328 = ORIENTED_EDGE('',*,*,#10225,.F.);
#12329 = ORIENTED_EDGE('',*,*,#12323,.F.);
#12330 = CYLINDRICAL_SURFACE('',#12331,0.5);
#12331 = AXIS2_PLACEMENT_3D('',#12332,#12333,#12334);
#12332 = CARTESIAN_POINT('',(185.768,-77.216,-4.6E-02));
#12333 = DIRECTION('',(-0.,-0.,-1.));
#12334 = DIRECTION('',(-0.,-1.,0.));
#12335 = ADVANCED_FACE('',(#12336),#12347,.F.);
#12336 = FACE_BOUND('',#12337,.T.);
#12337 = EDGE_LOOP('',(#12338,#12339,#12345,#12346));
#12338 = ORIENTED_EDGE('',*,*,#8952,.T.);
#12339 = ORIENTED_EDGE('',*,*,#12340,.T.);
#12340 = EDGE_CURVE('',#8953,#10237,#12341,.T.);
#12341 = LINE('',#12342,#12343);
#12342 = CARTESIAN_POINT('',(182.4028,-70.95,-4.6E-02));
#12343 = VECTOR('',#12344,1.);
#12344 = DIRECTION('',(0.,0.,1.));
#12345 = ORIENTED_EDGE('',*,*,#10236,.F.);
#12346 = ORIENTED_EDGE('',*,*,#12340,.F.);
#12347 = CYLINDRICAL_SURFACE('',#12348,1.85);
#12348 = AXIS2_PLACEMENT_3D('',#12349,#12350,#12351);
#12349 = CARTESIAN_POINT('',(182.4028,-69.1,-4.6E-02));
#12350 = DIRECTION('',(-0.,-0.,-1.));
#12351 = DIRECTION('',(-0.,-1.,0.));
#12352 = ( GEOMETRIC_REPRESENTATION_CONTEXT(3) 
GLOBAL_UNCERTAINTY_ASSIGNED_CONTEXT((#12356)) 
GLOBAL_UNIT_ASSIGNED_CONTEXT((#12353,#12354,#12355)) 
REPRESENTATION_CONTEXT('Context #1',
  '3D Context with UNIT and UNCERTAINTY') );
#12353 = ( LENGTH_UNIT() NAMED_UNIT(*) SI_UNIT(.MILLI.,.METRE.) );
#12354 = ( NAMED_UNIT(*) PLANE_ANGLE_UNIT() SI_UNIT($,.RADIAN.) );
#12355 = ( NAMED_UNIT(*) SI_UNIT($,.STERADIAN.) SOLID_ANGLE_UNIT() );
#12356 = UNCERTAINTY_MEASURE_WITH_UNIT(LENGTH_MEASURE(1.E-07),#12353,
  'distance_accuracy_value','confusion accuracy');
#12357 = CONTEXT_DEPENDENT_SHAPE_REPRESENTATION(#12358,#12360);
#12358 = ( REPRESENTATION_RELATIONSHIP('','',#7574,#10) 
REPRESENTATION_RELATIONSHIP_WITH_TRANSFORMATION(#12359) 
SHAPE_REPRESENTATION_RELATIONSHIP() );
#12359 = ITEM_DEFINED_TRANSFORMATION('','',#11,#47);
#12360 = PRODUCT_DEFINITION_SHAPE('Placement','Placement of an item',
  #12361);
#12361 = NEXT_ASSEMBLY_USAGE_OCCURRENCE('9','=>[0:1:1:5]','',#5,#7569,$
  );
#12362 = PRODUCT_RELATED_PRODUCT_CATEGORY('part',$,(#7571));
#12363 = MECHANICAL_DESIGN_GEOMETRIC_PRESENTATION_REPRESENTATION('',(
    #12364,#12372,#12379,#12386,#12393,#12400,#12407,#12414,#12421,
    #12428,#12435,#12442,#12449,#12456,#12463,#12470,#12477,#12485,
    #12492,#12499,#12506,#12513,#12520,#12527,#12534,#12541,#12548,
    #12555,#12562,#12569,#12576,#12583,#12590,#12597,#12604,#12611,
    #12618,#12625,#12632,#12639,#12646,#12653,#12660,#12667,#12674,
    #12681,#12688,#12695,#12702,#12709,#12716,#12723),#7556);
#12364 = STYLED_ITEM('color',(#12365),#6126);
#12365 = PRESENTATION_STYLE_ASSIGNMENT((#12366));
#12366 = SURFACE_STYLE_USAGE(.BOTH.,#12367);
#12367 = SURFACE_SIDE_STYLE('',(#12368));
#12368 = SURFACE_STYLE_FILL_AREA(#12369);
#12369 = FILL_AREA_STYLE('',(#12370));
#12370 = FILL_AREA_STYLE_COLOUR('',#12371);
#12371 = COLOUR_RGB('',0.147999998088,0.144999993226,0.144999993226);
#12372 = STYLED_ITEM('color',(#12373),#6166);
#12373 = PRESENTATION_STYLE_ASSIGNMENT((#12374));
#12374 = SURFACE_STYLE_USAGE(.BOTH.,#12375);
#12375 = SURFACE_SIDE_STYLE('',(#12376));
#12376 = SURFACE_STYLE_FILL_AREA(#12377);
#12377 = FILL_AREA_STYLE('',(#12378));
#12378 = FILL_AREA_STYLE_COLOUR('',#12371);
#12379 = STYLED_ITEM('color',(#12380),#6197);
#12380 = PRESENTATION_STYLE_ASSIGNMENT((#12381));
#12381 = SURFACE_STYLE_USAGE(.BOTH.,#12382);
#12382 = SURFACE_SIDE_STYLE('',(#12383));
#12383 = SURFACE_STYLE_FILL_AREA(#12384);
#12384 = FILL_AREA_STYLE('',(#12385));
#12385 = FILL_AREA_STYLE_COLOUR('',#12371);
#12386 = STYLED_ITEM('color',(#12387),#6228);
#12387 = PRESENTATION_STYLE_ASSIGNMENT((#12388));
#12388 = SURFACE_STYLE_USAGE(.BOTH.,#12389);
#12389 = SURFACE_SIDE_STYLE('',(#12390));
#12390 = SURFACE_STYLE_FILL_AREA(#12391);
#12391 = FILL_AREA_STYLE('',(#12392));
#12392 = FILL_AREA_STYLE_COLOUR('',#12371);
#12393 = STYLED_ITEM('color',(#12394),#6393);
#12394 = PRESENTATION_STYLE_ASSIGNMENT((#12395));
#12395 = SURFACE_STYLE_USAGE(.BOTH.,#12396);
#12396 = SURFACE_SIDE_STYLE('',(#12397));
#12397 = SURFACE_STYLE_FILL_AREA(#12398);
#12398 = FILL_AREA_STYLE('',(#12399));
#12399 = FILL_AREA_STYLE_COLOUR('',#12371);
#12400 = STYLED_ITEM('color',(#12401),#6558);
#12401 = PRESENTATION_STYLE_ASSIGNMENT((#12402));
#12402 = SURFACE_STYLE_USAGE(.BOTH.,#12403);
#12403 = SURFACE_SIDE_STYLE('',(#12404));
#12404 = SURFACE_STYLE_FILL_AREA(#12405);
#12405 = FILL_AREA_STYLE('',(#12406));
#12406 = FILL_AREA_STYLE_COLOUR('',#12371);
#12407 = STYLED_ITEM('color',(#12408),#6575);
#12408 = PRESENTATION_STYLE_ASSIGNMENT((#12409));
#12409 = SURFACE_STYLE_USAGE(.BOTH.,#12410);
#12410 = SURFACE_SIDE_STYLE('',(#12411));
#12411 = SURFACE_STYLE_FILL_AREA(#12412);
#12412 = FILL_AREA_STYLE('',(#12413));
#12413 = FILL_AREA_STYLE_COLOUR('',#12371);
#12414 = STYLED_ITEM('color',(#12415),#6592);
#12415 = PRESENTATION_STYLE_ASSIGNMENT((#12416));
#12416 = SURFACE_STYLE_USAGE(.BOTH.,#12417);
#12417 = SURFACE_SIDE_STYLE('',(#12418));
#12418 = SURFACE_STYLE_FILL_AREA(#12419);
#12419 = FILL_AREA_STYLE('',(#12420));
#12420 = FILL_AREA_STYLE_COLOUR('',#12371);
#12421 = STYLED_ITEM('color',(#12422),#6609);
#12422 = PRESENTATION_STYLE_ASSIGNMENT((#12423));
#12423 = SURFACE_STYLE_USAGE(.BOTH.,#12424);
#12424 = SURFACE_SIDE_STYLE('',(#12425));
#12425 = SURFACE_STYLE_FILL_AREA(#12426);
#12426 = FILL_AREA_STYLE('',(#12427));
#12427 = FILL_AREA_STYLE_COLOUR('',#12371);
#12428 = STYLED_ITEM('color',(#12429),#6626);
#12429 = PRESENTATION_STYLE_ASSIGNMENT((#12430));
#12430 = SURFACE_STYLE_USAGE(.BOTH.,#12431);
#12431 = SURFACE_SIDE_STYLE('',(#12432));
#12432 = SURFACE_STYLE_FILL_AREA(#12433);
#12433 = FILL_AREA_STYLE('',(#12434));
#12434 = FILL_AREA_STYLE_COLOUR('',#12371);
#12435 = STYLED_ITEM('color',(#12436),#6643);
#12436 = PRESENTATION_STYLE_ASSIGNMENT((#12437));
#12437 = SURFACE_STYLE_USAGE(.BOTH.,#12438);
#12438 = SURFACE_SIDE_STYLE('',(#12439));
#12439 = SURFACE_STYLE_FILL_AREA(#12440);
#12440 = FILL_AREA_STYLE('',(#12441));
#12441 = FILL_AREA_STYLE_COLOUR('',#12371);
#12442 = STYLED_ITEM('color',(#12443),#6660);
#12443 = PRESENTATION_STYLE_ASSIGNMENT((#12444));
#12444 = SURFACE_STYLE_USAGE(.BOTH.,#12445);
#12445 = SURFACE_SIDE_STYLE('',(#12446));
#12446 = SURFACE_STYLE_FILL_AREA(#12447);
#12447 = FILL_AREA_STYLE('',(#12448));
#12448 = FILL_AREA_STYLE_COLOUR('',#12371);
#12449 = STYLED_ITEM('color',(#12450),#6677);
#12450 = PRESENTATION_STYLE_ASSIGNMENT((#12451));
#12451 = SURFACE_STYLE_USAGE(.BOTH.,#12452);
#12452 = SURFACE_SIDE_STYLE('',(#12453));
#12453 = SURFACE_STYLE_FILL_AREA(#12454);
#12454 = FILL_AREA_STYLE('',(#12455));
#12455 = FILL_AREA_STYLE_COLOUR('',#12371);
#12456 = STYLED_ITEM('color',(#12457),#6694);
#12457 = PRESENTATION_STYLE_ASSIGNMENT((#12458));
#12458 = SURFACE_STYLE_USAGE(.BOTH.,#12459);
#12459 = SURFACE_SIDE_STYLE('',(#12460));
#12460 = SURFACE_STYLE_FILL_AREA(#12461);
#12461 = FILL_AREA_STYLE('',(#12462));
#12462 = FILL_AREA_STYLE_COLOUR('',#12371);
#12463 = STYLED_ITEM('color',(#12464),#6711);
#12464 = PRESENTATION_STYLE_ASSIGNMENT((#12465));
#12465 = SURFACE_STYLE_USAGE(.BOTH.,#12466);
#12466 = SURFACE_SIDE_STYLE('',(#12467));
#12467 = SURFACE_STYLE_FILL_AREA(#12468);
#12468 = FILL_AREA_STYLE('',(#12469));
#12469 = FILL_AREA_STYLE_COLOUR('',#12371);
#12470 = STYLED_ITEM('color',(#12471),#6728);
#12471 = PRESENTATION_STYLE_ASSIGNMENT((#12472));
#12472 = SURFACE_STYLE_USAGE(.BOTH.,#12473);
#12473 = SURFACE_SIDE_STYLE('',(#12474));
#12474 = SURFACE_STYLE_FILL_AREA(#12475);
#12475 = FILL_AREA_STYLE('',(#12476));
#12476 = FILL_AREA_STYLE_COLOUR('',#12371);
#12477 = STYLED_ITEM('color',(#12478),#6740);
#12478 = PRESENTATION_STYLE_ASSIGNMENT((#12479));
#12479 = SURFACE_STYLE_USAGE(.BOTH.,#12480);
#12480 = SURFACE_SIDE_STYLE('',(#12481));
#12481 = SURFACE_STYLE_FILL_AREA(#12482);
#12482 = FILL_AREA_STYLE('',(#12483));
#12483 = FILL_AREA_STYLE_COLOUR('',#12484);
#12484 = COLOUR_RGB('',0.859000020776,0.737999965183,0.495999988746);
#12485 = STYLED_ITEM('color',(#12486),#6771);
#12486 = PRESENTATION_STYLE_ASSIGNMENT((#12487));
#12487 = SURFACE_STYLE_USAGE(.BOTH.,#12488);
#12488 = SURFACE_SIDE_STYLE('',(#12489));
#12489 = SURFACE_STYLE_FILL_AREA(#12490);
#12490 = FILL_AREA_STYLE('',(#12491));
#12491 = FILL_AREA_STYLE_COLOUR('',#12484);
#12492 = STYLED_ITEM('color',(#12493),#6795);
#12493 = PRESENTATION_STYLE_ASSIGNMENT((#12494));
#12494 = SURFACE_STYLE_USAGE(.BOTH.,#12495);
#12495 = SURFACE_SIDE_STYLE('',(#12496));
#12496 = SURFACE_STYLE_FILL_AREA(#12497);
#12497 = FILL_AREA_STYLE('',(#12498));
#12498 = FILL_AREA_STYLE_COLOUR('',#12484);
#12499 = STYLED_ITEM('color',(#12500),#6819);
#12500 = PRESENTATION_STYLE_ASSIGNMENT((#12501));
#12501 = SURFACE_STYLE_USAGE(.BOTH.,#12502);
#12502 = SURFACE_SIDE_STYLE('',(#12503));
#12503 = SURFACE_STYLE_FILL_AREA(#12504);
#12504 = FILL_AREA_STYLE('',(#12505));
#12505 = FILL_AREA_STYLE_COLOUR('',#12484);
#12506 = STYLED_ITEM('color',(#12507),#6836);
#12507 = PRESENTATION_STYLE_ASSIGNMENT((#12508));
#12508 = SURFACE_STYLE_USAGE(.BOTH.,#12509);
#12509 = SURFACE_SIDE_STYLE('',(#12510));
#12510 = SURFACE_STYLE_FILL_AREA(#12511);
#12511 = FILL_AREA_STYLE('',(#12512));
#12512 = FILL_AREA_STYLE_COLOUR('',#12484);
#12513 = STYLED_ITEM('color',(#12514),#6867);
#12514 = PRESENTATION_STYLE_ASSIGNMENT((#12515));
#12515 = SURFACE_STYLE_USAGE(.BOTH.,#12516);
#12516 = SURFACE_SIDE_STYLE('',(#12517));
#12517 = SURFACE_STYLE_FILL_AREA(#12518);
#12518 = FILL_AREA_STYLE('',(#12519));
#12519 = FILL_AREA_STYLE_COLOUR('',#12484);
#12520 = STYLED_ITEM('color',(#12521),#6891);
#12521 = PRESENTATION_STYLE_ASSIGNMENT((#12522));
#12522 = SURFACE_STYLE_USAGE(.BOTH.,#12523);
#12523 = SURFACE_SIDE_STYLE('',(#12524));
#12524 = SURFACE_STYLE_FILL_AREA(#12525);
#12525 = FILL_AREA_STYLE('',(#12526));
#12526 = FILL_AREA_STYLE_COLOUR('',#12484);
#12527 = STYLED_ITEM('color',(#12528),#6915);
#12528 = PRESENTATION_STYLE_ASSIGNMENT((#12529));
#12529 = SURFACE_STYLE_USAGE(.BOTH.,#12530);
#12530 = SURFACE_SIDE_STYLE('',(#12531));
#12531 = SURFACE_STYLE_FILL_AREA(#12532);
#12532 = FILL_AREA_STYLE('',(#12533));
#12533 = FILL_AREA_STYLE_COLOUR('',#12484);
#12534 = STYLED_ITEM('color',(#12535),#6932);
#12535 = PRESENTATION_STYLE_ASSIGNMENT((#12536));
#12536 = SURFACE_STYLE_USAGE(.BOTH.,#12537);
#12537 = SURFACE_SIDE_STYLE('',(#12538));
#12538 = SURFACE_STYLE_FILL_AREA(#12539);
#12539 = FILL_AREA_STYLE('',(#12540));
#12540 = FILL_AREA_STYLE_COLOUR('',#12484);
#12541 = STYLED_ITEM('color',(#12542),#6963);
#12542 = PRESENTATION_STYLE_ASSIGNMENT((#12543));
#12543 = SURFACE_STYLE_USAGE(.BOTH.,#12544);
#12544 = SURFACE_SIDE_STYLE('',(#12545));
#12545 = SURFACE_STYLE_FILL_AREA(#12546);
#12546 = FILL_AREA_STYLE('',(#12547));
#12547 = FILL_AREA_STYLE_COLOUR('',#12484);
#12548 = STYLED_ITEM('color',(#12549),#6987);
#12549 = PRESENTATION_STYLE_ASSIGNMENT((#12550));
#12550 = SURFACE_STYLE_USAGE(.BOTH.,#12551);
#12551 = SURFACE_SIDE_STYLE('',(#12552));
#12552 = SURFACE_STYLE_FILL_AREA(#12553);
#12553 = FILL_AREA_STYLE('',(#12554));
#12554 = FILL_AREA_STYLE_COLOUR('',#12484);
#12555 = STYLED_ITEM('color',(#12556),#7011);
#12556 = PRESENTATION_STYLE_ASSIGNMENT((#12557));
#12557 = SURFACE_STYLE_USAGE(.BOTH.,#12558);
#12558 = SURFACE_SIDE_STYLE('',(#12559));
#12559 = SURFACE_STYLE_FILL_AREA(#12560);
#12560 = FILL_AREA_STYLE('',(#12561));
#12561 = FILL_AREA_STYLE_COLOUR('',#12484);
#12562 = STYLED_ITEM('color',(#12563),#7028);
#12563 = PRESENTATION_STYLE_ASSIGNMENT((#12564));
#12564 = SURFACE_STYLE_USAGE(.BOTH.,#12565);
#12565 = SURFACE_SIDE_STYLE('',(#12566));
#12566 = SURFACE_STYLE_FILL_AREA(#12567);
#12567 = FILL_AREA_STYLE('',(#12568));
#12568 = FILL_AREA_STYLE_COLOUR('',#12484);
#12569 = STYLED_ITEM('color',(#12570),#7059);
#12570 = PRESENTATION_STYLE_ASSIGNMENT((#12571));
#12571 = SURFACE_STYLE_USAGE(.BOTH.,#12572);
#12572 = SURFACE_SIDE_STYLE('',(#12573));
#12573 = SURFACE_STYLE_FILL_AREA(#12574);
#12574 = FILL_AREA_STYLE('',(#12575));
#12575 = FILL_AREA_STYLE_COLOUR('',#12484);
#12576 = STYLED_ITEM('color',(#12577),#7083);
#12577 = PRESENTATION_STYLE_ASSIGNMENT((#12578));
#12578 = SURFACE_STYLE_USAGE(.BOTH.,#12579);
#12579 = SURFACE_SIDE_STYLE('',(#12580));
#12580 = SURFACE_STYLE_FILL_AREA(#12581);
#12581 = FILL_AREA_STYLE('',(#12582));
#12582 = FILL_AREA_STYLE_COLOUR('',#12484);
#12583 = STYLED_ITEM('color',(#12584),#7107);
#12584 = PRESENTATION_STYLE_ASSIGNMENT((#12585));
#12585 = SURFACE_STYLE_USAGE(.BOTH.,#12586);
#12586 = SURFACE_SIDE_STYLE('',(#12587));
#12587 = SURFACE_STYLE_FILL_AREA(#12588);
#12588 = FILL_AREA_STYLE('',(#12589));
#12589 = FILL_AREA_STYLE_COLOUR('',#12484);
#12590 = STYLED_ITEM('color',(#12591),#7124);
#12591 = PRESENTATION_STYLE_ASSIGNMENT((#12592));
#12592 = SURFACE_STYLE_USAGE(.BOTH.,#12593);
#12593 = SURFACE_SIDE_STYLE('',(#12594));
#12594 = SURFACE_STYLE_FILL_AREA(#12595);
#12595 = FILL_AREA_STYLE('',(#12596));
#12596 = FILL_AREA_STYLE_COLOUR('',#12484);
#12597 = STYLED_ITEM('color',(#12598),#7155);
#12598 = PRESENTATION_STYLE_ASSIGNMENT((#12599));
#12599 = SURFACE_STYLE_USAGE(.BOTH.,#12600);
#12600 = SURFACE_SIDE_STYLE('',(#12601));
#12601 = SURFACE_STYLE_FILL_AREA(#12602);
#12602 = FILL_AREA_STYLE('',(#12603));
#12603 = FILL_AREA_STYLE_COLOUR('',#12484);
#12604 = STYLED_ITEM('color',(#12605),#7179);
#12605 = PRESENTATION_STYLE_ASSIGNMENT((#12606));
#12606 = SURFACE_STYLE_USAGE(.BOTH.,#12607);
#12607 = SURFACE_SIDE_STYLE('',(#12608));
#12608 = SURFACE_STYLE_FILL_AREA(#12609);
#12609 = FILL_AREA_STYLE('',(#12610));
#12610 = FILL_AREA_STYLE_COLOUR('',#12484);
#12611 = STYLED_ITEM('color',(#12612),#7203);
#12612 = PRESENTATION_STYLE_ASSIGNMENT((#12613));
#12613 = SURFACE_STYLE_USAGE(.BOTH.,#12614);
#12614 = SURFACE_SIDE_STYLE('',(#12615));
#12615 = SURFACE_STYLE_FILL_AREA(#12616);
#12616 = FILL_AREA_STYLE('',(#12617));
#12617 = FILL_AREA_STYLE_COLOUR('',#12484);
#12618 = STYLED_ITEM('color',(#12619),#7220);
#12619 = PRESENTATION_STYLE_ASSIGNMENT((#12620));
#12620 = SURFACE_STYLE_USAGE(.BOTH.,#12621);
#12621 = SURFACE_SIDE_STYLE('',(#12622));
#12622 = SURFACE_STYLE_FILL_AREA(#12623);
#12623 = FILL_AREA_STYLE('',(#12624));
#12624 = FILL_AREA_STYLE_COLOUR('',#12484);
#12625 = STYLED_ITEM('color',(#12626),#7251);
#12626 = PRESENTATION_STYLE_ASSIGNMENT((#12627));
#12627 = SURFACE_STYLE_USAGE(.BOTH.,#12628);
#12628 = SURFACE_SIDE_STYLE('',(#12629));
#12629 = SURFACE_STYLE_FILL_AREA(#12630);
#12630 = FILL_AREA_STYLE('',(#12631));
#12631 = FILL_AREA_STYLE_COLOUR('',#12484);
#12632 = STYLED_ITEM('color',(#12633),#7275);
#12633 = PRESENTATION_STYLE_ASSIGNMENT((#12634));
#12634 = SURFACE_STYLE_USAGE(.BOTH.,#12635);
#12635 = SURFACE_SIDE_STYLE('',(#12636));
#12636 = SURFACE_STYLE_FILL_AREA(#12637);
#12637 = FILL_AREA_STYLE('',(#12638));
#12638 = FILL_AREA_STYLE_COLOUR('',#12484);
#12639 = STYLED_ITEM('color',(#12640),#7299);
#12640 = PRESENTATION_STYLE_ASSIGNMENT((#12641));
#12641 = SURFACE_STYLE_USAGE(.BOTH.,#12642);
#12642 = SURFACE_SIDE_STYLE('',(#12643));
#12643 = SURFACE_STYLE_FILL_AREA(#12644);
#12644 = FILL_AREA_STYLE('',(#12645));
#12645 = FILL_AREA_STYLE_COLOUR('',#12484);
#12646 = STYLED_ITEM('color',(#12647),#7316);
#12647 = PRESENTATION_STYLE_ASSIGNMENT((#12648));
#12648 = SURFACE_STYLE_USAGE(.BOTH.,#12649);
#12649 = SURFACE_SIDE_STYLE('',(#12650));
#12650 = SURFACE_STYLE_FILL_AREA(#12651);
#12651 = FILL_AREA_STYLE('',(#12652));
#12652 = FILL_AREA_STYLE_COLOUR('',#12484);
#12653 = STYLED_ITEM('color',(#12654),#7347);
#12654 = PRESENTATION_STYLE_ASSIGNMENT((#12655));
#12655 = SURFACE_STYLE_USAGE(.BOTH.,#12656);
#12656 = SURFACE_SIDE_STYLE('',(#12657));
#12657 = SURFACE_STYLE_FILL_AREA(#12658);
#12658 = FILL_AREA_STYLE('',(#12659));
#12659 = FILL_AREA_STYLE_COLOUR('',#12484);
#12660 = STYLED_ITEM('color',(#12661),#7371);
#12661 = PRESENTATION_STYLE_ASSIGNMENT((#12662));
#12662 = SURFACE_STYLE_USAGE(.BOTH.,#12663);
#12663 = SURFACE_SIDE_STYLE('',(#12664));
#12664 = SURFACE_STYLE_FILL_AREA(#12665);
#12665 = FILL_AREA_STYLE('',(#12666));
#12666 = FILL_AREA_STYLE_COLOUR('',#12484);
#12667 = STYLED_ITEM('color',(#12668),#7395);
#12668 = PRESENTATION_STYLE_ASSIGNMENT((#12669));
#12669 = SURFACE_STYLE_USAGE(.BOTH.,#12670);
#12670 = SURFACE_SIDE_STYLE('',(#12671));
#12671 = SURFACE_STYLE_FILL_AREA(#12672);
#12672 = FILL_AREA_STYLE('',(#12673));
#12673 = FILL_AREA_STYLE_COLOUR('',#12484);
#12674 = STYLED_ITEM('color',(#12675),#7412);
#12675 = PRESENTATION_STYLE_ASSIGNMENT((#12676));
#12676 = SURFACE_STYLE_USAGE(.BOTH.,#12677);
#12677 = SURFACE_SIDE_STYLE('',(#12678));
#12678 = SURFACE_STYLE_FILL_AREA(#12679);
#12679 = FILL_AREA_STYLE('',(#12680));
#12680 = FILL_AREA_STYLE_COLOUR('',#12484);
#12681 = STYLED_ITEM('color',(#12682),#7443);
#12682 = PRESENTATION_STYLE_ASSIGNMENT((#12683));
#12683 = SURFACE_STYLE_USAGE(.BOTH.,#12684);
#12684 = SURFACE_SIDE_STYLE('',(#12685));
#12685 = SURFACE_STYLE_FILL_AREA(#12686);
#12686 = FILL_AREA_STYLE('',(#12687));
#12687 = FILL_AREA_STYLE_COLOUR('',#12484);
#12688 = STYLED_ITEM('color',(#12689),#7467);
#12689 = PRESENTATION_STYLE_ASSIGNMENT((#12690));
#12690 = SURFACE_STYLE_USAGE(.BOTH.,#12691);
#12691 = SURFACE_SIDE_STYLE('',(#12692));
#12692 = SURFACE_STYLE_FILL_AREA(#12693);
#12693 = FILL_AREA_STYLE('',(#12694));
#12694 = FILL_AREA_STYLE_COLOUR('',#12484);
#12695 = STYLED_ITEM('color',(#12696),#7491);
#12696 = PRESENTATION_STYLE_ASSIGNMENT((#12697));
#12697 = SURFACE_STYLE_USAGE(.BOTH.,#12698);
#12698 = SURFACE_SIDE_STYLE('',(#12699));
#12699 = SURFACE_STYLE_FILL_AREA(#12700);
#12700 = FILL_AREA_STYLE('',(#12701));
#12701 = FILL_AREA_STYLE_COLOUR('',#12484);
#12702 = STYLED_ITEM('color',(#12703),#7508);
#12703 = PRESENTATION_STYLE_ASSIGNMENT((#12704));
#12704 = SURFACE_STYLE_USAGE(.BOTH.,#12705);
#12705 = SURFACE_SIDE_STYLE('',(#12706));
#12706 = SURFACE_STYLE_FILL_AREA(#12707);
#12707 = FILL_AREA_STYLE('',(#12708));
#12708 = FILL_AREA_STYLE_COLOUR('',#12484);
#12709 = STYLED_ITEM('color',(#12710),#7520);
#12710 = PRESENTATION_STYLE_ASSIGNMENT((#12711));
#12711 = SURFACE_STYLE_USAGE(.BOTH.,#12712);
#12712 = SURFACE_SIDE_STYLE('',(#12713));
#12713 = SURFACE_STYLE_FILL_AREA(#12714);
#12714 = FILL_AREA_STYLE('',(#12715));
#12715 = FILL_AREA_STYLE_COLOUR('',#12484);
#12716 = STYLED_ITEM('color',(#12717),#7532);
#12717 = PRESENTATION_STYLE_ASSIGNMENT((#12718));
#12718 = SURFACE_STYLE_USAGE(.BOTH.,#12719);
#12719 = SURFACE_SIDE_STYLE('',(#12720));
#12720 = SURFACE_STYLE_FILL_AREA(#12721);
#12721 = FILL_AREA_STYLE('',(#12722));
#12722 = FILL_AREA_STYLE_COLOUR('',#12484);
#12723 = STYLED_ITEM('color',(#12724),#7544);
#12724 = PRESENTATION_STYLE_ASSIGNMENT((#12725));
#12725 = SURFACE_STYLE_USAGE(.BOTH.,#12726);
#12726 = SURFACE_SIDE_STYLE('',(#12727));
#12727 = SURFACE_STYLE_FILL_AREA(#12728);
#12728 = FILL_AREA_STYLE('',(#12729));
#12729 = FILL_AREA_STYLE_COLOUR('',#12484);
#12730 = MECHANICAL_DESIGN_GEOMETRIC_PRESENTATION_REPRESENTATION('',(
    #12731),#12352);
#12731 = STYLED_ITEM('color',(#12732),#7575);
#12732 = PRESENTATION_STYLE_ASSIGNMENT((#12733));
#12733 = SURFACE_STYLE_USAGE(.BOTH.,#12734);
#12734 = SURFACE_SIDE_STYLE('',(#12735));
#12735 = SURFACE_STYLE_FILL_AREA(#12736);
#12736 = FILL_AREA_STYLE('',(#12737));
#12737 = FILL_AREA_STYLE_COLOUR('',#12738);
#12738 = COLOUR_RGB('',0.313304153717,0.484529207832,0.410020903123);
#12739 = MECHANICAL_DESIGN_GEOMETRIC_PRESENTATION_REPRESENTATION('',(
    #12740,#12750,#12759,#12768,#12777,#12786,#12795,#12804,#12813,
    #12823,#12832,#12841,#12850,#12859,#12868,#12877,#12886,#12895,
    #12904,#12913,#12922,#12931,#12940,#12949,#12958,#12967,#12976,
    #12985,#12994,#13003,#13012,#13021,#13030,#13039,#13048,#13057,
    #13066,#13075,#13084,#13093,#13102,#13111,#13120,#13129,#13138,
    #13147,#13156,#13165,#13174,#13183,#13192,#13201,#13210,#13219,
    #13228,#13237,#13246,#13255,#13264,#13273,#13282,#13291,#13300,
    #13309,#13318,#13327,#13336,#13345,#13354,#13363,#13372,#13381,
    #13390,#13399,#13408,#13417,#13426,#13435,#13444,#13453,#13462,
    #13471,#13480,#13489,#13498,#13507,#13516,#13525,#13534,#13543,
    #13552,#13561,#13570,#13579,#13588,#13597,#13606,#13615,#13624,
    #13633,#13642,#13651,#13660,#13669,#13678,#13687,#13696,#13705,
    #13714,#13723,#13732,#13741),#6090);
#12740 = STYLED_ITEM('color',(#12741),#3482);
#12741 = PRESENTATION_STYLE_ASSIGNMENT((#12742,#12748));
#12742 = SURFACE_STYLE_USAGE(.BOTH.,#12743);
#12743 = SURFACE_SIDE_STYLE('',(#12744));
#12744 = SURFACE_STYLE_FILL_AREA(#12745);
#12745 = FILL_AREA_STYLE('',(#12746));
#12746 = FILL_AREA_STYLE_COLOUR('',#12747);
#12747 = COLOUR_RGB('',0.147999998088,0.145000001626,0.145000001626);
#12748 = CURVE_STYLE('',#12749,POSITIVE_LENGTH_MEASURE(0.1),#12747);
#12749 = DRAUGHTING_PRE_DEFINED_CURVE_FONT('continuous');
#12750 = STYLED_ITEM('color',(#12751),#3522);
#12751 = PRESENTATION_STYLE_ASSIGNMENT((#12752,#12757));
#12752 = SURFACE_STYLE_USAGE(.BOTH.,#12753);
#12753 = SURFACE_SIDE_STYLE('',(#12754));
#12754 = SURFACE_STYLE_FILL_AREA(#12755);
#12755 = FILL_AREA_STYLE('',(#12756));
#12756 = FILL_AREA_STYLE_COLOUR('',#12747);
#12757 = CURVE_STYLE('',#12758,POSITIVE_LENGTH_MEASURE(0.1),#12747);
#12758 = DRAUGHTING_PRE_DEFINED_CURVE_FONT('continuous');
#12759 = STYLED_ITEM('color',(#12760),#3585);
#12760 = PRESENTATION_STYLE_ASSIGNMENT((#12761,#12766));
#12761 = SURFACE_STYLE_USAGE(.BOTH.,#12762);
#12762 = SURFACE_SIDE_STYLE('',(#12763));
#12763 = SURFACE_STYLE_FILL_AREA(#12764);
#12764 = FILL_AREA_STYLE('',(#12765));
#12765 = FILL_AREA_STYLE_COLOUR('',#12747);
#12766 = CURVE_STYLE('',#12767,POSITIVE_LENGTH_MEASURE(0.1),#12747);
#12767 = DRAUGHTING_PRE_DEFINED_CURVE_FONT('continuous');
#12768 = STYLED_ITEM('color',(#12769),#3648);
#12769 = PRESENTATION_STYLE_ASSIGNMENT((#12770,#12775));
#12770 = SURFACE_STYLE_USAGE(.BOTH.,#12771);
#12771 = SURFACE_SIDE_STYLE('',(#12772));
#12772 = SURFACE_STYLE_FILL_AREA(#12773);
#12773 = FILL_AREA_STYLE('',(#12774));
#12774 = FILL_AREA_STYLE_COLOUR('',#12747);
#12775 = CURVE_STYLE('',#12776,POSITIVE_LENGTH_MEASURE(0.1),#12747);
#12776 = DRAUGHTING_PRE_DEFINED_CURVE_FONT('continuous');
#12777 = STYLED_ITEM('color',(#12778),#3665);
#12778 = PRESENTATION_STYLE_ASSIGNMENT((#12779,#12784));
#12779 = SURFACE_STYLE_USAGE(.BOTH.,#12780);
#12780 = SURFACE_SIDE_STYLE('',(#12781));
#12781 = SURFACE_STYLE_FILL_AREA(#12782);
#12782 = FILL_AREA_STYLE('',(#12783));
#12783 = FILL_AREA_STYLE_COLOUR('',#12747);
#12784 = CURVE_STYLE('',#12785,POSITIVE_LENGTH_MEASURE(0.1),#12747);
#12785 = DRAUGHTING_PRE_DEFINED_CURVE_FONT('continuous');
#12786 = STYLED_ITEM('color',(#12787),#3784);
#12787 = PRESENTATION_STYLE_ASSIGNMENT((#12788,#12793));
#12788 = SURFACE_STYLE_USAGE(.BOTH.,#12789);
#12789 = SURFACE_SIDE_STYLE('',(#12790));
#12790 = SURFACE_STYLE_FILL_AREA(#12791);
#12791 = FILL_AREA_STYLE('',(#12792));
#12792 = FILL_AREA_STYLE_COLOUR('',#12747);
#12793 = CURVE_STYLE('',#12794,POSITIVE_LENGTH_MEASURE(0.1),#12747);
#12794 = DRAUGHTING_PRE_DEFINED_CURVE_FONT('continuous');
#12795 = STYLED_ITEM('color',(#12796),#3806);
#12796 = PRESENTATION_STYLE_ASSIGNMENT((#12797,#12802));
#12797 = SURFACE_STYLE_USAGE(.BOTH.,#12798);
#12798 = SURFACE_SIDE_STYLE('',(#12799));
#12799 = SURFACE_STYLE_FILL_AREA(#12800);
#12800 = FILL_AREA_STYLE('',(#12801));
#12801 = FILL_AREA_STYLE_COLOUR('',#12747);
#12802 = CURVE_STYLE('',#12803,POSITIVE_LENGTH_MEASURE(0.1),#12747);
#12803 = DRAUGHTING_PRE_DEFINED_CURVE_FONT('continuous');
#12804 = STYLED_ITEM('color',(#12805),#3823);
#12805 = PRESENTATION_STYLE_ASSIGNMENT((#12806,#12811));
#12806 = SURFACE_STYLE_USAGE(.BOTH.,#12807);
#12807 = SURFACE_SIDE_STYLE('',(#12808));
#12808 = SURFACE_STYLE_FILL_AREA(#12809);
#12809 = FILL_AREA_STYLE('',(#12810));
#12810 = FILL_AREA_STYLE_COLOUR('',#12747);
#12811 = CURVE_STYLE('',#12812,POSITIVE_LENGTH_MEASURE(0.1),#12747);
#12812 = DRAUGHTING_PRE_DEFINED_CURVE_FONT('continuous');
#12813 = OVER_RIDING_STYLED_ITEM('overriding color',(#12814),#3856,
  #12804);
#12814 = PRESENTATION_STYLE_ASSIGNMENT((#12815,#12821));
#12815 = SURFACE_STYLE_USAGE(.BOTH.,#12816);
#12816 = SURFACE_SIDE_STYLE('',(#12817));
#12817 = SURFACE_STYLE_FILL_AREA(#12818);
#12818 = FILL_AREA_STYLE('',(#12819));
#12819 = FILL_AREA_STYLE_COLOUR('',#12820);
#12820 = COLOUR_RGB('',0.858999988747,0.738000004258,0.496000005009);
#12821 = CURVE_STYLE('',#12822,POSITIVE_LENGTH_MEASURE(0.1),#12820);
#12822 = DRAUGHTING_PRE_DEFINED_CURVE_FONT('continuous');
#12823 = OVER_RIDING_STYLED_ITEM('overriding color',(#12824),#3888,
  #12804);
#12824 = PRESENTATION_STYLE_ASSIGNMENT((#12825,#12830));
#12825 = SURFACE_STYLE_USAGE(.BOTH.,#12826);
#12826 = SURFACE_SIDE_STYLE('',(#12827));
#12827 = SURFACE_STYLE_FILL_AREA(#12828);
#12828 = FILL_AREA_STYLE('',(#12829));
#12829 = FILL_AREA_STYLE_COLOUR('',#12820);
#12830 = CURVE_STYLE('',#12831,POSITIVE_LENGTH_MEASURE(0.1),#12820);
#12831 = DRAUGHTING_PRE_DEFINED_CURVE_FONT('continuous');
#12832 = OVER_RIDING_STYLED_ITEM('overriding color',(#12833),#3922,
  #12804);
#12833 = PRESENTATION_STYLE_ASSIGNMENT((#12834,#12839));
#12834 = SURFACE_STYLE_USAGE(.BOTH.,#12835);
#12835 = SURFACE_SIDE_STYLE('',(#12836));
#12836 = SURFACE_STYLE_FILL_AREA(#12837);
#12837 = FILL_AREA_STYLE('',(#12838));
#12838 = FILL_AREA_STYLE_COLOUR('',#12820);
#12839 = CURVE_STYLE('',#12840,POSITIVE_LENGTH_MEASURE(0.1),#12820);
#12840 = DRAUGHTING_PRE_DEFINED_CURVE_FONT('continuous');
#12841 = OVER_RIDING_STYLED_ITEM('overriding color',(#12842),#3954,
  #12804);
#12842 = PRESENTATION_STYLE_ASSIGNMENT((#12843,#12848));
#12843 = SURFACE_STYLE_USAGE(.BOTH.,#12844);
#12844 = SURFACE_SIDE_STYLE('',(#12845));
#12845 = SURFACE_STYLE_FILL_AREA(#12846);
#12846 = FILL_AREA_STYLE('',(#12847));
#12847 = FILL_AREA_STYLE_COLOUR('',#12820);
#12848 = CURVE_STYLE('',#12849,POSITIVE_LENGTH_MEASURE(0.1),#12820);
#12849 = DRAUGHTING_PRE_DEFINED_CURVE_FONT('continuous');
#12850 = OVER_RIDING_STYLED_ITEM('overriding color',(#12851),#3988,
  #12804);
#12851 = PRESENTATION_STYLE_ASSIGNMENT((#12852,#12857));
#12852 = SURFACE_STYLE_USAGE(.BOTH.,#12853);
#12853 = SURFACE_SIDE_STYLE('',(#12854));
#12854 = SURFACE_STYLE_FILL_AREA(#12855);
#12855 = FILL_AREA_STYLE('',(#12856));
#12856 = FILL_AREA_STYLE_COLOUR('',#12820);
#12857 = CURVE_STYLE('',#12858,POSITIVE_LENGTH_MEASURE(0.1),#12820);
#12858 = DRAUGHTING_PRE_DEFINED_CURVE_FONT('continuous');
#12859 = OVER_RIDING_STYLED_ITEM('overriding color',(#12860),#4020,
  #12804);
#12860 = PRESENTATION_STYLE_ASSIGNMENT((#12861,#12866));
#12861 = SURFACE_STYLE_USAGE(.BOTH.,#12862);
#12862 = SURFACE_SIDE_STYLE('',(#12863));
#12863 = SURFACE_STYLE_FILL_AREA(#12864);
#12864 = FILL_AREA_STYLE('',(#12865));
#12865 = FILL_AREA_STYLE_COLOUR('',#12820);
#12866 = CURVE_STYLE('',#12867,POSITIVE_LENGTH_MEASURE(0.1),#12820);
#12867 = DRAUGHTING_PRE_DEFINED_CURVE_FONT('continuous');
#12868 = STYLED_ITEM('color',(#12869),#4038);
#12869 = PRESENTATION_STYLE_ASSIGNMENT((#12870,#12875));
#12870 = SURFACE_STYLE_USAGE(.BOTH.,#12871);
#12871 = SURFACE_SIDE_STYLE('',(#12872));
#12872 = SURFACE_STYLE_FILL_AREA(#12873);
#12873 = FILL_AREA_STYLE('',(#12874));
#12874 = FILL_AREA_STYLE_COLOUR('',#12747);
#12875 = CURVE_STYLE('',#12876,POSITIVE_LENGTH_MEASURE(0.1),#12747);
#12876 = DRAUGHTING_PRE_DEFINED_CURVE_FONT('continuous');
#12877 = STYLED_ITEM('color',(#12878),#4050);
#12878 = PRESENTATION_STYLE_ASSIGNMENT((#12879,#12884));
#12879 = SURFACE_STYLE_USAGE(.BOTH.,#12880);
#12880 = SURFACE_SIDE_STYLE('',(#12881));
#12881 = SURFACE_STYLE_FILL_AREA(#12882);
#12882 = FILL_AREA_STYLE('',(#12883));
#12883 = FILL_AREA_STYLE_COLOUR('',#12747);
#12884 = CURVE_STYLE('',#12885,POSITIVE_LENGTH_MEASURE(0.1),#12747);
#12885 = DRAUGHTING_PRE_DEFINED_CURVE_FONT('continuous');
#12886 = STYLED_ITEM('color',(#12887),#4062);
#12887 = PRESENTATION_STYLE_ASSIGNMENT((#12888,#12893));
#12888 = SURFACE_STYLE_USAGE(.BOTH.,#12889);
#12889 = SURFACE_SIDE_STYLE('',(#12890));
#12890 = SURFACE_STYLE_FILL_AREA(#12891);
#12891 = FILL_AREA_STYLE('',(#12892));
#12892 = FILL_AREA_STYLE_COLOUR('',#12747);
#12893 = CURVE_STYLE('',#12894,POSITIVE_LENGTH_MEASURE(0.1),#12747);
#12894 = DRAUGHTING_PRE_DEFINED_CURVE_FONT('continuous');
#12895 = STYLED_ITEM('color',(#12896),#4093);
#12896 = PRESENTATION_STYLE_ASSIGNMENT((#12897,#12902));
#12897 = SURFACE_STYLE_USAGE(.BOTH.,#12898);
#12898 = SURFACE_SIDE_STYLE('',(#12899));
#12899 = SURFACE_STYLE_FILL_AREA(#12900);
#12900 = FILL_AREA_STYLE('',(#12901));
#12901 = FILL_AREA_STYLE_COLOUR('',#12747);
#12902 = CURVE_STYLE('',#12903,POSITIVE_LENGTH_MEASURE(0.1),#12747);
#12903 = DRAUGHTING_PRE_DEFINED_CURVE_FONT('continuous');
#12904 = STYLED_ITEM('color',(#12905),#4117);
#12905 = PRESENTATION_STYLE_ASSIGNMENT((#12906,#12911));
#12906 = SURFACE_STYLE_USAGE(.BOTH.,#12907);
#12907 = SURFACE_SIDE_STYLE('',(#12908));
#12908 = SURFACE_STYLE_FILL_AREA(#12909);
#12909 = FILL_AREA_STYLE('',(#12910));
#12910 = FILL_AREA_STYLE_COLOUR('',#12747);
#12911 = CURVE_STYLE('',#12912,POSITIVE_LENGTH_MEASURE(0.1),#12747);
#12912 = DRAUGHTING_PRE_DEFINED_CURVE_FONT('continuous');
#12913 = STYLED_ITEM('color',(#12914),#4141);
#12914 = PRESENTATION_STYLE_ASSIGNMENT((#12915,#12920));
#12915 = SURFACE_STYLE_USAGE(.BOTH.,#12916);
#12916 = SURFACE_SIDE_STYLE('',(#12917));
#12917 = SURFACE_STYLE_FILL_AREA(#12918);
#12918 = FILL_AREA_STYLE('',(#12919));
#12919 = FILL_AREA_STYLE_COLOUR('',#12747);
#12920 = CURVE_STYLE('',#12921,POSITIVE_LENGTH_MEASURE(0.1),#12747);
#12921 = DRAUGHTING_PRE_DEFINED_CURVE_FONT('continuous');
#12922 = STYLED_ITEM('color',(#12923),#4158);
#12923 = PRESENTATION_STYLE_ASSIGNMENT((#12924,#12929));
#12924 = SURFACE_STYLE_USAGE(.BOTH.,#12925);
#12925 = SURFACE_SIDE_STYLE('',(#12926));
#12926 = SURFACE_STYLE_FILL_AREA(#12927);
#12927 = FILL_AREA_STYLE('',(#12928));
#12928 = FILL_AREA_STYLE_COLOUR('',#12747);
#12929 = CURVE_STYLE('',#12930,POSITIVE_LENGTH_MEASURE(0.1),#12747);
#12930 = DRAUGHTING_PRE_DEFINED_CURVE_FONT('continuous');
#12931 = STYLED_ITEM('color',(#12932),#4189);
#12932 = PRESENTATION_STYLE_ASSIGNMENT((#12933,#12938));
#12933 = SURFACE_STYLE_USAGE(.BOTH.,#12934);
#12934 = SURFACE_SIDE_STYLE('',(#12935));
#12935 = SURFACE_STYLE_FILL_AREA(#12936);
#12936 = FILL_AREA_STYLE('',(#12937));
#12937 = FILL_AREA_STYLE_COLOUR('',#12747);
#12938 = CURVE_STYLE('',#12939,POSITIVE_LENGTH_MEASURE(0.1),#12747);
#12939 = DRAUGHTING_PRE_DEFINED_CURVE_FONT('continuous');
#12940 = STYLED_ITEM('color',(#12941),#4213);
#12941 = PRESENTATION_STYLE_ASSIGNMENT((#12942,#12947));
#12942 = SURFACE_STYLE_USAGE(.BOTH.,#12943);
#12943 = SURFACE_SIDE_STYLE('',(#12944));
#12944 = SURFACE_STYLE_FILL_AREA(#12945);
#12945 = FILL_AREA_STYLE('',(#12946));
#12946 = FILL_AREA_STYLE_COLOUR('',#12747);
#12947 = CURVE_STYLE('',#12948,POSITIVE_LENGTH_MEASURE(0.1),#12747);
#12948 = DRAUGHTING_PRE_DEFINED_CURVE_FONT('continuous');
#12949 = STYLED_ITEM('color',(#12950),#4237);
#12950 = PRESENTATION_STYLE_ASSIGNMENT((#12951,#12956));
#12951 = SURFACE_STYLE_USAGE(.BOTH.,#12952);
#12952 = SURFACE_SIDE_STYLE('',(#12953));
#12953 = SURFACE_STYLE_FILL_AREA(#12954);
#12954 = FILL_AREA_STYLE('',(#12955));
#12955 = FILL_AREA_STYLE_COLOUR('',#12747);
#12956 = CURVE_STYLE('',#12957,POSITIVE_LENGTH_MEASURE(0.1),#12747);
#12957 = DRAUGHTING_PRE_DEFINED_CURVE_FONT('continuous');
#12958 = STYLED_ITEM('color',(#12959),#4254);
#12959 = PRESENTATION_STYLE_ASSIGNMENT((#12960,#12965));
#12960 = SURFACE_STYLE_USAGE(.BOTH.,#12961);
#12961 = SURFACE_SIDE_STYLE('',(#12962));
#12962 = SURFACE_STYLE_FILL_AREA(#12963);
#12963 = FILL_AREA_STYLE('',(#12964));
#12964 = FILL_AREA_STYLE_COLOUR('',#12747);
#12965 = CURVE_STYLE('',#12966,POSITIVE_LENGTH_MEASURE(0.1),#12747);
#12966 = DRAUGHTING_PRE_DEFINED_CURVE_FONT('continuous');
#12967 = STYLED_ITEM('color',(#12968),#4285);
#12968 = PRESENTATION_STYLE_ASSIGNMENT((#12969,#12974));
#12969 = SURFACE_STYLE_USAGE(.BOTH.,#12970);
#12970 = SURFACE_SIDE_STYLE('',(#12971));
#12971 = SURFACE_STYLE_FILL_AREA(#12972);
#12972 = FILL_AREA_STYLE('',(#12973));
#12973 = FILL_AREA_STYLE_COLOUR('',#12747);
#12974 = CURVE_STYLE('',#12975,POSITIVE_LENGTH_MEASURE(0.1),#12747);
#12975 = DRAUGHTING_PRE_DEFINED_CURVE_FONT('continuous');
#12976 = STYLED_ITEM('color',(#12977),#4309);
#12977 = PRESENTATION_STYLE_ASSIGNMENT((#12978,#12983));
#12978 = SURFACE_STYLE_USAGE(.BOTH.,#12979);
#12979 = SURFACE_SIDE_STYLE('',(#12980));
#12980 = SURFACE_STYLE_FILL_AREA(#12981);
#12981 = FILL_AREA_STYLE('',(#12982));
#12982 = FILL_AREA_STYLE_COLOUR('',#12747);
#12983 = CURVE_STYLE('',#12984,POSITIVE_LENGTH_MEASURE(0.1),#12747);
#12984 = DRAUGHTING_PRE_DEFINED_CURVE_FONT('continuous');
#12985 = STYLED_ITEM('color',(#12986),#4333);
#12986 = PRESENTATION_STYLE_ASSIGNMENT((#12987,#12992));
#12987 = SURFACE_STYLE_USAGE(.BOTH.,#12988);
#12988 = SURFACE_SIDE_STYLE('',(#12989));
#12989 = SURFACE_STYLE_FILL_AREA(#12990);
#12990 = FILL_AREA_STYLE('',(#12991));
#12991 = FILL_AREA_STYLE_COLOUR('',#12747);
#12992 = CURVE_STYLE('',#12993,POSITIVE_LENGTH_MEASURE(0.1),#12747);
#12993 = DRAUGHTING_PRE_DEFINED_CURVE_FONT('continuous');
#12994 = STYLED_ITEM('color',(#12995),#4350);
#12995 = PRESENTATION_STYLE_ASSIGNMENT((#12996,#13001));
#12996 = SURFACE_STYLE_USAGE(.BOTH.,#12997);
#12997 = SURFACE_SIDE_STYLE('',(#12998));
#12998 = SURFACE_STYLE_FILL_AREA(#12999);
#12999 = FILL_AREA_STYLE('',(#13000));
#13000 = FILL_AREA_STYLE_COLOUR('',#12820);
#13001 = CURVE_STYLE('',#13002,POSITIVE_LENGTH_MEASURE(0.1),#12820);
#13002 = DRAUGHTING_PRE_DEFINED_CURVE_FONT('continuous');
#13003 = STYLED_ITEM('color',(#13004),#4367);
#13004 = PRESENTATION_STYLE_ASSIGNMENT((#13005,#13010));
#13005 = SURFACE_STYLE_USAGE(.BOTH.,#13006);
#13006 = SURFACE_SIDE_STYLE('',(#13007));
#13007 = SURFACE_STYLE_FILL_AREA(#13008);
#13008 = FILL_AREA_STYLE('',(#13009));
#13009 = FILL_AREA_STYLE_COLOUR('',#12820);
#13010 = CURVE_STYLE('',#13011,POSITIVE_LENGTH_MEASURE(0.1),#12820);
#13011 = DRAUGHTING_PRE_DEFINED_CURVE_FONT('continuous');
#13012 = STYLED_ITEM('color',(#13013),#4414);
#13013 = PRESENTATION_STYLE_ASSIGNMENT((#13014,#13019));
#13014 = SURFACE_STYLE_USAGE(.BOTH.,#13015);
#13015 = SURFACE_SIDE_STYLE('',(#13016));
#13016 = SURFACE_STYLE_FILL_AREA(#13017);
#13017 = FILL_AREA_STYLE('',(#13018));
#13018 = FILL_AREA_STYLE_COLOUR('',#12820);
#13019 = CURVE_STYLE('',#13020,POSITIVE_LENGTH_MEASURE(0.1),#12820);
#13020 = DRAUGHTING_PRE_DEFINED_CURVE_FONT('continuous');
#13021 = STYLED_ITEM('color',(#13022),#4431);
#13022 = PRESENTATION_STYLE_ASSIGNMENT((#13023,#13028));
#13023 = SURFACE_STYLE_USAGE(.BOTH.,#13024);
#13024 = SURFACE_SIDE_STYLE('',(#13025));
#13025 = SURFACE_STYLE_FILL_AREA(#13026);
#13026 = FILL_AREA_STYLE('',(#13027));
#13027 = FILL_AREA_STYLE_COLOUR('',#12820);
#13028 = CURVE_STYLE('',#13029,POSITIVE_LENGTH_MEASURE(0.1),#12820);
#13029 = DRAUGHTING_PRE_DEFINED_CURVE_FONT('continuous');
#13030 = STYLED_ITEM('color',(#13031),#4478);
#13031 = PRESENTATION_STYLE_ASSIGNMENT((#13032,#13037));
#13032 = SURFACE_STYLE_USAGE(.BOTH.,#13033);
#13033 = SURFACE_SIDE_STYLE('',(#13034));
#13034 = SURFACE_STYLE_FILL_AREA(#13035);
#13035 = FILL_AREA_STYLE('',(#13036));
#13036 = FILL_AREA_STYLE_COLOUR('',#12820);
#13037 = CURVE_STYLE('',#13038,POSITIVE_LENGTH_MEASURE(0.1),#12820);
#13038 = DRAUGHTING_PRE_DEFINED_CURVE_FONT('continuous');
#13039 = STYLED_ITEM('color',(#13040),#4495);
#13040 = PRESENTATION_STYLE_ASSIGNMENT((#13041,#13046));
#13041 = SURFACE_STYLE_USAGE(.BOTH.,#13042);
#13042 = SURFACE_SIDE_STYLE('',(#13043));
#13043 = SURFACE_STYLE_FILL_AREA(#13044);
#13044 = FILL_AREA_STYLE('',(#13045));
#13045 = FILL_AREA_STYLE_COLOUR('',#12820);
#13046 = CURVE_STYLE('',#13047,POSITIVE_LENGTH_MEASURE(0.1),#12820);
#13047 = DRAUGHTING_PRE_DEFINED_CURVE_FONT('continuous');
#13048 = STYLED_ITEM('color',(#13049),#4542);
#13049 = PRESENTATION_STYLE_ASSIGNMENT((#13050,#13055));
#13050 = SURFACE_STYLE_USAGE(.BOTH.,#13051);
#13051 = SURFACE_SIDE_STYLE('',(#13052));
#13052 = SURFACE_STYLE_FILL_AREA(#13053);
#13053 = FILL_AREA_STYLE('',(#13054));
#13054 = FILL_AREA_STYLE_COLOUR('',#12820);
#13055 = CURVE_STYLE('',#13056,POSITIVE_LENGTH_MEASURE(0.1),#12820);
#13056 = DRAUGHTING_PRE_DEFINED_CURVE_FONT('continuous');
#13057 = STYLED_ITEM('color',(#13058),#4559);
#13058 = PRESENTATION_STYLE_ASSIGNMENT((#13059,#13064));
#13059 = SURFACE_STYLE_USAGE(.BOTH.,#13060);
#13060 = SURFACE_SIDE_STYLE('',(#13061));
#13061 = SURFACE_STYLE_FILL_AREA(#13062);
#13062 = FILL_AREA_STYLE('',(#13063));
#13063 = FILL_AREA_STYLE_COLOUR('',#12820);
#13064 = CURVE_STYLE('',#13065,POSITIVE_LENGTH_MEASURE(0.1),#12820);
#13065 = DRAUGHTING_PRE_DEFINED_CURVE_FONT('continuous');
#13066 = STYLED_ITEM('color',(#13067),#4606);
#13067 = PRESENTATION_STYLE_ASSIGNMENT((#13068,#13073));
#13068 = SURFACE_STYLE_USAGE(.BOTH.,#13069);
#13069 = SURFACE_SIDE_STYLE('',(#13070));
#13070 = SURFACE_STYLE_FILL_AREA(#13071);
#13071 = FILL_AREA_STYLE('',(#13072));
#13072 = FILL_AREA_STYLE_COLOUR('',#12820);
#13073 = CURVE_STYLE('',#13074,POSITIVE_LENGTH_MEASURE(0.1),#12820);
#13074 = DRAUGHTING_PRE_DEFINED_CURVE_FONT('continuous');
#13075 = STYLED_ITEM('color',(#13076),#4623);
#13076 = PRESENTATION_STYLE_ASSIGNMENT((#13077,#13082));
#13077 = SURFACE_STYLE_USAGE(.BOTH.,#13078);
#13078 = SURFACE_SIDE_STYLE('',(#13079));
#13079 = SURFACE_STYLE_FILL_AREA(#13080);
#13080 = FILL_AREA_STYLE('',(#13081));
#13081 = FILL_AREA_STYLE_COLOUR('',#12820);
#13082 = CURVE_STYLE('',#13083,POSITIVE_LENGTH_MEASURE(0.1),#12820);
#13083 = DRAUGHTING_PRE_DEFINED_CURVE_FONT('continuous');
#13084 = STYLED_ITEM('color',(#13085),#4670);
#13085 = PRESENTATION_STYLE_ASSIGNMENT((#13086,#13091));
#13086 = SURFACE_STYLE_USAGE(.BOTH.,#13087);
#13087 = SURFACE_SIDE_STYLE('',(#13088));
#13088 = SURFACE_STYLE_FILL_AREA(#13089);
#13089 = FILL_AREA_STYLE('',(#13090));
#13090 = FILL_AREA_STYLE_COLOUR('',#12820);
#13091 = CURVE_STYLE('',#13092,POSITIVE_LENGTH_MEASURE(0.1),#12820);
#13092 = DRAUGHTING_PRE_DEFINED_CURVE_FONT('continuous');
#13093 = STYLED_ITEM('color',(#13094),#4687);
#13094 = PRESENTATION_STYLE_ASSIGNMENT((#13095,#13100));
#13095 = SURFACE_STYLE_USAGE(.BOTH.,#13096);
#13096 = SURFACE_SIDE_STYLE('',(#13097));
#13097 = SURFACE_STYLE_FILL_AREA(#13098);
#13098 = FILL_AREA_STYLE('',(#13099));
#13099 = FILL_AREA_STYLE_COLOUR('',#12820);
#13100 = CURVE_STYLE('',#13101,POSITIVE_LENGTH_MEASURE(0.1),#12820);
#13101 = DRAUGHTING_PRE_DEFINED_CURVE_FONT('continuous');
#13102 = STYLED_ITEM('color',(#13103),#4734);
#13103 = PRESENTATION_STYLE_ASSIGNMENT((#13104,#13109));
#13104 = SURFACE_STYLE_USAGE(.BOTH.,#13105);
#13105 = SURFACE_SIDE_STYLE('',(#13106));
#13106 = SURFACE_STYLE_FILL_AREA(#13107);
#13107 = FILL_AREA_STYLE('',(#13108));
#13108 = FILL_AREA_STYLE_COLOUR('',#12747);
#13109 = CURVE_STYLE('',#13110,POSITIVE_LENGTH_MEASURE(0.1),#12747);
#13110 = DRAUGHTING_PRE_DEFINED_CURVE_FONT('continuous');
#13111 = STYLED_ITEM('color',(#13112),#4765);
#13112 = PRESENTATION_STYLE_ASSIGNMENT((#13113,#13118));
#13113 = SURFACE_STYLE_USAGE(.BOTH.,#13114);
#13114 = SURFACE_SIDE_STYLE('',(#13115));
#13115 = SURFACE_STYLE_FILL_AREA(#13116);
#13116 = FILL_AREA_STYLE('',(#13117));
#13117 = FILL_AREA_STYLE_COLOUR('',#12747);
#13118 = CURVE_STYLE('',#13119,POSITIVE_LENGTH_MEASURE(0.1),#12747);
#13119 = DRAUGHTING_PRE_DEFINED_CURVE_FONT('continuous');
#13120 = OVER_RIDING_STYLED_ITEM('overriding color',(#13121),#4779,
  #13111);
#13121 = PRESENTATION_STYLE_ASSIGNMENT((#13122,#13127));
#13122 = SURFACE_STYLE_USAGE(.BOTH.,#13123);
#13123 = SURFACE_SIDE_STYLE('',(#13124));
#13124 = SURFACE_STYLE_FILL_AREA(#13125);
#13125 = FILL_AREA_STYLE('',(#13126));
#13126 = FILL_AREA_STYLE_COLOUR('',#12820);
#13127 = CURVE_STYLE('',#13128,POSITIVE_LENGTH_MEASURE(0.1),#12820);
#13128 = DRAUGHTING_PRE_DEFINED_CURVE_FONT('continuous');
#13129 = OVER_RIDING_STYLED_ITEM('overriding color',(#13130),#4795,
  #13111);
#13130 = PRESENTATION_STYLE_ASSIGNMENT((#13131,#13136));
#13131 = SURFACE_STYLE_USAGE(.BOTH.,#13132);
#13132 = SURFACE_SIDE_STYLE('',(#13133));
#13133 = SURFACE_STYLE_FILL_AREA(#13134);
#13134 = FILL_AREA_STYLE('',(#13135));
#13135 = FILL_AREA_STYLE_COLOUR('',#12820);
#13136 = CURVE_STYLE('',#13137,POSITIVE_LENGTH_MEASURE(0.1),#12820);
#13137 = DRAUGHTING_PRE_DEFINED_CURVE_FONT('continuous');
#13138 = STYLED_ITEM('color',(#13139),#4821);
#13139 = PRESENTATION_STYLE_ASSIGNMENT((#13140,#13145));
#13140 = SURFACE_STYLE_USAGE(.BOTH.,#13141);
#13141 = SURFACE_SIDE_STYLE('',(#13142));
#13142 = SURFACE_STYLE_FILL_AREA(#13143);
#13143 = FILL_AREA_STYLE('',(#13144));
#13144 = FILL_AREA_STYLE_COLOUR('',#12747);
#13145 = CURVE_STYLE('',#13146,POSITIVE_LENGTH_MEASURE(0.1),#12747);
#13146 = DRAUGHTING_PRE_DEFINED_CURVE_FONT('continuous');
#13147 = STYLED_ITEM('color',(#13148),#4845);
#13148 = PRESENTATION_STYLE_ASSIGNMENT((#13149,#13154));
#13149 = SURFACE_STYLE_USAGE(.BOTH.,#13150);
#13150 = SURFACE_SIDE_STYLE('',(#13151));
#13151 = SURFACE_STYLE_FILL_AREA(#13152);
#13152 = FILL_AREA_STYLE('',(#13153));
#13153 = FILL_AREA_STYLE_COLOUR('',#12747);
#13154 = CURVE_STYLE('',#13155,POSITIVE_LENGTH_MEASURE(0.1),#12747);
#13155 = DRAUGHTING_PRE_DEFINED_CURVE_FONT('continuous');
#13156 = OVER_RIDING_STYLED_ITEM('overriding color',(#13157),#4859,
  #13147);
#13157 = PRESENTATION_STYLE_ASSIGNMENT((#13158,#13163));
#13158 = SURFACE_STYLE_USAGE(.BOTH.,#13159);
#13159 = SURFACE_SIDE_STYLE('',(#13160));
#13160 = SURFACE_STYLE_FILL_AREA(#13161);
#13161 = FILL_AREA_STYLE('',(#13162));
#13162 = FILL_AREA_STYLE_COLOUR('',#12820);
#13163 = CURVE_STYLE('',#13164,POSITIVE_LENGTH_MEASURE(0.1),#12820);
#13164 = DRAUGHTING_PRE_DEFINED_CURVE_FONT('continuous');
#13165 = OVER_RIDING_STYLED_ITEM('overriding color',(#13166),#4875,
  #13147);
#13166 = PRESENTATION_STYLE_ASSIGNMENT((#13167,#13172));
#13167 = SURFACE_STYLE_USAGE(.BOTH.,#13168);
#13168 = SURFACE_SIDE_STYLE('',(#13169));
#13169 = SURFACE_STYLE_FILL_AREA(#13170);
#13170 = FILL_AREA_STYLE('',(#13171));
#13171 = FILL_AREA_STYLE_COLOUR('',#12820);
#13172 = CURVE_STYLE('',#13173,POSITIVE_LENGTH_MEASURE(0.1),#12820);
#13173 = DRAUGHTING_PRE_DEFINED_CURVE_FONT('continuous');
#13174 = STYLED_ITEM('color',(#13175),#4894);
#13175 = PRESENTATION_STYLE_ASSIGNMENT((#13176,#13181));
#13176 = SURFACE_STYLE_USAGE(.BOTH.,#13177);
#13177 = SURFACE_SIDE_STYLE('',(#13178));
#13178 = SURFACE_STYLE_FILL_AREA(#13179);
#13179 = FILL_AREA_STYLE('',(#13180));
#13180 = FILL_AREA_STYLE_COLOUR('',#12747);
#13181 = CURVE_STYLE('',#13182,POSITIVE_LENGTH_MEASURE(0.1),#12747);
#13182 = DRAUGHTING_PRE_DEFINED_CURVE_FONT('continuous');
#13183 = STYLED_ITEM('color',(#13184),#4925);
#13184 = PRESENTATION_STYLE_ASSIGNMENT((#13185,#13190));
#13185 = SURFACE_STYLE_USAGE(.BOTH.,#13186);
#13186 = SURFACE_SIDE_STYLE('',(#13187));
#13187 = SURFACE_STYLE_FILL_AREA(#13188);
#13188 = FILL_AREA_STYLE('',(#13189));
#13189 = FILL_AREA_STYLE_COLOUR('',#12747);
#13190 = CURVE_STYLE('',#13191,POSITIVE_LENGTH_MEASURE(0.1),#12747);
#13191 = DRAUGHTING_PRE_DEFINED_CURVE_FONT('continuous');
#13192 = OVER_RIDING_STYLED_ITEM('overriding color',(#13193),#4939,
  #13183);
#13193 = PRESENTATION_STYLE_ASSIGNMENT((#13194,#13199));
#13194 = SURFACE_STYLE_USAGE(.BOTH.,#13195);
#13195 = SURFACE_SIDE_STYLE('',(#13196));
#13196 = SURFACE_STYLE_FILL_AREA(#13197);
#13197 = FILL_AREA_STYLE('',(#13198));
#13198 = FILL_AREA_STYLE_COLOUR('',#12820);
#13199 = CURVE_STYLE('',#13200,POSITIVE_LENGTH_MEASURE(0.1),#12820);
#13200 = DRAUGHTING_PRE_DEFINED_CURVE_FONT('continuous');
#13201 = OVER_RIDING_STYLED_ITEM('overriding color',(#13202),#4955,
  #13183);
#13202 = PRESENTATION_STYLE_ASSIGNMENT((#13203,#13208));
#13203 = SURFACE_STYLE_USAGE(.BOTH.,#13204);
#13204 = SURFACE_SIDE_STYLE('',(#13205));
#13205 = SURFACE_STYLE_FILL_AREA(#13206);
#13206 = FILL_AREA_STYLE('',(#13207));
#13207 = FILL_AREA_STYLE_COLOUR('',#12820);
#13208 = CURVE_STYLE('',#13209,POSITIVE_LENGTH_MEASURE(0.1),#12820);
#13209 = DRAUGHTING_PRE_DEFINED_CURVE_FONT('continuous');
#13210 = STYLED_ITEM('color',(#13211),#4981);
#13211 = PRESENTATION_STYLE_ASSIGNMENT((#13212,#13217));
#13212 = SURFACE_STYLE_USAGE(.BOTH.,#13213);
#13213 = SURFACE_SIDE_STYLE('',(#13214));
#13214 = SURFACE_STYLE_FILL_AREA(#13215);
#13215 = FILL_AREA_STYLE('',(#13216));
#13216 = FILL_AREA_STYLE_COLOUR('',#12747);
#13217 = CURVE_STYLE('',#13218,POSITIVE_LENGTH_MEASURE(0.1),#12747);
#13218 = DRAUGHTING_PRE_DEFINED_CURVE_FONT('continuous');
#13219 = STYLED_ITEM('color',(#13220),#5005);
#13220 = PRESENTATION_STYLE_ASSIGNMENT((#13221,#13226));
#13221 = SURFACE_STYLE_USAGE(.BOTH.,#13222);
#13222 = SURFACE_SIDE_STYLE('',(#13223));
#13223 = SURFACE_STYLE_FILL_AREA(#13224);
#13224 = FILL_AREA_STYLE('',(#13225));
#13225 = FILL_AREA_STYLE_COLOUR('',#12747);
#13226 = CURVE_STYLE('',#13227,POSITIVE_LENGTH_MEASURE(0.1),#12747);
#13227 = DRAUGHTING_PRE_DEFINED_CURVE_FONT('continuous');
#13228 = OVER_RIDING_STYLED_ITEM('overriding color',(#13229),#5019,
  #13219);
#13229 = PRESENTATION_STYLE_ASSIGNMENT((#13230,#13235));
#13230 = SURFACE_STYLE_USAGE(.BOTH.,#13231);
#13231 = SURFACE_SIDE_STYLE('',(#13232));
#13232 = SURFACE_STYLE_FILL_AREA(#13233);
#13233 = FILL_AREA_STYLE('',(#13234));
#13234 = FILL_AREA_STYLE_COLOUR('',#12820);
#13235 = CURVE_STYLE('',#13236,POSITIVE_LENGTH_MEASURE(0.1),#12820);
#13236 = DRAUGHTING_PRE_DEFINED_CURVE_FONT('continuous');
#13237 = OVER_RIDING_STYLED_ITEM('overriding color',(#13238),#5035,
  #13219);
#13238 = PRESENTATION_STYLE_ASSIGNMENT((#13239,#13244));
#13239 = SURFACE_STYLE_USAGE(.BOTH.,#13240);
#13240 = SURFACE_SIDE_STYLE('',(#13241));
#13241 = SURFACE_STYLE_FILL_AREA(#13242);
#13242 = FILL_AREA_STYLE('',(#13243));
#13243 = FILL_AREA_STYLE_COLOUR('',#12820);
#13244 = CURVE_STYLE('',#13245,POSITIVE_LENGTH_MEASURE(0.1),#12820);
#13245 = DRAUGHTING_PRE_DEFINED_CURVE_FONT('continuous');
#13246 = STYLED_ITEM('color',(#13247),#5054);
#13247 = PRESENTATION_STYLE_ASSIGNMENT((#13248,#13253));
#13248 = SURFACE_STYLE_USAGE(.BOTH.,#13249);
#13249 = SURFACE_SIDE_STYLE('',(#13250));
#13250 = SURFACE_STYLE_FILL_AREA(#13251);
#13251 = FILL_AREA_STYLE('',(#13252));
#13252 = FILL_AREA_STYLE_COLOUR('',#12747);
#13253 = CURVE_STYLE('',#13254,POSITIVE_LENGTH_MEASURE(0.1),#12747);
#13254 = DRAUGHTING_PRE_DEFINED_CURVE_FONT('continuous');
#13255 = STYLED_ITEM('color',(#13256),#5085);
#13256 = PRESENTATION_STYLE_ASSIGNMENT((#13257,#13262));
#13257 = SURFACE_STYLE_USAGE(.BOTH.,#13258);
#13258 = SURFACE_SIDE_STYLE('',(#13259));
#13259 = SURFACE_STYLE_FILL_AREA(#13260);
#13260 = FILL_AREA_STYLE('',(#13261));
#13261 = FILL_AREA_STYLE_COLOUR('',#12747);
#13262 = CURVE_STYLE('',#13263,POSITIVE_LENGTH_MEASURE(0.1),#12747);
#13263 = DRAUGHTING_PRE_DEFINED_CURVE_FONT('continuous');
#13264 = OVER_RIDING_STYLED_ITEM('overriding color',(#13265),#5099,
  #13255);
#13265 = PRESENTATION_STYLE_ASSIGNMENT((#13266,#13271));
#13266 = SURFACE_STYLE_USAGE(.BOTH.,#13267);
#13267 = SURFACE_SIDE_STYLE('',(#13268));
#13268 = SURFACE_STYLE_FILL_AREA(#13269);
#13269 = FILL_AREA_STYLE('',(#13270));
#13270 = FILL_AREA_STYLE_COLOUR('',#12820);
#13271 = CURVE_STYLE('',#13272,POSITIVE_LENGTH_MEASURE(0.1),#12820);
#13272 = DRAUGHTING_PRE_DEFINED_CURVE_FONT('continuous');
#13273 = OVER_RIDING_STYLED_ITEM('overriding color',(#13274),#5115,
  #13255);
#13274 = PRESENTATION_STYLE_ASSIGNMENT((#13275,#13280));
#13275 = SURFACE_STYLE_USAGE(.BOTH.,#13276);
#13276 = SURFACE_SIDE_STYLE('',(#13277));
#13277 = SURFACE_STYLE_FILL_AREA(#13278);
#13278 = FILL_AREA_STYLE('',(#13279));
#13279 = FILL_AREA_STYLE_COLOUR('',#12820);
#13280 = CURVE_STYLE('',#13281,POSITIVE_LENGTH_MEASURE(0.1),#12820);
#13281 = DRAUGHTING_PRE_DEFINED_CURVE_FONT('continuous');
#13282 = STYLED_ITEM('color',(#13283),#5141);
#13283 = PRESENTATION_STYLE_ASSIGNMENT((#13284,#13289));
#13284 = SURFACE_STYLE_USAGE(.BOTH.,#13285);
#13285 = SURFACE_SIDE_STYLE('',(#13286));
#13286 = SURFACE_STYLE_FILL_AREA(#13287);
#13287 = FILL_AREA_STYLE('',(#13288));
#13288 = FILL_AREA_STYLE_COLOUR('',#12747);
#13289 = CURVE_STYLE('',#13290,POSITIVE_LENGTH_MEASURE(0.1),#12747);
#13290 = DRAUGHTING_PRE_DEFINED_CURVE_FONT('continuous');
#13291 = STYLED_ITEM('color',(#13292),#5165);
#13292 = PRESENTATION_STYLE_ASSIGNMENT((#13293,#13298));
#13293 = SURFACE_STYLE_USAGE(.BOTH.,#13294);
#13294 = SURFACE_SIDE_STYLE('',(#13295));
#13295 = SURFACE_STYLE_FILL_AREA(#13296);
#13296 = FILL_AREA_STYLE('',(#13297));
#13297 = FILL_AREA_STYLE_COLOUR('',#12747);
#13298 = CURVE_STYLE('',#13299,POSITIVE_LENGTH_MEASURE(0.1),#12747);
#13299 = DRAUGHTING_PRE_DEFINED_CURVE_FONT('continuous');
#13300 = OVER_RIDING_STYLED_ITEM('overriding color',(#13301),#5179,
  #13291);
#13301 = PRESENTATION_STYLE_ASSIGNMENT((#13302,#13307));
#13302 = SURFACE_STYLE_USAGE(.BOTH.,#13303);
#13303 = SURFACE_SIDE_STYLE('',(#13304));
#13304 = SURFACE_STYLE_FILL_AREA(#13305);
#13305 = FILL_AREA_STYLE('',(#13306));
#13306 = FILL_AREA_STYLE_COLOUR('',#12820);
#13307 = CURVE_STYLE('',#13308,POSITIVE_LENGTH_MEASURE(0.1),#12820);
#13308 = DRAUGHTING_PRE_DEFINED_CURVE_FONT('continuous');
#13309 = OVER_RIDING_STYLED_ITEM('overriding color',(#13310),#5195,
  #13291);
#13310 = PRESENTATION_STYLE_ASSIGNMENT((#13311,#13316));
#13311 = SURFACE_STYLE_USAGE(.BOTH.,#13312);
#13312 = SURFACE_SIDE_STYLE('',(#13313));
#13313 = SURFACE_STYLE_FILL_AREA(#13314);
#13314 = FILL_AREA_STYLE('',(#13315));
#13315 = FILL_AREA_STYLE_COLOUR('',#12820);
#13316 = CURVE_STYLE('',#13317,POSITIVE_LENGTH_MEASURE(0.1),#12820);
#13317 = DRAUGHTING_PRE_DEFINED_CURVE_FONT('continuous');
#13318 = STYLED_ITEM('color',(#13319),#5214);
#13319 = PRESENTATION_STYLE_ASSIGNMENT((#13320,#13325));
#13320 = SURFACE_STYLE_USAGE(.BOTH.,#13321);
#13321 = SURFACE_SIDE_STYLE('',(#13322));
#13322 = SURFACE_STYLE_FILL_AREA(#13323);
#13323 = FILL_AREA_STYLE('',(#13324));
#13324 = FILL_AREA_STYLE_COLOUR('',#12820);
#13325 = CURVE_STYLE('',#13326,POSITIVE_LENGTH_MEASURE(0.1),#12820);
#13326 = DRAUGHTING_PRE_DEFINED_CURVE_FONT('continuous');
#13327 = STYLED_ITEM('color',(#13328),#5231);
#13328 = PRESENTATION_STYLE_ASSIGNMENT((#13329,#13334));
#13329 = SURFACE_STYLE_USAGE(.BOTH.,#13330);
#13330 = SURFACE_SIDE_STYLE('',(#13331));
#13331 = SURFACE_STYLE_FILL_AREA(#13332);
#13332 = FILL_AREA_STYLE('',(#13333));
#13333 = FILL_AREA_STYLE_COLOUR('',#12820);
#13334 = CURVE_STYLE('',#13335,POSITIVE_LENGTH_MEASURE(0.1),#12820);
#13335 = DRAUGHTING_PRE_DEFINED_CURVE_FONT('continuous');
#13336 = STYLED_ITEM('color',(#13337),#5248);
#13337 = PRESENTATION_STYLE_ASSIGNMENT((#13338,#13343));
#13338 = SURFACE_STYLE_USAGE(.BOTH.,#13339);
#13339 = SURFACE_SIDE_STYLE('',(#13340));
#13340 = SURFACE_STYLE_FILL_AREA(#13341);
#13341 = FILL_AREA_STYLE('',(#13342));
#13342 = FILL_AREA_STYLE_COLOUR('',#12820);
#13343 = CURVE_STYLE('',#13344,POSITIVE_LENGTH_MEASURE(0.1),#12820);
#13344 = DRAUGHTING_PRE_DEFINED_CURVE_FONT('continuous');
#13345 = STYLED_ITEM('color',(#13346),#5265);
#13346 = PRESENTATION_STYLE_ASSIGNMENT((#13347,#13352));
#13347 = SURFACE_STYLE_USAGE(.BOTH.,#13348);
#13348 = SURFACE_SIDE_STYLE('',(#13349));
#13349 = SURFACE_STYLE_FILL_AREA(#13350);
#13350 = FILL_AREA_STYLE('',(#13351));
#13351 = FILL_AREA_STYLE_COLOUR('',#12820);
#13352 = CURVE_STYLE('',#13353,POSITIVE_LENGTH_MEASURE(0.1),#12820);
#13353 = DRAUGHTING_PRE_DEFINED_CURVE_FONT('continuous');
#13354 = STYLED_ITEM('color',(#13355),#5282);
#13355 = PRESENTATION_STYLE_ASSIGNMENT((#13356,#13361));
#13356 = SURFACE_STYLE_USAGE(.BOTH.,#13357);
#13357 = SURFACE_SIDE_STYLE('',(#13358));
#13358 = SURFACE_STYLE_FILL_AREA(#13359);
#13359 = FILL_AREA_STYLE('',(#13360));
#13360 = FILL_AREA_STYLE_COLOUR('',#12820);
#13361 = CURVE_STYLE('',#13362,POSITIVE_LENGTH_MEASURE(0.1),#12820);
#13362 = DRAUGHTING_PRE_DEFINED_CURVE_FONT('continuous');
#13363 = STYLED_ITEM('color',(#13364),#5294);
#13364 = PRESENTATION_STYLE_ASSIGNMENT((#13365,#13370));
#13365 = SURFACE_STYLE_USAGE(.BOTH.,#13366);
#13366 = SURFACE_SIDE_STYLE('',(#13367));
#13367 = SURFACE_STYLE_FILL_AREA(#13368);
#13368 = FILL_AREA_STYLE('',(#13369));
#13369 = FILL_AREA_STYLE_COLOUR('',#12820);
#13370 = CURVE_STYLE('',#13371,POSITIVE_LENGTH_MEASURE(0.1),#12820);
#13371 = DRAUGHTING_PRE_DEFINED_CURVE_FONT('continuous');
#13372 = STYLED_ITEM('color',(#13373),#5311);
#13373 = PRESENTATION_STYLE_ASSIGNMENT((#13374,#13379));
#13374 = SURFACE_STYLE_USAGE(.BOTH.,#13375);
#13375 = SURFACE_SIDE_STYLE('',(#13376));
#13376 = SURFACE_STYLE_FILL_AREA(#13377);
#13377 = FILL_AREA_STYLE('',(#13378));
#13378 = FILL_AREA_STYLE_COLOUR('',#12820);
#13379 = CURVE_STYLE('',#13380,POSITIVE_LENGTH_MEASURE(0.1),#12820);
#13380 = DRAUGHTING_PRE_DEFINED_CURVE_FONT('continuous');
#13381 = STYLED_ITEM('color',(#13382),#5328);
#13382 = PRESENTATION_STYLE_ASSIGNMENT((#13383,#13388));
#13383 = SURFACE_STYLE_USAGE(.BOTH.,#13384);
#13384 = SURFACE_SIDE_STYLE('',(#13385));
#13385 = SURFACE_STYLE_FILL_AREA(#13386);
#13386 = FILL_AREA_STYLE('',(#13387));
#13387 = FILL_AREA_STYLE_COLOUR('',#12820);
#13388 = CURVE_STYLE('',#13389,POSITIVE_LENGTH_MEASURE(0.1),#12820);
#13389 = DRAUGHTING_PRE_DEFINED_CURVE_FONT('continuous');
#13390 = STYLED_ITEM('color',(#13391),#5345);
#13391 = PRESENTATION_STYLE_ASSIGNMENT((#13392,#13397));
#13392 = SURFACE_STYLE_USAGE(.BOTH.,#13393);
#13393 = SURFACE_SIDE_STYLE('',(#13394));
#13394 = SURFACE_STYLE_FILL_AREA(#13395);
#13395 = FILL_AREA_STYLE('',(#13396));
#13396 = FILL_AREA_STYLE_COLOUR('',#12820);
#13397 = CURVE_STYLE('',#13398,POSITIVE_LENGTH_MEASURE(0.1),#12820);
#13398 = DRAUGHTING_PRE_DEFINED_CURVE_FONT('continuous');
#13399 = STYLED_ITEM('color',(#13400),#5362);
#13400 = PRESENTATION_STYLE_ASSIGNMENT((#13401,#13406));
#13401 = SURFACE_STYLE_USAGE(.BOTH.,#13402);
#13402 = SURFACE_SIDE_STYLE('',(#13403));
#13403 = SURFACE_STYLE_FILL_AREA(#13404);
#13404 = FILL_AREA_STYLE('',(#13405));
#13405 = FILL_AREA_STYLE_COLOUR('',#12820);
#13406 = CURVE_STYLE('',#13407,POSITIVE_LENGTH_MEASURE(0.1),#12820);
#13407 = DRAUGHTING_PRE_DEFINED_CURVE_FONT('continuous');
#13408 = STYLED_ITEM('color',(#13409),#5374);
#13409 = PRESENTATION_STYLE_ASSIGNMENT((#13410,#13415));
#13410 = SURFACE_STYLE_USAGE(.BOTH.,#13411);
#13411 = SURFACE_SIDE_STYLE('',(#13412));
#13412 = SURFACE_STYLE_FILL_AREA(#13413);
#13413 = FILL_AREA_STYLE('',(#13414));
#13414 = FILL_AREA_STYLE_COLOUR('',#12820);
#13415 = CURVE_STYLE('',#13416,POSITIVE_LENGTH_MEASURE(0.1),#12820);
#13416 = DRAUGHTING_PRE_DEFINED_CURVE_FONT('continuous');
#13417 = STYLED_ITEM('color',(#13418),#5391);
#13418 = PRESENTATION_STYLE_ASSIGNMENT((#13419,#13424));
#13419 = SURFACE_STYLE_USAGE(.BOTH.,#13420);
#13420 = SURFACE_SIDE_STYLE('',(#13421));
#13421 = SURFACE_STYLE_FILL_AREA(#13422);
#13422 = FILL_AREA_STYLE('',(#13423));
#13423 = FILL_AREA_STYLE_COLOUR('',#12820);
#13424 = CURVE_STYLE('',#13425,POSITIVE_LENGTH_MEASURE(0.1),#12820);
#13425 = DRAUGHTING_PRE_DEFINED_CURVE_FONT('continuous');
#13426 = STYLED_ITEM('color',(#13427),#5408);
#13427 = PRESENTATION_STYLE_ASSIGNMENT((#13428,#13433));
#13428 = SURFACE_STYLE_USAGE(.BOTH.,#13429);
#13429 = SURFACE_SIDE_STYLE('',(#13430));
#13430 = SURFACE_STYLE_FILL_AREA(#13431);
#13431 = FILL_AREA_STYLE('',(#13432));
#13432 = FILL_AREA_STYLE_COLOUR('',#12820);
#13433 = CURVE_STYLE('',#13434,POSITIVE_LENGTH_MEASURE(0.1),#12820);
#13434 = DRAUGHTING_PRE_DEFINED_CURVE_FONT('continuous');
#13435 = STYLED_ITEM('color',(#13436),#5425);
#13436 = PRESENTATION_STYLE_ASSIGNMENT((#13437,#13442));
#13437 = SURFACE_STYLE_USAGE(.BOTH.,#13438);
#13438 = SURFACE_SIDE_STYLE('',(#13439));
#13439 = SURFACE_STYLE_FILL_AREA(#13440);
#13440 = FILL_AREA_STYLE('',(#13441));
#13441 = FILL_AREA_STYLE_COLOUR('',#12820);
#13442 = CURVE_STYLE('',#13443,POSITIVE_LENGTH_MEASURE(0.1),#12820);
#13443 = DRAUGHTING_PRE_DEFINED_CURVE_FONT('continuous');
#13444 = STYLED_ITEM('color',(#13445),#5442);
#13445 = PRESENTATION_STYLE_ASSIGNMENT((#13446,#13451));
#13446 = SURFACE_STYLE_USAGE(.BOTH.,#13447);
#13447 = SURFACE_SIDE_STYLE('',(#13448));
#13448 = SURFACE_STYLE_FILL_AREA(#13449);
#13449 = FILL_AREA_STYLE('',(#13450));
#13450 = FILL_AREA_STYLE_COLOUR('',#12820);
#13451 = CURVE_STYLE('',#13452,POSITIVE_LENGTH_MEASURE(0.1),#12820);
#13452 = DRAUGHTING_PRE_DEFINED_CURVE_FONT('continuous');
#13453 = STYLED_ITEM('color',(#13454),#5454);
#13454 = PRESENTATION_STYLE_ASSIGNMENT((#13455,#13460));
#13455 = SURFACE_STYLE_USAGE(.BOTH.,#13456);
#13456 = SURFACE_SIDE_STYLE('',(#13457));
#13457 = SURFACE_STYLE_FILL_AREA(#13458);
#13458 = FILL_AREA_STYLE('',(#13459));
#13459 = FILL_AREA_STYLE_COLOUR('',#12747);
#13460 = CURVE_STYLE('',#13461,POSITIVE_LENGTH_MEASURE(0.1),#12747);
#13461 = DRAUGHTING_PRE_DEFINED_CURVE_FONT('continuous');
#13462 = OVER_RIDING_STYLED_ITEM('overriding color',(#13463),#5461,
  #13453);
#13463 = PRESENTATION_STYLE_ASSIGNMENT((#13464,#13469));
#13464 = SURFACE_STYLE_USAGE(.BOTH.,#13465);
#13465 = SURFACE_SIDE_STYLE('',(#13466));
#13466 = SURFACE_STYLE_FILL_AREA(#13467);
#13467 = FILL_AREA_STYLE('',(#13468));
#13468 = FILL_AREA_STYLE_COLOUR('',#12820);
#13469 = CURVE_STYLE('',#13470,POSITIVE_LENGTH_MEASURE(0.1),#12820);
#13470 = DRAUGHTING_PRE_DEFINED_CURVE_FONT('continuous');
#13471 = STYLED_ITEM('color',(#13472),#5471);
#13472 = PRESENTATION_STYLE_ASSIGNMENT((#13473,#13478));
#13473 = SURFACE_STYLE_USAGE(.BOTH.,#13474);
#13474 = SURFACE_SIDE_STYLE('',(#13475));
#13475 = SURFACE_STYLE_FILL_AREA(#13476);
#13476 = FILL_AREA_STYLE('',(#13477));
#13477 = FILL_AREA_STYLE_COLOUR('',#12747);
#13478 = CURVE_STYLE('',#13479,POSITIVE_LENGTH_MEASURE(0.1),#12747);
#13479 = DRAUGHTING_PRE_DEFINED_CURVE_FONT('continuous');
#13480 = OVER_RIDING_STYLED_ITEM('overriding color',(#13481),#5476,
  #13471);
#13481 = PRESENTATION_STYLE_ASSIGNMENT((#13482,#13487));
#13482 = SURFACE_STYLE_USAGE(.BOTH.,#13483);
#13483 = SURFACE_SIDE_STYLE('',(#13484));
#13484 = SURFACE_STYLE_FILL_AREA(#13485);
#13485 = FILL_AREA_STYLE('',(#13486));
#13486 = FILL_AREA_STYLE_COLOUR('',#12820);
#13487 = CURVE_STYLE('',#13488,POSITIVE_LENGTH_MEASURE(0.1),#12820);
#13488 = DRAUGHTING_PRE_DEFINED_CURVE_FONT('continuous');
#13489 = STYLED_ITEM('color',(#13490),#5488);
#13490 = PRESENTATION_STYLE_ASSIGNMENT((#13491,#13496));
#13491 = SURFACE_STYLE_USAGE(.BOTH.,#13492);
#13492 = SURFACE_SIDE_STYLE('',(#13493));
#13493 = SURFACE_STYLE_FILL_AREA(#13494);
#13494 = FILL_AREA_STYLE('',(#13495));
#13495 = FILL_AREA_STYLE_COLOUR('',#12820);
#13496 = CURVE_STYLE('',#13497,POSITIVE_LENGTH_MEASURE(0.1),#12820);
#13497 = DRAUGHTING_PRE_DEFINED_CURVE_FONT('continuous');
#13498 = STYLED_ITEM('color',(#13499),#5537);
#13499 = PRESENTATION_STYLE_ASSIGNMENT((#13500,#13505));
#13500 = SURFACE_STYLE_USAGE(.BOTH.,#13501);
#13501 = SURFACE_SIDE_STYLE('',(#13502));
#13502 = SURFACE_STYLE_FILL_AREA(#13503);
#13503 = FILL_AREA_STYLE('',(#13504));
#13504 = FILL_AREA_STYLE_COLOUR('',#12820);
#13505 = CURVE_STYLE('',#13506,POSITIVE_LENGTH_MEASURE(0.1),#12820);
#13506 = DRAUGHTING_PRE_DEFINED_CURVE_FONT('continuous');
#13507 = STYLED_ITEM('color',(#13508),#5561);
#13508 = PRESENTATION_STYLE_ASSIGNMENT((#13509,#13514));
#13509 = SURFACE_STYLE_USAGE(.BOTH.,#13510);
#13510 = SURFACE_SIDE_STYLE('',(#13511));
#13511 = SURFACE_STYLE_FILL_AREA(#13512);
#13512 = FILL_AREA_STYLE('',(#13513));
#13513 = FILL_AREA_STYLE_COLOUR('',#12820);
#13514 = CURVE_STYLE('',#13515,POSITIVE_LENGTH_MEASURE(0.1),#12820);
#13515 = DRAUGHTING_PRE_DEFINED_CURVE_FONT('continuous');
#13516 = STYLED_ITEM('color',(#13517),#5603);
#13517 = PRESENTATION_STYLE_ASSIGNMENT((#13518,#13523));
#13518 = SURFACE_STYLE_USAGE(.BOTH.,#13519);
#13519 = SURFACE_SIDE_STYLE('',(#13520));
#13520 = SURFACE_STYLE_FILL_AREA(#13521);
#13521 = FILL_AREA_STYLE('',(#13522));
#13522 = FILL_AREA_STYLE_COLOUR('',#12820);
#13523 = CURVE_STYLE('',#13524,POSITIVE_LENGTH_MEASURE(0.1),#12820);
#13524 = DRAUGHTING_PRE_DEFINED_CURVE_FONT('continuous');
#13525 = STYLED_ITEM('color',(#13526),#5620);
#13526 = PRESENTATION_STYLE_ASSIGNMENT((#13527,#13532));
#13527 = SURFACE_STYLE_USAGE(.BOTH.,#13528);
#13528 = SURFACE_SIDE_STYLE('',(#13529));
#13529 = SURFACE_STYLE_FILL_AREA(#13530);
#13530 = FILL_AREA_STYLE('',(#13531));
#13531 = FILL_AREA_STYLE_COLOUR('',#12747);
#13532 = CURVE_STYLE('',#13533,POSITIVE_LENGTH_MEASURE(0.1),#12747);
#13533 = DRAUGHTING_PRE_DEFINED_CURVE_FONT('continuous');
#13534 = OVER_RIDING_STYLED_ITEM('overriding color',(#13535),#5627,
  #13525);
#13535 = PRESENTATION_STYLE_ASSIGNMENT((#13536,#13541));
#13536 = SURFACE_STYLE_USAGE(.BOTH.,#13537);
#13537 = SURFACE_SIDE_STYLE('',(#13538));
#13538 = SURFACE_STYLE_FILL_AREA(#13539);
#13539 = FILL_AREA_STYLE('',(#13540));
#13540 = FILL_AREA_STYLE_COLOUR('',#12820);
#13541 = CURVE_STYLE('',#13542,POSITIVE_LENGTH_MEASURE(0.1),#12820);
#13542 = DRAUGHTING_PRE_DEFINED_CURVE_FONT('continuous');
#13543 = STYLED_ITEM('color',(#13544),#5637);
#13544 = PRESENTATION_STYLE_ASSIGNMENT((#13545,#13550));
#13545 = SURFACE_STYLE_USAGE(.BOTH.,#13546);
#13546 = SURFACE_SIDE_STYLE('',(#13547));
#13547 = SURFACE_STYLE_FILL_AREA(#13548);
#13548 = FILL_AREA_STYLE('',(#13549));
#13549 = FILL_AREA_STYLE_COLOUR('',#12747);
#13550 = CURVE_STYLE('',#13551,POSITIVE_LENGTH_MEASURE(0.1),#12747);
#13551 = DRAUGHTING_PRE_DEFINED_CURVE_FONT('continuous');
#13552 = OVER_RIDING_STYLED_ITEM('overriding color',(#13553),#5642,
  #13543);
#13553 = PRESENTATION_STYLE_ASSIGNMENT((#13554,#13559));
#13554 = SURFACE_STYLE_USAGE(.BOTH.,#13555);
#13555 = SURFACE_SIDE_STYLE('',(#13556));
#13556 = SURFACE_STYLE_FILL_AREA(#13557);
#13557 = FILL_AREA_STYLE('',(#13558));
#13558 = FILL_AREA_STYLE_COLOUR('',#12820);
#13559 = CURVE_STYLE('',#13560,POSITIVE_LENGTH_MEASURE(0.1),#12820);
#13560 = DRAUGHTING_PRE_DEFINED_CURVE_FONT('continuous');
#13561 = STYLED_ITEM('color',(#13562),#5654);
#13562 = PRESENTATION_STYLE_ASSIGNMENT((#13563,#13568));
#13563 = SURFACE_STYLE_USAGE(.BOTH.,#13564);
#13564 = SURFACE_SIDE_STYLE('',(#13565));
#13565 = SURFACE_STYLE_FILL_AREA(#13566);
#13566 = FILL_AREA_STYLE('',(#13567));
#13567 = FILL_AREA_STYLE_COLOUR('',#12820);
#13568 = CURVE_STYLE('',#13569,POSITIVE_LENGTH_MEASURE(0.1),#12820);
#13569 = DRAUGHTING_PRE_DEFINED_CURVE_FONT('continuous');
#13570 = STYLED_ITEM('color',(#13571),#5703);
#13571 = PRESENTATION_STYLE_ASSIGNMENT((#13572,#13577));
#13572 = SURFACE_STYLE_USAGE(.BOTH.,#13573);
#13573 = SURFACE_SIDE_STYLE('',(#13574));
#13574 = SURFACE_STYLE_FILL_AREA(#13575);
#13575 = FILL_AREA_STYLE('',(#13576));
#13576 = FILL_AREA_STYLE_COLOUR('',#12820);
#13577 = CURVE_STYLE('',#13578,POSITIVE_LENGTH_MEASURE(0.1),#12820);
#13578 = DRAUGHTING_PRE_DEFINED_CURVE_FONT('continuous');
#13579 = STYLED_ITEM('color',(#13580),#5727);
#13580 = PRESENTATION_STYLE_ASSIGNMENT((#13581,#13586));
#13581 = SURFACE_STYLE_USAGE(.BOTH.,#13582);
#13582 = SURFACE_SIDE_STYLE('',(#13583));
#13583 = SURFACE_STYLE_FILL_AREA(#13584);
#13584 = FILL_AREA_STYLE('',(#13585));
#13585 = FILL_AREA_STYLE_COLOUR('',#12820);
#13586 = CURVE_STYLE('',#13587,POSITIVE_LENGTH_MEASURE(0.1),#12820);
#13587 = DRAUGHTING_PRE_DEFINED_CURVE_FONT('continuous');
#13588 = STYLED_ITEM('color',(#13589),#5769);
#13589 = PRESENTATION_STYLE_ASSIGNMENT((#13590,#13595));
#13590 = SURFACE_STYLE_USAGE(.BOTH.,#13591);
#13591 = SURFACE_SIDE_STYLE('',(#13592));
#13592 = SURFACE_STYLE_FILL_AREA(#13593);
#13593 = FILL_AREA_STYLE('',(#13594));
#13594 = FILL_AREA_STYLE_COLOUR('',#12820);
#13595 = CURVE_STYLE('',#13596,POSITIVE_LENGTH_MEASURE(0.1),#12820);
#13596 = DRAUGHTING_PRE_DEFINED_CURVE_FONT('continuous');
#13597 = STYLED_ITEM('color',(#13598),#5786);
#13598 = PRESENTATION_STYLE_ASSIGNMENT((#13599,#13604));
#13599 = SURFACE_STYLE_USAGE(.BOTH.,#13600);
#13600 = SURFACE_SIDE_STYLE('',(#13601));
#13601 = SURFACE_STYLE_FILL_AREA(#13602);
#13602 = FILL_AREA_STYLE('',(#13603));
#13603 = FILL_AREA_STYLE_COLOUR('',#12747);
#13604 = CURVE_STYLE('',#13605,POSITIVE_LENGTH_MEASURE(0.1),#12747);
#13605 = DRAUGHTING_PRE_DEFINED_CURVE_FONT('continuous');
#13606 = OVER_RIDING_STYLED_ITEM('overriding color',(#13607),#5793,
  #13597);
#13607 = PRESENTATION_STYLE_ASSIGNMENT((#13608,#13613));
#13608 = SURFACE_STYLE_USAGE(.BOTH.,#13609);
#13609 = SURFACE_SIDE_STYLE('',(#13610));
#13610 = SURFACE_STYLE_FILL_AREA(#13611);
#13611 = FILL_AREA_STYLE('',(#13612));
#13612 = FILL_AREA_STYLE_COLOUR('',#12820);
#13613 = CURVE_STYLE('',#13614,POSITIVE_LENGTH_MEASURE(0.1),#12820);
#13614 = DRAUGHTING_PRE_DEFINED_CURVE_FONT('continuous');
#13615 = STYLED_ITEM('color',(#13616),#5803);
#13616 = PRESENTATION_STYLE_ASSIGNMENT((#13617,#13622));
#13617 = SURFACE_STYLE_USAGE(.BOTH.,#13618);
#13618 = SURFACE_SIDE_STYLE('',(#13619));
#13619 = SURFACE_STYLE_FILL_AREA(#13620);
#13620 = FILL_AREA_STYLE('',(#13621));
#13621 = FILL_AREA_STYLE_COLOUR('',#12747);
#13622 = CURVE_STYLE('',#13623,POSITIVE_LENGTH_MEASURE(0.1),#12747);
#13623 = DRAUGHTING_PRE_DEFINED_CURVE_FONT('continuous');
#13624 = OVER_RIDING_STYLED_ITEM('overriding color',(#13625),#5808,
  #13615);
#13625 = PRESENTATION_STYLE_ASSIGNMENT((#13626,#13631));
#13626 = SURFACE_STYLE_USAGE(.BOTH.,#13627);
#13627 = SURFACE_SIDE_STYLE('',(#13628));
#13628 = SURFACE_STYLE_FILL_AREA(#13629);
#13629 = FILL_AREA_STYLE('',(#13630));
#13630 = FILL_AREA_STYLE_COLOUR('',#12820);
#13631 = CURVE_STYLE('',#13632,POSITIVE_LENGTH_MEASURE(0.1),#12820);
#13632 = DRAUGHTING_PRE_DEFINED_CURVE_FONT('continuous');
#13633 = STYLED_ITEM('color',(#13634),#5820);
#13634 = PRESENTATION_STYLE_ASSIGNMENT((#13635,#13640));
#13635 = SURFACE_STYLE_USAGE(.BOTH.,#13636);
#13636 = SURFACE_SIDE_STYLE('',(#13637));
#13637 = SURFACE_STYLE_FILL_AREA(#13638);
#13638 = FILL_AREA_STYLE('',(#13639));
#13639 = FILL_AREA_STYLE_COLOUR('',#12820);
#13640 = CURVE_STYLE('',#13641,POSITIVE_LENGTH_MEASURE(0.1),#12820);
#13641 = DRAUGHTING_PRE_DEFINED_CURVE_FONT('continuous');
#13642 = STYLED_ITEM('color',(#13643),#5869);
#13643 = PRESENTATION_STYLE_ASSIGNMENT((#13644,#13649));
#13644 = SURFACE_STYLE_USAGE(.BOTH.,#13645);
#13645 = SURFACE_SIDE_STYLE('',(#13646));
#13646 = SURFACE_STYLE_FILL_AREA(#13647);
#13647 = FILL_AREA_STYLE('',(#13648));
#13648 = FILL_AREA_STYLE_COLOUR('',#12820);
#13649 = CURVE_STYLE('',#13650,POSITIVE_LENGTH_MEASURE(0.1),#12820);
#13650 = DRAUGHTING_PRE_DEFINED_CURVE_FONT('continuous');
#13651 = STYLED_ITEM('color',(#13652),#5893);
#13652 = PRESENTATION_STYLE_ASSIGNMENT((#13653,#13658));
#13653 = SURFACE_STYLE_USAGE(.BOTH.,#13654);
#13654 = SURFACE_SIDE_STYLE('',(#13655));
#13655 = SURFACE_STYLE_FILL_AREA(#13656);
#13656 = FILL_AREA_STYLE('',(#13657));
#13657 = FILL_AREA_STYLE_COLOUR('',#12820);
#13658 = CURVE_STYLE('',#13659,POSITIVE_LENGTH_MEASURE(0.1),#12820);
#13659 = DRAUGHTING_PRE_DEFINED_CURVE_FONT('continuous');
#13660 = STYLED_ITEM('color',(#13661),#5935);
#13661 = PRESENTATION_STYLE_ASSIGNMENT((#13662,#13667));
#13662 = SURFACE_STYLE_USAGE(.BOTH.,#13663);
#13663 = SURFACE_SIDE_STYLE('',(#13664));
#13664 = SURFACE_STYLE_FILL_AREA(#13665);
#13665 = FILL_AREA_STYLE('',(#13666));
#13666 = FILL_AREA_STYLE_COLOUR('',#12820);
#13667 = CURVE_STYLE('',#13668,POSITIVE_LENGTH_MEASURE(0.1),#12820);
#13668 = DRAUGHTING_PRE_DEFINED_CURVE_FONT('continuous');
#13669 = STYLED_ITEM('color',(#13670),#5952);
#13670 = PRESENTATION_STYLE_ASSIGNMENT((#13671,#13676));
#13671 = SURFACE_STYLE_USAGE(.BOTH.,#13672);
#13672 = SURFACE_SIDE_STYLE('',(#13673));
#13673 = SURFACE_STYLE_FILL_AREA(#13674);
#13674 = FILL_AREA_STYLE('',(#13675));
#13675 = FILL_AREA_STYLE_COLOUR('',#12820);
#13676 = CURVE_STYLE('',#13677,POSITIVE_LENGTH_MEASURE(0.1),#12820);
#13677 = DRAUGHTING_PRE_DEFINED_CURVE_FONT('continuous');
#13678 = STYLED_ITEM('color',(#13679),#5969);
#13679 = PRESENTATION_STYLE_ASSIGNMENT((#13680,#13685));
#13680 = SURFACE_STYLE_USAGE(.BOTH.,#13681);
#13681 = SURFACE_SIDE_STYLE('',(#13682));
#13682 = SURFACE_STYLE_FILL_AREA(#13683);
#13683 = FILL_AREA_STYLE('',(#13684));
#13684 = FILL_AREA_STYLE_COLOUR('',#12820);
#13685 = CURVE_STYLE('',#13686,POSITIVE_LENGTH_MEASURE(0.1),#12820);
#13686 = DRAUGHTING_PRE_DEFINED_CURVE_FONT('continuous');
#13687 = STYLED_ITEM('color',(#13688),#5986);
#13688 = PRESENTATION_STYLE_ASSIGNMENT((#13689,#13694));
#13689 = SURFACE_STYLE_USAGE(.BOTH.,#13690);
#13690 = SURFACE_SIDE_STYLE('',(#13691));
#13691 = SURFACE_STYLE_FILL_AREA(#13692);
#13692 = FILL_AREA_STYLE('',(#13693));
#13693 = FILL_AREA_STYLE_COLOUR('',#12820);
#13694 = CURVE_STYLE('',#13695,POSITIVE_LENGTH_MEASURE(0.1),#12820);
#13695 = DRAUGHTING_PRE_DEFINED_CURVE_FONT('continuous');
#13696 = STYLED_ITEM('color',(#13697),#5998);
#13697 = PRESENTATION_STYLE_ASSIGNMENT((#13698,#13703));
#13698 = SURFACE_STYLE_USAGE(.BOTH.,#13699);
#13699 = SURFACE_SIDE_STYLE('',(#13700));
#13700 = SURFACE_STYLE_FILL_AREA(#13701);
#13701 = FILL_AREA_STYLE('',(#13702));
#13702 = FILL_AREA_STYLE_COLOUR('',#12820);
#13703 = CURVE_STYLE('',#13704,POSITIVE_LENGTH_MEASURE(0.1),#12820);
#13704 = DRAUGHTING_PRE_DEFINED_CURVE_FONT('continuous');
#13705 = STYLED_ITEM('color',(#13706),#6015);
#13706 = PRESENTATION_STYLE_ASSIGNMENT((#13707,#13712));
#13707 = SURFACE_STYLE_USAGE(.BOTH.,#13708);
#13708 = SURFACE_SIDE_STYLE('',(#13709));
#13709 = SURFACE_STYLE_FILL_AREA(#13710);
#13710 = FILL_AREA_STYLE('',(#13711));
#13711 = FILL_AREA_STYLE_COLOUR('',#12820);
#13712 = CURVE_STYLE('',#13713,POSITIVE_LENGTH_MEASURE(0.1),#12820);
#13713 = DRAUGHTING_PRE_DEFINED_CURVE_FONT('continuous');
#13714 = STYLED_ITEM('color',(#13715),#6032);
#13715 = PRESENTATION_STYLE_ASSIGNMENT((#13716,#13721));
#13716 = SURFACE_STYLE_USAGE(.BOTH.,#13717);
#13717 = SURFACE_SIDE_STYLE('',(#13718));
#13718 = SURFACE_STYLE_FILL_AREA(#13719);
#13719 = FILL_AREA_STYLE('',(#13720));
#13720 = FILL_AREA_STYLE_COLOUR('',#12820);
#13721 = CURVE_STYLE('',#13722,POSITIVE_LENGTH_MEASURE(0.1),#12820);
#13722 = DRAUGHTING_PRE_DEFINED_CURVE_FONT('continuous');
#13723 = STYLED_ITEM('color',(#13724),#6044);
#13724 = PRESENTATION_STYLE_ASSIGNMENT((#13725,#13730));
#13725 = SURFACE_STYLE_USAGE(.BOTH.,#13726);
#13726 = SURFACE_SIDE_STYLE('',(#13727));
#13727 = SURFACE_STYLE_FILL_AREA(#13728);
#13728 = FILL_AREA_STYLE('',(#13729));
#13729 = FILL_AREA_STYLE_COLOUR('',#12820);
#13730 = CURVE_STYLE('',#13731,POSITIVE_LENGTH_MEASURE(0.1),#12820);
#13731 = DRAUGHTING_PRE_DEFINED_CURVE_FONT('continuous');
#13732 = STYLED_ITEM('color',(#13733),#6061);
#13733 = PRESENTATION_STYLE_ASSIGNMENT((#13734,#13739));
#13734 = SURFACE_STYLE_USAGE(.BOTH.,#13735);
#13735 = SURFACE_SIDE_STYLE('',(#13736));
#13736 = SURFACE_STYLE_FILL_AREA(#13737);
#13737 = FILL_AREA_STYLE('',(#13738));
#13738 = FILL_AREA_STYLE_COLOUR('',#12820);
#13739 = CURVE_STYLE('',#13740,POSITIVE_LENGTH_MEASURE(0.1),#12820);
#13740 = DRAUGHTING_PRE_DEFINED_CURVE_FONT('continuous');
#13741 = STYLED_ITEM('color',(#13742),#6078);
#13742 = PRESENTATION_STYLE_ASSIGNMENT((#13743,#13748));
#13743 = SURFACE_STYLE_USAGE(.BOTH.,#13744);
#13744 = SURFACE_SIDE_STYLE('',(#13745));
#13745 = SURFACE_STYLE_FILL_AREA(#13746);
#13746 = FILL_AREA_STYLE('',(#13747));
#13747 = FILL_AREA_STYLE_COLOUR('',#12820);
#13748 = CURVE_STYLE('',#13749,POSITIVE_LENGTH_MEASURE(0.1),#12820);
#13749 = DRAUGHTING_PRE_DEFINED_CURVE_FONT('continuous');
#13750 = MECHANICAL_DESIGN_GEOMETRIC_PRESENTATION_REPRESENTATION('',(
    #13751,#13760,#13769,#13778,#13787,#13796,#13805,#13814,#13823,
    #13832,#13841,#13850,#13859,#13868,#13877,#13886,#13895,#13904,
    #13913,#13922,#13931,#13940,#13949,#13958,#13967,#13976,#13985,
    #13994,#14003,#14012,#14021,#14030,#14039,#14048,#14057,#14066,
    #14075,#14084,#14093,#14102,#14111,#14120,#14129,#14138,#14147,
    #14156,#14165,#14174,#14183,#14192,#14201,#14210,#14219,#14228,
    #14237,#14246,#14255,#14264,#14273,#14282,#14291,#14300,#14309,
    #14318,#14327,#14336,#14345,#14354,#14363,#14372,#14381,#14390,
    #14399,#14408,#14417,#14426,#14435,#14444,#14453,#14462,#14471,
    #14480,#14489,#14498,#14507,#14516,#14525,#14534,#14543,#14552,
    #14561,#14570,#14579,#14588,#14597,#14606,#14615,#14624,#14633,
    #14642,#14651,#14660,#14669,#14678,#14687,#14696,#14705,#14714,
    #14723,#14732,#14741,#14750,#14759,#14768,#14777,#14786,#14795,
    #14804,#14813,#14822,#14831,#14840,#14849,#14858,#14867,#14876,
    #14885,#14894,#14903,#14912,#14921,#14930,#14939,#14948,#14957,
    #14966,#14975,#14984,#14993,#15002,#15011,#15020,#15029,#15038,
    #15047,#15056),#3451);
#13751 = STYLED_ITEM('color',(#13752),#67);
#13752 = PRESENTATION_STYLE_ASSIGNMENT((#13753,#13758));
#13753 = SURFACE_STYLE_USAGE(.BOTH.,#13754);
#13754 = SURFACE_SIDE_STYLE('',(#13755));
#13755 = SURFACE_STYLE_FILL_AREA(#13756);
#13756 = FILL_AREA_STYLE('',(#13757));
#13757 = FILL_AREA_STYLE_COLOUR('',#12747);
#13758 = CURVE_STYLE('',#13759,POSITIVE_LENGTH_MEASURE(0.1),#12747);
#13759 = DRAUGHTING_PRE_DEFINED_CURVE_FONT('continuous');
#13760 = STYLED_ITEM('color',(#13761),#107);
#13761 = PRESENTATION_STYLE_ASSIGNMENT((#13762,#13767));
#13762 = SURFACE_STYLE_USAGE(.BOTH.,#13763);
#13763 = SURFACE_SIDE_STYLE('',(#13764));
#13764 = SURFACE_STYLE_FILL_AREA(#13765);
#13765 = FILL_AREA_STYLE('',(#13766));
#13766 = FILL_AREA_STYLE_COLOUR('',#12747);
#13767 = CURVE_STYLE('',#13768,POSITIVE_LENGTH_MEASURE(0.1),#12747);
#13768 = DRAUGHTING_PRE_DEFINED_CURVE_FONT('continuous');
#13769 = STYLED_ITEM('color',(#13770),#170);
#13770 = PRESENTATION_STYLE_ASSIGNMENT((#13771,#13776));
#13771 = SURFACE_STYLE_USAGE(.BOTH.,#13772);
#13772 = SURFACE_SIDE_STYLE('',(#13773));
#13773 = SURFACE_STYLE_FILL_AREA(#13774);
#13774 = FILL_AREA_STYLE('',(#13775));
#13775 = FILL_AREA_STYLE_COLOUR('',#12747);
#13776 = CURVE_STYLE('',#13777,POSITIVE_LENGTH_MEASURE(0.1),#12747);
#13777 = DRAUGHTING_PRE_DEFINED_CURVE_FONT('continuous');
#13778 = STYLED_ITEM('color',(#13779),#233);
#13779 = PRESENTATION_STYLE_ASSIGNMENT((#13780,#13785));
#13780 = SURFACE_STYLE_USAGE(.BOTH.,#13781);
#13781 = SURFACE_SIDE_STYLE('',(#13782));
#13782 = SURFACE_STYLE_FILL_AREA(#13783);
#13783 = FILL_AREA_STYLE('',(#13784));
#13784 = FILL_AREA_STYLE_COLOUR('',#12747);
#13785 = CURVE_STYLE('',#13786,POSITIVE_LENGTH_MEASURE(0.1),#12747);
#13786 = DRAUGHTING_PRE_DEFINED_CURVE_FONT('continuous');
#13787 = STYLED_ITEM('color',(#13788),#250);
#13788 = PRESENTATION_STYLE_ASSIGNMENT((#13789,#13794));
#13789 = SURFACE_STYLE_USAGE(.BOTH.,#13790);
#13790 = SURFACE_SIDE_STYLE('',(#13791));
#13791 = SURFACE_STYLE_FILL_AREA(#13792);
#13792 = FILL_AREA_STYLE('',(#13793));
#13793 = FILL_AREA_STYLE_COLOUR('',#12747);
#13794 = CURVE_STYLE('',#13795,POSITIVE_LENGTH_MEASURE(0.1),#12747);
#13795 = DRAUGHTING_PRE_DEFINED_CURVE_FONT('continuous');
#13796 = STYLED_ITEM('color',(#13797),#403);
#13797 = PRESENTATION_STYLE_ASSIGNMENT((#13798,#13803));
#13798 = SURFACE_STYLE_USAGE(.BOTH.,#13799);
#13799 = SURFACE_SIDE_STYLE('',(#13800));
#13800 = SURFACE_STYLE_FILL_AREA(#13801);
#13801 = FILL_AREA_STYLE('',(#13802));
#13802 = FILL_AREA_STYLE_COLOUR('',#12747);
#13803 = CURVE_STYLE('',#13804,POSITIVE_LENGTH_MEASURE(0.1),#12747);
#13804 = DRAUGHTING_PRE_DEFINED_CURVE_FONT('continuous');
#13805 = STYLED_ITEM('color',(#13806),#425);
#13806 = PRESENTATION_STYLE_ASSIGNMENT((#13807,#13812));
#13807 = SURFACE_STYLE_USAGE(.BOTH.,#13808);
#13808 = SURFACE_SIDE_STYLE('',(#13809));
#13809 = SURFACE_STYLE_FILL_AREA(#13810);
#13810 = FILL_AREA_STYLE('',(#13811));
#13811 = FILL_AREA_STYLE_COLOUR('',#12747);
#13812 = CURVE_STYLE('',#13813,POSITIVE_LENGTH_MEASURE(0.1),#12747);
#13813 = DRAUGHTING_PRE_DEFINED_CURVE_FONT('continuous');
#13814 = STYLED_ITEM('color',(#13815),#442);
#13815 = PRESENTATION_STYLE_ASSIGNMENT((#13816,#13821));
#13816 = SURFACE_STYLE_USAGE(.BOTH.,#13817);
#13817 = SURFACE_SIDE_STYLE('',(#13818));
#13818 = SURFACE_STYLE_FILL_AREA(#13819);
#13819 = FILL_AREA_STYLE('',(#13820));
#13820 = FILL_AREA_STYLE_COLOUR('',#12747);
#13821 = CURVE_STYLE('',#13822,POSITIVE_LENGTH_MEASURE(0.1),#12747);
#13822 = DRAUGHTING_PRE_DEFINED_CURVE_FONT('continuous');
#13823 = OVER_RIDING_STYLED_ITEM('overriding color',(#13824),#475,#13814
  );
#13824 = PRESENTATION_STYLE_ASSIGNMENT((#13825,#13830));
#13825 = SURFACE_STYLE_USAGE(.BOTH.,#13826);
#13826 = SURFACE_SIDE_STYLE('',(#13827));
#13827 = SURFACE_STYLE_FILL_AREA(#13828);
#13828 = FILL_AREA_STYLE('',(#13829));
#13829 = FILL_AREA_STYLE_COLOUR('',#12820);
#13830 = CURVE_STYLE('',#13831,POSITIVE_LENGTH_MEASURE(0.1),#12820);
#13831 = DRAUGHTING_PRE_DEFINED_CURVE_FONT('continuous');
#13832 = OVER_RIDING_STYLED_ITEM('overriding color',(#13833),#507,#13814
  );
#13833 = PRESENTATION_STYLE_ASSIGNMENT((#13834,#13839));
#13834 = SURFACE_STYLE_USAGE(.BOTH.,#13835);
#13835 = SURFACE_SIDE_STYLE('',(#13836));
#13836 = SURFACE_STYLE_FILL_AREA(#13837);
#13837 = FILL_AREA_STYLE('',(#13838));
#13838 = FILL_AREA_STYLE_COLOUR('',#12820);
#13839 = CURVE_STYLE('',#13840,POSITIVE_LENGTH_MEASURE(0.1),#12820);
#13840 = DRAUGHTING_PRE_DEFINED_CURVE_FONT('continuous');
#13841 = OVER_RIDING_STYLED_ITEM('overriding color',(#13842),#541,#13814
  );
#13842 = PRESENTATION_STYLE_ASSIGNMENT((#13843,#13848));
#13843 = SURFACE_STYLE_USAGE(.BOTH.,#13844);
#13844 = SURFACE_SIDE_STYLE('',(#13845));
#13845 = SURFACE_STYLE_FILL_AREA(#13846);
#13846 = FILL_AREA_STYLE('',(#13847));
#13847 = FILL_AREA_STYLE_COLOUR('',#12820);
#13848 = CURVE_STYLE('',#13849,POSITIVE_LENGTH_MEASURE(0.1),#12820);
#13849 = DRAUGHTING_PRE_DEFINED_CURVE_FONT('continuous');
#13850 = OVER_RIDING_STYLED_ITEM('overriding color',(#13851),#573,#13814
  );
#13851 = PRESENTATION_STYLE_ASSIGNMENT((#13852,#13857));
#13852 = SURFACE_STYLE_USAGE(.BOTH.,#13853);
#13853 = SURFACE_SIDE_STYLE('',(#13854));
#13854 = SURFACE_STYLE_FILL_AREA(#13855);
#13855 = FILL_AREA_STYLE('',(#13856));
#13856 = FILL_AREA_STYLE_COLOUR('',#12820);
#13857 = CURVE_STYLE('',#13858,POSITIVE_LENGTH_MEASURE(0.1),#12820);
#13858 = DRAUGHTING_PRE_DEFINED_CURVE_FONT('continuous');
#13859 = OVER_RIDING_STYLED_ITEM('overriding color',(#13860),#607,#13814
  );
#13860 = PRESENTATION_STYLE_ASSIGNMENT((#13861,#13866));
#13861 = SURFACE_STYLE_USAGE(.BOTH.,#13862);
#13862 = SURFACE_SIDE_STYLE('',(#13863));
#13863 = SURFACE_STYLE_FILL_AREA(#13864);
#13864 = FILL_AREA_STYLE('',(#13865));
#13865 = FILL_AREA_STYLE_COLOUR('',#12820);
#13866 = CURVE_STYLE('',#13867,POSITIVE_LENGTH_MEASURE(0.1),#12820);
#13867 = DRAUGHTING_PRE_DEFINED_CURVE_FONT('continuous');
#13868 = OVER_RIDING_STYLED_ITEM('overriding color',(#13869),#639,#13814
  );
#13869 = PRESENTATION_STYLE_ASSIGNMENT((#13870,#13875));
#13870 = SURFACE_STYLE_USAGE(.BOTH.,#13871);
#13871 = SURFACE_SIDE_STYLE('',(#13872));
#13872 = SURFACE_STYLE_FILL_AREA(#13873);
#13873 = FILL_AREA_STYLE('',(#13874));
#13874 = FILL_AREA_STYLE_COLOUR('',#12820);
#13875 = CURVE_STYLE('',#13876,POSITIVE_LENGTH_MEASURE(0.1),#12820);
#13876 = DRAUGHTING_PRE_DEFINED_CURVE_FONT('continuous');
#13877 = OVER_RIDING_STYLED_ITEM('overriding color',(#13878),#673,#13814
  );
#13878 = PRESENTATION_STYLE_ASSIGNMENT((#13879,#13884));
#13879 = SURFACE_STYLE_USAGE(.BOTH.,#13880);
#13880 = SURFACE_SIDE_STYLE('',(#13881));
#13881 = SURFACE_STYLE_FILL_AREA(#13882);
#13882 = FILL_AREA_STYLE('',(#13883));
#13883 = FILL_AREA_STYLE_COLOUR('',#12820);
#13884 = CURVE_STYLE('',#13885,POSITIVE_LENGTH_MEASURE(0.1),#12820);
#13885 = DRAUGHTING_PRE_DEFINED_CURVE_FONT('continuous');
#13886 = OVER_RIDING_STYLED_ITEM('overriding color',(#13887),#705,#13814
  );
#13887 = PRESENTATION_STYLE_ASSIGNMENT((#13888,#13893));
#13888 = SURFACE_STYLE_USAGE(.BOTH.,#13889);
#13889 = SURFACE_SIDE_STYLE('',(#13890));
#13890 = SURFACE_STYLE_FILL_AREA(#13891);
#13891 = FILL_AREA_STYLE('',(#13892));
#13892 = FILL_AREA_STYLE_COLOUR('',#12820);
#13893 = CURVE_STYLE('',#13894,POSITIVE_LENGTH_MEASURE(0.1),#12820);
#13894 = DRAUGHTING_PRE_DEFINED_CURVE_FONT('continuous');
#13895 = STYLED_ITEM('color',(#13896),#723);
#13896 = PRESENTATION_STYLE_ASSIGNMENT((#13897,#13902));
#13897 = SURFACE_STYLE_USAGE(.BOTH.,#13898);
#13898 = SURFACE_SIDE_STYLE('',(#13899));
#13899 = SURFACE_STYLE_FILL_AREA(#13900);
#13900 = FILL_AREA_STYLE('',(#13901));
#13901 = FILL_AREA_STYLE_COLOUR('',#12747);
#13902 = CURVE_STYLE('',#13903,POSITIVE_LENGTH_MEASURE(0.1),#12747);
#13903 = DRAUGHTING_PRE_DEFINED_CURVE_FONT('continuous');
#13904 = STYLED_ITEM('color',(#13905),#735);
#13905 = PRESENTATION_STYLE_ASSIGNMENT((#13906,#13911));
#13906 = SURFACE_STYLE_USAGE(.BOTH.,#13907);
#13907 = SURFACE_SIDE_STYLE('',(#13908));
#13908 = SURFACE_STYLE_FILL_AREA(#13909);
#13909 = FILL_AREA_STYLE('',(#13910));
#13910 = FILL_AREA_STYLE_COLOUR('',#12747);
#13911 = CURVE_STYLE('',#13912,POSITIVE_LENGTH_MEASURE(0.1),#12747);
#13912 = DRAUGHTING_PRE_DEFINED_CURVE_FONT('continuous');
#13913 = STYLED_ITEM('color',(#13914),#747);
#13914 = PRESENTATION_STYLE_ASSIGNMENT((#13915,#13920));
#13915 = SURFACE_STYLE_USAGE(.BOTH.,#13916);
#13916 = SURFACE_SIDE_STYLE('',(#13917));
#13917 = SURFACE_STYLE_FILL_AREA(#13918);
#13918 = FILL_AREA_STYLE('',(#13919));
#13919 = FILL_AREA_STYLE_COLOUR('',#12747);
#13920 = CURVE_STYLE('',#13921,POSITIVE_LENGTH_MEASURE(0.1),#12747);
#13921 = DRAUGHTING_PRE_DEFINED_CURVE_FONT('continuous');
#13922 = STYLED_ITEM('color',(#13923),#778);
#13923 = PRESENTATION_STYLE_ASSIGNMENT((#13924,#13929));
#13924 = SURFACE_STYLE_USAGE(.BOTH.,#13925);
#13925 = SURFACE_SIDE_STYLE('',(#13926));
#13926 = SURFACE_STYLE_FILL_AREA(#13927);
#13927 = FILL_AREA_STYLE('',(#13928));
#13928 = FILL_AREA_STYLE_COLOUR('',#12747);
#13929 = CURVE_STYLE('',#13930,POSITIVE_LENGTH_MEASURE(0.1),#12747);
#13930 = DRAUGHTING_PRE_DEFINED_CURVE_FONT('continuous');
#13931 = STYLED_ITEM('color',(#13932),#802);
#13932 = PRESENTATION_STYLE_ASSIGNMENT((#13933,#13938));
#13933 = SURFACE_STYLE_USAGE(.BOTH.,#13934);
#13934 = SURFACE_SIDE_STYLE('',(#13935));
#13935 = SURFACE_STYLE_FILL_AREA(#13936);
#13936 = FILL_AREA_STYLE('',(#13937));
#13937 = FILL_AREA_STYLE_COLOUR('',#12747);
#13938 = CURVE_STYLE('',#13939,POSITIVE_LENGTH_MEASURE(0.1),#12747);
#13939 = DRAUGHTING_PRE_DEFINED_CURVE_FONT('continuous');
#13940 = STYLED_ITEM('color',(#13941),#826);
#13941 = PRESENTATION_STYLE_ASSIGNMENT((#13942,#13947));
#13942 = SURFACE_STYLE_USAGE(.BOTH.,#13943);
#13943 = SURFACE_SIDE_STYLE('',(#13944));
#13944 = SURFACE_STYLE_FILL_AREA(#13945);
#13945 = FILL_AREA_STYLE('',(#13946));
#13946 = FILL_AREA_STYLE_COLOUR('',#12747);
#13947 = CURVE_STYLE('',#13948,POSITIVE_LENGTH_MEASURE(0.1),#12747);
#13948 = DRAUGHTING_PRE_DEFINED_CURVE_FONT('continuous');
#13949 = STYLED_ITEM('color',(#13950),#843);
#13950 = PRESENTATION_STYLE_ASSIGNMENT((#13951,#13956));
#13951 = SURFACE_STYLE_USAGE(.BOTH.,#13952);
#13952 = SURFACE_SIDE_STYLE('',(#13953));
#13953 = SURFACE_STYLE_FILL_AREA(#13954);
#13954 = FILL_AREA_STYLE('',(#13955));
#13955 = FILL_AREA_STYLE_COLOUR('',#12747);
#13956 = CURVE_STYLE('',#13957,POSITIVE_LENGTH_MEASURE(0.1),#12747);
#13957 = DRAUGHTING_PRE_DEFINED_CURVE_FONT('continuous');
#13958 = STYLED_ITEM('color',(#13959),#874);
#13959 = PRESENTATION_STYLE_ASSIGNMENT((#13960,#13965));
#13960 = SURFACE_STYLE_USAGE(.BOTH.,#13961);
#13961 = SURFACE_SIDE_STYLE('',(#13962));
#13962 = SURFACE_STYLE_FILL_AREA(#13963);
#13963 = FILL_AREA_STYLE('',(#13964));
#13964 = FILL_AREA_STYLE_COLOUR('',#12747);
#13965 = CURVE_STYLE('',#13966,POSITIVE_LENGTH_MEASURE(0.1),#12747);
#13966 = DRAUGHTING_PRE_DEFINED_CURVE_FONT('continuous');
#13967 = STYLED_ITEM('color',(#13968),#898);
#13968 = PRESENTATION_STYLE_ASSIGNMENT((#13969,#13974));
#13969 = SURFACE_STYLE_USAGE(.BOTH.,#13970);
#13970 = SURFACE_SIDE_STYLE('',(#13971));
#13971 = SURFACE_STYLE_FILL_AREA(#13972);
#13972 = FILL_AREA_STYLE('',(#13973));
#13973 = FILL_AREA_STYLE_COLOUR('',#12747);
#13974 = CURVE_STYLE('',#13975,POSITIVE_LENGTH_MEASURE(0.1),#12747);
#13975 = DRAUGHTING_PRE_DEFINED_CURVE_FONT('continuous');
#13976 = STYLED_ITEM('color',(#13977),#922);
#13977 = PRESENTATION_STYLE_ASSIGNMENT((#13978,#13983));
#13978 = SURFACE_STYLE_USAGE(.BOTH.,#13979);
#13979 = SURFACE_SIDE_STYLE('',(#13980));
#13980 = SURFACE_STYLE_FILL_AREA(#13981);
#13981 = FILL_AREA_STYLE('',(#13982));
#13982 = FILL_AREA_STYLE_COLOUR('',#12747);
#13983 = CURVE_STYLE('',#13984,POSITIVE_LENGTH_MEASURE(0.1),#12747);
#13984 = DRAUGHTING_PRE_DEFINED_CURVE_FONT('continuous');
#13985 = STYLED_ITEM('color',(#13986),#939);
#13986 = PRESENTATION_STYLE_ASSIGNMENT((#13987,#13992));
#13987 = SURFACE_STYLE_USAGE(.BOTH.,#13988);
#13988 = SURFACE_SIDE_STYLE('',(#13989));
#13989 = SURFACE_STYLE_FILL_AREA(#13990);
#13990 = FILL_AREA_STYLE('',(#13991));
#13991 = FILL_AREA_STYLE_COLOUR('',#12747);
#13992 = CURVE_STYLE('',#13993,POSITIVE_LENGTH_MEASURE(0.1),#12747);
#13993 = DRAUGHTING_PRE_DEFINED_CURVE_FONT('continuous');
#13994 = STYLED_ITEM('color',(#13995),#970);
#13995 = PRESENTATION_STYLE_ASSIGNMENT((#13996,#14001));
#13996 = SURFACE_STYLE_USAGE(.BOTH.,#13997);
#13997 = SURFACE_SIDE_STYLE('',(#13998));
#13998 = SURFACE_STYLE_FILL_AREA(#13999);
#13999 = FILL_AREA_STYLE('',(#14000));
#14000 = FILL_AREA_STYLE_COLOUR('',#12747);
#14001 = CURVE_STYLE('',#14002,POSITIVE_LENGTH_MEASURE(0.1),#12747);
#14002 = DRAUGHTING_PRE_DEFINED_CURVE_FONT('continuous');
#14003 = STYLED_ITEM('color',(#14004),#994);
#14004 = PRESENTATION_STYLE_ASSIGNMENT((#14005,#14010));
#14005 = SURFACE_STYLE_USAGE(.BOTH.,#14006);
#14006 = SURFACE_SIDE_STYLE('',(#14007));
#14007 = SURFACE_STYLE_FILL_AREA(#14008);
#14008 = FILL_AREA_STYLE('',(#14009));
#14009 = FILL_AREA_STYLE_COLOUR('',#12747);
#14010 = CURVE_STYLE('',#14011,POSITIVE_LENGTH_MEASURE(0.1),#12747);
#14011 = DRAUGHTING_PRE_DEFINED_CURVE_FONT('continuous');
#14012 = STYLED_ITEM('color',(#14013),#1018);
#14013 = PRESENTATION_STYLE_ASSIGNMENT((#14014,#14019));
#14014 = SURFACE_STYLE_USAGE(.BOTH.,#14015);
#14015 = SURFACE_SIDE_STYLE('',(#14016));
#14016 = SURFACE_STYLE_FILL_AREA(#14017);
#14017 = FILL_AREA_STYLE('',(#14018));
#14018 = FILL_AREA_STYLE_COLOUR('',#12747);
#14019 = CURVE_STYLE('',#14020,POSITIVE_LENGTH_MEASURE(0.1),#12747);
#14020 = DRAUGHTING_PRE_DEFINED_CURVE_FONT('continuous');
#14021 = STYLED_ITEM('color',(#14022),#1035);
#14022 = PRESENTATION_STYLE_ASSIGNMENT((#14023,#14028));
#14023 = SURFACE_STYLE_USAGE(.BOTH.,#14024);
#14024 = SURFACE_SIDE_STYLE('',(#14025));
#14025 = SURFACE_STYLE_FILL_AREA(#14026);
#14026 = FILL_AREA_STYLE('',(#14027));
#14027 = FILL_AREA_STYLE_COLOUR('',#12747);
#14028 = CURVE_STYLE('',#14029,POSITIVE_LENGTH_MEASURE(0.1),#12747);
#14029 = DRAUGHTING_PRE_DEFINED_CURVE_FONT('continuous');
#14030 = STYLED_ITEM('color',(#14031),#1066);
#14031 = PRESENTATION_STYLE_ASSIGNMENT((#14032,#14037));
#14032 = SURFACE_STYLE_USAGE(.BOTH.,#14033);
#14033 = SURFACE_SIDE_STYLE('',(#14034));
#14034 = SURFACE_STYLE_FILL_AREA(#14035);
#14035 = FILL_AREA_STYLE('',(#14036));
#14036 = FILL_AREA_STYLE_COLOUR('',#12747);
#14037 = CURVE_STYLE('',#14038,POSITIVE_LENGTH_MEASURE(0.1),#12747);
#14038 = DRAUGHTING_PRE_DEFINED_CURVE_FONT('continuous');
#14039 = STYLED_ITEM('color',(#14040),#1090);
#14040 = PRESENTATION_STYLE_ASSIGNMENT((#14041,#14046));
#14041 = SURFACE_STYLE_USAGE(.BOTH.,#14042);
#14042 = SURFACE_SIDE_STYLE('',(#14043));
#14043 = SURFACE_STYLE_FILL_AREA(#14044);
#14044 = FILL_AREA_STYLE('',(#14045));
#14045 = FILL_AREA_STYLE_COLOUR('',#12747);
#14046 = CURVE_STYLE('',#14047,POSITIVE_LENGTH_MEASURE(0.1),#12747);
#14047 = DRAUGHTING_PRE_DEFINED_CURVE_FONT('continuous');
#14048 = STYLED_ITEM('color',(#14049),#1114);
#14049 = PRESENTATION_STYLE_ASSIGNMENT((#14050,#14055));
#14050 = SURFACE_STYLE_USAGE(.BOTH.,#14051);
#14051 = SURFACE_SIDE_STYLE('',(#14052));
#14052 = SURFACE_STYLE_FILL_AREA(#14053);
#14053 = FILL_AREA_STYLE('',(#14054));
#14054 = FILL_AREA_STYLE_COLOUR('',#12747);
#14055 = CURVE_STYLE('',#14056,POSITIVE_LENGTH_MEASURE(0.1),#12747);
#14056 = DRAUGHTING_PRE_DEFINED_CURVE_FONT('continuous');
#14057 = STYLED_ITEM('color',(#14058),#1131);
#14058 = PRESENTATION_STYLE_ASSIGNMENT((#14059,#14064));
#14059 = SURFACE_STYLE_USAGE(.BOTH.,#14060);
#14060 = SURFACE_SIDE_STYLE('',(#14061));
#14061 = SURFACE_STYLE_FILL_AREA(#14062);
#14062 = FILL_AREA_STYLE('',(#14063));
#14063 = FILL_AREA_STYLE_COLOUR('',#12820);
#14064 = CURVE_STYLE('',#14065,POSITIVE_LENGTH_MEASURE(0.1),#12820);
#14065 = DRAUGHTING_PRE_DEFINED_CURVE_FONT('continuous');
#14066 = STYLED_ITEM('color',(#14067),#1148);
#14067 = PRESENTATION_STYLE_ASSIGNMENT((#14068,#14073));
#14068 = SURFACE_STYLE_USAGE(.BOTH.,#14069);
#14069 = SURFACE_SIDE_STYLE('',(#14070));
#14070 = SURFACE_STYLE_FILL_AREA(#14071);
#14071 = FILL_AREA_STYLE('',(#14072));
#14072 = FILL_AREA_STYLE_COLOUR('',#12820);
#14073 = CURVE_STYLE('',#14074,POSITIVE_LENGTH_MEASURE(0.1),#12820);
#14074 = DRAUGHTING_PRE_DEFINED_CURVE_FONT('continuous');
#14075 = STYLED_ITEM('color',(#14076),#1195);
#14076 = PRESENTATION_STYLE_ASSIGNMENT((#14077,#14082));
#14077 = SURFACE_STYLE_USAGE(.BOTH.,#14078);
#14078 = SURFACE_SIDE_STYLE('',(#14079));
#14079 = SURFACE_STYLE_FILL_AREA(#14080);
#14080 = FILL_AREA_STYLE('',(#14081));
#14081 = FILL_AREA_STYLE_COLOUR('',#12820);
#14082 = CURVE_STYLE('',#14083,POSITIVE_LENGTH_MEASURE(0.1),#12820);
#14083 = DRAUGHTING_PRE_DEFINED_CURVE_FONT('continuous');
#14084 = STYLED_ITEM('color',(#14085),#1212);
#14085 = PRESENTATION_STYLE_ASSIGNMENT((#14086,#14091));
#14086 = SURFACE_STYLE_USAGE(.BOTH.,#14087);
#14087 = SURFACE_SIDE_STYLE('',(#14088));
#14088 = SURFACE_STYLE_FILL_AREA(#14089);
#14089 = FILL_AREA_STYLE('',(#14090));
#14090 = FILL_AREA_STYLE_COLOUR('',#12820);
#14091 = CURVE_STYLE('',#14092,POSITIVE_LENGTH_MEASURE(0.1),#12820);
#14092 = DRAUGHTING_PRE_DEFINED_CURVE_FONT('continuous');
#14093 = STYLED_ITEM('color',(#14094),#1259);
#14094 = PRESENTATION_STYLE_ASSIGNMENT((#14095,#14100));
#14095 = SURFACE_STYLE_USAGE(.BOTH.,#14096);
#14096 = SURFACE_SIDE_STYLE('',(#14097));
#14097 = SURFACE_STYLE_FILL_AREA(#14098);
#14098 = FILL_AREA_STYLE('',(#14099));
#14099 = FILL_AREA_STYLE_COLOUR('',#12820);
#14100 = CURVE_STYLE('',#14101,POSITIVE_LENGTH_MEASURE(0.1),#12820);
#14101 = DRAUGHTING_PRE_DEFINED_CURVE_FONT('continuous');
#14102 = STYLED_ITEM('color',(#14103),#1276);
#14103 = PRESENTATION_STYLE_ASSIGNMENT((#14104,#14109));
#14104 = SURFACE_STYLE_USAGE(.BOTH.,#14105);
#14105 = SURFACE_SIDE_STYLE('',(#14106));
#14106 = SURFACE_STYLE_FILL_AREA(#14107);
#14107 = FILL_AREA_STYLE('',(#14108));
#14108 = FILL_AREA_STYLE_COLOUR('',#12820);
#14109 = CURVE_STYLE('',#14110,POSITIVE_LENGTH_MEASURE(0.1),#12820);
#14110 = DRAUGHTING_PRE_DEFINED_CURVE_FONT('continuous');
#14111 = STYLED_ITEM('color',(#14112),#1323);
#14112 = PRESENTATION_STYLE_ASSIGNMENT((#14113,#14118));
#14113 = SURFACE_STYLE_USAGE(.BOTH.,#14114);
#14114 = SURFACE_SIDE_STYLE('',(#14115));
#14115 = SURFACE_STYLE_FILL_AREA(#14116);
#14116 = FILL_AREA_STYLE('',(#14117));
#14117 = FILL_AREA_STYLE_COLOUR('',#12820);
#14118 = CURVE_STYLE('',#14119,POSITIVE_LENGTH_MEASURE(0.1),#12820);
#14119 = DRAUGHTING_PRE_DEFINED_CURVE_FONT('continuous');
#14120 = STYLED_ITEM('color',(#14121),#1340);
#14121 = PRESENTATION_STYLE_ASSIGNMENT((#14122,#14127));
#14122 = SURFACE_STYLE_USAGE(.BOTH.,#14123);
#14123 = SURFACE_SIDE_STYLE('',(#14124));
#14124 = SURFACE_STYLE_FILL_AREA(#14125);
#14125 = FILL_AREA_STYLE('',(#14126));
#14126 = FILL_AREA_STYLE_COLOUR('',#12820);
#14127 = CURVE_STYLE('',#14128,POSITIVE_LENGTH_MEASURE(0.1),#12820);
#14128 = DRAUGHTING_PRE_DEFINED_CURVE_FONT('continuous');
#14129 = STYLED_ITEM('color',(#14130),#1387);
#14130 = PRESENTATION_STYLE_ASSIGNMENT((#14131,#14136));
#14131 = SURFACE_STYLE_USAGE(.BOTH.,#14132);
#14132 = SURFACE_SIDE_STYLE('',(#14133));
#14133 = SURFACE_STYLE_FILL_AREA(#14134);
#14134 = FILL_AREA_STYLE('',(#14135));
#14135 = FILL_AREA_STYLE_COLOUR('',#12820);
#14136 = CURVE_STYLE('',#14137,POSITIVE_LENGTH_MEASURE(0.1),#12820);
#14137 = DRAUGHTING_PRE_DEFINED_CURVE_FONT('continuous');
#14138 = STYLED_ITEM('color',(#14139),#1404);
#14139 = PRESENTATION_STYLE_ASSIGNMENT((#14140,#14145));
#14140 = SURFACE_STYLE_USAGE(.BOTH.,#14141);
#14141 = SURFACE_SIDE_STYLE('',(#14142));
#14142 = SURFACE_STYLE_FILL_AREA(#14143);
#14143 = FILL_AREA_STYLE('',(#14144));
#14144 = FILL_AREA_STYLE_COLOUR('',#12820);
#14145 = CURVE_STYLE('',#14146,POSITIVE_LENGTH_MEASURE(0.1),#12820);
#14146 = DRAUGHTING_PRE_DEFINED_CURVE_FONT('continuous');
#14147 = STYLED_ITEM('color',(#14148),#1451);
#14148 = PRESENTATION_STYLE_ASSIGNMENT((#14149,#14154));
#14149 = SURFACE_STYLE_USAGE(.BOTH.,#14150);
#14150 = SURFACE_SIDE_STYLE('',(#14151));
#14151 = SURFACE_STYLE_FILL_AREA(#14152);
#14152 = FILL_AREA_STYLE('',(#14153));
#14153 = FILL_AREA_STYLE_COLOUR('',#12820);
#14154 = CURVE_STYLE('',#14155,POSITIVE_LENGTH_MEASURE(0.1),#12820);
#14155 = DRAUGHTING_PRE_DEFINED_CURVE_FONT('continuous');
#14156 = STYLED_ITEM('color',(#14157),#1468);
#14157 = PRESENTATION_STYLE_ASSIGNMENT((#14158,#14163));
#14158 = SURFACE_STYLE_USAGE(.BOTH.,#14159);
#14159 = SURFACE_SIDE_STYLE('',(#14160));
#14160 = SURFACE_STYLE_FILL_AREA(#14161);
#14161 = FILL_AREA_STYLE('',(#14162));
#14162 = FILL_AREA_STYLE_COLOUR('',#12820);
#14163 = CURVE_STYLE('',#14164,POSITIVE_LENGTH_MEASURE(0.1),#12820);
#14164 = DRAUGHTING_PRE_DEFINED_CURVE_FONT('continuous');
#14165 = STYLED_ITEM('color',(#14166),#1515);
#14166 = PRESENTATION_STYLE_ASSIGNMENT((#14167,#14172));
#14167 = SURFACE_STYLE_USAGE(.BOTH.,#14168);
#14168 = SURFACE_SIDE_STYLE('',(#14169));
#14169 = SURFACE_STYLE_FILL_AREA(#14170);
#14170 = FILL_AREA_STYLE('',(#14171));
#14171 = FILL_AREA_STYLE_COLOUR('',#12820);
#14172 = CURVE_STYLE('',#14173,POSITIVE_LENGTH_MEASURE(0.1),#12820);
#14173 = DRAUGHTING_PRE_DEFINED_CURVE_FONT('continuous');
#14174 = STYLED_ITEM('color',(#14175),#1532);
#14175 = PRESENTATION_STYLE_ASSIGNMENT((#14176,#14181));
#14176 = SURFACE_STYLE_USAGE(.BOTH.,#14177);
#14177 = SURFACE_SIDE_STYLE('',(#14178));
#14178 = SURFACE_STYLE_FILL_AREA(#14179);
#14179 = FILL_AREA_STYLE('',(#14180));
#14180 = FILL_AREA_STYLE_COLOUR('',#12820);
#14181 = CURVE_STYLE('',#14182,POSITIVE_LENGTH_MEASURE(0.1),#12820);
#14182 = DRAUGHTING_PRE_DEFINED_CURVE_FONT('continuous');
#14183 = STYLED_ITEM('color',(#14184),#1579);
#14184 = PRESENTATION_STYLE_ASSIGNMENT((#14185,#14190));
#14185 = SURFACE_STYLE_USAGE(.BOTH.,#14186);
#14186 = SURFACE_SIDE_STYLE('',(#14187));
#14187 = SURFACE_STYLE_FILL_AREA(#14188);
#14188 = FILL_AREA_STYLE('',(#14189));
#14189 = FILL_AREA_STYLE_COLOUR('',#12820);
#14190 = CURVE_STYLE('',#14191,POSITIVE_LENGTH_MEASURE(0.1),#12820);
#14191 = DRAUGHTING_PRE_DEFINED_CURVE_FONT('continuous');
#14192 = STYLED_ITEM('color',(#14193),#1596);
#14193 = PRESENTATION_STYLE_ASSIGNMENT((#14194,#14199));
#14194 = SURFACE_STYLE_USAGE(.BOTH.,#14195);
#14195 = SURFACE_SIDE_STYLE('',(#14196));
#14196 = SURFACE_STYLE_FILL_AREA(#14197);
#14197 = FILL_AREA_STYLE('',(#14198));
#14198 = FILL_AREA_STYLE_COLOUR('',#12820);
#14199 = CURVE_STYLE('',#14200,POSITIVE_LENGTH_MEASURE(0.1),#12820);
#14200 = DRAUGHTING_PRE_DEFINED_CURVE_FONT('continuous');
#14201 = STYLED_ITEM('color',(#14202),#1643);
#14202 = PRESENTATION_STYLE_ASSIGNMENT((#14203,#14208));
#14203 = SURFACE_STYLE_USAGE(.BOTH.,#14204);
#14204 = SURFACE_SIDE_STYLE('',(#14205));
#14205 = SURFACE_STYLE_FILL_AREA(#14206);
#14206 = FILL_AREA_STYLE('',(#14207));
#14207 = FILL_AREA_STYLE_COLOUR('',#12747);
#14208 = CURVE_STYLE('',#14209,POSITIVE_LENGTH_MEASURE(0.1),#12747);
#14209 = DRAUGHTING_PRE_DEFINED_CURVE_FONT('continuous');
#14210 = STYLED_ITEM('color',(#14211),#1674);
#14211 = PRESENTATION_STYLE_ASSIGNMENT((#14212,#14217));
#14212 = SURFACE_STYLE_USAGE(.BOTH.,#14213);
#14213 = SURFACE_SIDE_STYLE('',(#14214));
#14214 = SURFACE_STYLE_FILL_AREA(#14215);
#14215 = FILL_AREA_STYLE('',(#14216));
#14216 = FILL_AREA_STYLE_COLOUR('',#12747);
#14217 = CURVE_STYLE('',#14218,POSITIVE_LENGTH_MEASURE(0.1),#12747);
#14218 = DRAUGHTING_PRE_DEFINED_CURVE_FONT('continuous');
#14219 = OVER_RIDING_STYLED_ITEM('overriding color',(#14220),#1688,
  #14210);
#14220 = PRESENTATION_STYLE_ASSIGNMENT((#14221,#14226));
#14221 = SURFACE_STYLE_USAGE(.BOTH.,#14222);
#14222 = SURFACE_SIDE_STYLE('',(#14223));
#14223 = SURFACE_STYLE_FILL_AREA(#14224);
#14224 = FILL_AREA_STYLE('',(#14225));
#14225 = FILL_AREA_STYLE_COLOUR('',#12820);
#14226 = CURVE_STYLE('',#14227,POSITIVE_LENGTH_MEASURE(0.1),#12820);
#14227 = DRAUGHTING_PRE_DEFINED_CURVE_FONT('continuous');
#14228 = OVER_RIDING_STYLED_ITEM('overriding color',(#14229),#1704,
  #14210);
#14229 = PRESENTATION_STYLE_ASSIGNMENT((#14230,#14235));
#14230 = SURFACE_STYLE_USAGE(.BOTH.,#14231);
#14231 = SURFACE_SIDE_STYLE('',(#14232));
#14232 = SURFACE_STYLE_FILL_AREA(#14233);
#14233 = FILL_AREA_STYLE('',(#14234));
#14234 = FILL_AREA_STYLE_COLOUR('',#12820);
#14235 = CURVE_STYLE('',#14236,POSITIVE_LENGTH_MEASURE(0.1),#12820);
#14236 = DRAUGHTING_PRE_DEFINED_CURVE_FONT('continuous');
#14237 = STYLED_ITEM('color',(#14238),#1730);
#14238 = PRESENTATION_STYLE_ASSIGNMENT((#14239,#14244));
#14239 = SURFACE_STYLE_USAGE(.BOTH.,#14240);
#14240 = SURFACE_SIDE_STYLE('',(#14241));
#14241 = SURFACE_STYLE_FILL_AREA(#14242);
#14242 = FILL_AREA_STYLE('',(#14243));
#14243 = FILL_AREA_STYLE_COLOUR('',#12747);
#14244 = CURVE_STYLE('',#14245,POSITIVE_LENGTH_MEASURE(0.1),#12747);
#14245 = DRAUGHTING_PRE_DEFINED_CURVE_FONT('continuous');
#14246 = STYLED_ITEM('color',(#14247),#1754);
#14247 = PRESENTATION_STYLE_ASSIGNMENT((#14248,#14253));
#14248 = SURFACE_STYLE_USAGE(.BOTH.,#14249);
#14249 = SURFACE_SIDE_STYLE('',(#14250));
#14250 = SURFACE_STYLE_FILL_AREA(#14251);
#14251 = FILL_AREA_STYLE('',(#14252));
#14252 = FILL_AREA_STYLE_COLOUR('',#12747);
#14253 = CURVE_STYLE('',#14254,POSITIVE_LENGTH_MEASURE(0.1),#12747);
#14254 = DRAUGHTING_PRE_DEFINED_CURVE_FONT('continuous');
#14255 = OVER_RIDING_STYLED_ITEM('overriding color',(#14256),#1768,
  #14246);
#14256 = PRESENTATION_STYLE_ASSIGNMENT((#14257,#14262));
#14257 = SURFACE_STYLE_USAGE(.BOTH.,#14258);
#14258 = SURFACE_SIDE_STYLE('',(#14259));
#14259 = SURFACE_STYLE_FILL_AREA(#14260);
#14260 = FILL_AREA_STYLE('',(#14261));
#14261 = FILL_AREA_STYLE_COLOUR('',#12820);
#14262 = CURVE_STYLE('',#14263,POSITIVE_LENGTH_MEASURE(0.1),#12820);
#14263 = DRAUGHTING_PRE_DEFINED_CURVE_FONT('continuous');
#14264 = OVER_RIDING_STYLED_ITEM('overriding color',(#14265),#1784,
  #14246);
#14265 = PRESENTATION_STYLE_ASSIGNMENT((#14266,#14271));
#14266 = SURFACE_STYLE_USAGE(.BOTH.,#14267);
#14267 = SURFACE_SIDE_STYLE('',(#14268));
#14268 = SURFACE_STYLE_FILL_AREA(#14269);
#14269 = FILL_AREA_STYLE('',(#14270));
#14270 = FILL_AREA_STYLE_COLOUR('',#12820);
#14271 = CURVE_STYLE('',#14272,POSITIVE_LENGTH_MEASURE(0.1),#12820);
#14272 = DRAUGHTING_PRE_DEFINED_CURVE_FONT('continuous');
#14273 = STYLED_ITEM('color',(#14274),#1803);
#14274 = PRESENTATION_STYLE_ASSIGNMENT((#14275,#14280));
#14275 = SURFACE_STYLE_USAGE(.BOTH.,#14276);
#14276 = SURFACE_SIDE_STYLE('',(#14277));
#14277 = SURFACE_STYLE_FILL_AREA(#14278);
#14278 = FILL_AREA_STYLE('',(#14279));
#14279 = FILL_AREA_STYLE_COLOUR('',#12747);
#14280 = CURVE_STYLE('',#14281,POSITIVE_LENGTH_MEASURE(0.1),#12747);
#14281 = DRAUGHTING_PRE_DEFINED_CURVE_FONT('continuous');
#14282 = STYLED_ITEM('color',(#14283),#1834);
#14283 = PRESENTATION_STYLE_ASSIGNMENT((#14284,#14289));
#14284 = SURFACE_STYLE_USAGE(.BOTH.,#14285);
#14285 = SURFACE_SIDE_STYLE('',(#14286));
#14286 = SURFACE_STYLE_FILL_AREA(#14287);
#14287 = FILL_AREA_STYLE('',(#14288));
#14288 = FILL_AREA_STYLE_COLOUR('',#12747);
#14289 = CURVE_STYLE('',#14290,POSITIVE_LENGTH_MEASURE(0.1),#12747);
#14290 = DRAUGHTING_PRE_DEFINED_CURVE_FONT('continuous');
#14291 = OVER_RIDING_STYLED_ITEM('overriding color',(#14292),#1848,
  #14282);
#14292 = PRESENTATION_STYLE_ASSIGNMENT((#14293,#14298));
#14293 = SURFACE_STYLE_USAGE(.BOTH.,#14294);
#14294 = SURFACE_SIDE_STYLE('',(#14295));
#14295 = SURFACE_STYLE_FILL_AREA(#14296);
#14296 = FILL_AREA_STYLE('',(#14297));
#14297 = FILL_AREA_STYLE_COLOUR('',#12820);
#14298 = CURVE_STYLE('',#14299,POSITIVE_LENGTH_MEASURE(0.1),#12820);
#14299 = DRAUGHTING_PRE_DEFINED_CURVE_FONT('continuous');
#14300 = OVER_RIDING_STYLED_ITEM('overriding color',(#14301),#1864,
  #14282);
#14301 = PRESENTATION_STYLE_ASSIGNMENT((#14302,#14307));
#14302 = SURFACE_STYLE_USAGE(.BOTH.,#14303);
#14303 = SURFACE_SIDE_STYLE('',(#14304));
#14304 = SURFACE_STYLE_FILL_AREA(#14305);
#14305 = FILL_AREA_STYLE('',(#14306));
#14306 = FILL_AREA_STYLE_COLOUR('',#12820);
#14307 = CURVE_STYLE('',#14308,POSITIVE_LENGTH_MEASURE(0.1),#12820);
#14308 = DRAUGHTING_PRE_DEFINED_CURVE_FONT('continuous');
#14309 = STYLED_ITEM('color',(#14310),#1890);
#14310 = PRESENTATION_STYLE_ASSIGNMENT((#14311,#14316));
#14311 = SURFACE_STYLE_USAGE(.BOTH.,#14312);
#14312 = SURFACE_SIDE_STYLE('',(#14313));
#14313 = SURFACE_STYLE_FILL_AREA(#14314);
#14314 = FILL_AREA_STYLE('',(#14315));
#14315 = FILL_AREA_STYLE_COLOUR('',#12747);
#14316 = CURVE_STYLE('',#14317,POSITIVE_LENGTH_MEASURE(0.1),#12747);
#14317 = DRAUGHTING_PRE_DEFINED_CURVE_FONT('continuous');
#14318 = STYLED_ITEM('color',(#14319),#1914);
#14319 = PRESENTATION_STYLE_ASSIGNMENT((#14320,#14325));
#14320 = SURFACE_STYLE_USAGE(.BOTH.,#14321);
#14321 = SURFACE_SIDE_STYLE('',(#14322));
#14322 = SURFACE_STYLE_FILL_AREA(#14323);
#14323 = FILL_AREA_STYLE('',(#14324));
#14324 = FILL_AREA_STYLE_COLOUR('',#12747);
#14325 = CURVE_STYLE('',#14326,POSITIVE_LENGTH_MEASURE(0.1),#12747);
#14326 = DRAUGHTING_PRE_DEFINED_CURVE_FONT('continuous');
#14327 = OVER_RIDING_STYLED_ITEM('overriding color',(#14328),#1928,
  #14318);
#14328 = PRESENTATION_STYLE_ASSIGNMENT((#14329,#14334));
#14329 = SURFACE_STYLE_USAGE(.BOTH.,#14330);
#14330 = SURFACE_SIDE_STYLE('',(#14331));
#14331 = SURFACE_STYLE_FILL_AREA(#14332);
#14332 = FILL_AREA_STYLE('',(#14333));
#14333 = FILL_AREA_STYLE_COLOUR('',#12820);
#14334 = CURVE_STYLE('',#14335,POSITIVE_LENGTH_MEASURE(0.1),#12820);
#14335 = DRAUGHTING_PRE_DEFINED_CURVE_FONT('continuous');
#14336 = OVER_RIDING_STYLED_ITEM('overriding color',(#14337),#1944,
  #14318);
#14337 = PRESENTATION_STYLE_ASSIGNMENT((#14338,#14343));
#14338 = SURFACE_STYLE_USAGE(.BOTH.,#14339);
#14339 = SURFACE_SIDE_STYLE('',(#14340));
#14340 = SURFACE_STYLE_FILL_AREA(#14341);
#14341 = FILL_AREA_STYLE('',(#14342));
#14342 = FILL_AREA_STYLE_COLOUR('',#12820);
#14343 = CURVE_STYLE('',#14344,POSITIVE_LENGTH_MEASURE(0.1),#12820);
#14344 = DRAUGHTING_PRE_DEFINED_CURVE_FONT('continuous');
#14345 = STYLED_ITEM('color',(#14346),#1963);
#14346 = PRESENTATION_STYLE_ASSIGNMENT((#14347,#14352));
#14347 = SURFACE_STYLE_USAGE(.BOTH.,#14348);
#14348 = SURFACE_SIDE_STYLE('',(#14349));
#14349 = SURFACE_STYLE_FILL_AREA(#14350);
#14350 = FILL_AREA_STYLE('',(#14351));
#14351 = FILL_AREA_STYLE_COLOUR('',#12747);
#14352 = CURVE_STYLE('',#14353,POSITIVE_LENGTH_MEASURE(0.1),#12747);
#14353 = DRAUGHTING_PRE_DEFINED_CURVE_FONT('continuous');
#14354 = STYLED_ITEM('color',(#14355),#1994);
#14355 = PRESENTATION_STYLE_ASSIGNMENT((#14356,#14361));
#14356 = SURFACE_STYLE_USAGE(.BOTH.,#14357);
#14357 = SURFACE_SIDE_STYLE('',(#14358));
#14358 = SURFACE_STYLE_FILL_AREA(#14359);
#14359 = FILL_AREA_STYLE('',(#14360));
#14360 = FILL_AREA_STYLE_COLOUR('',#12747);
#14361 = CURVE_STYLE('',#14362,POSITIVE_LENGTH_MEASURE(0.1),#12747);
#14362 = DRAUGHTING_PRE_DEFINED_CURVE_FONT('continuous');
#14363 = OVER_RIDING_STYLED_ITEM('overriding color',(#14364),#2008,
  #14354);
#14364 = PRESENTATION_STYLE_ASSIGNMENT((#14365,#14370));
#14365 = SURFACE_STYLE_USAGE(.BOTH.,#14366);
#14366 = SURFACE_SIDE_STYLE('',(#14367));
#14367 = SURFACE_STYLE_FILL_AREA(#14368);
#14368 = FILL_AREA_STYLE('',(#14369));
#14369 = FILL_AREA_STYLE_COLOUR('',#12820);
#14370 = CURVE_STYLE('',#14371,POSITIVE_LENGTH_MEASURE(0.1),#12820);
#14371 = DRAUGHTING_PRE_DEFINED_CURVE_FONT('continuous');
#14372 = OVER_RIDING_STYLED_ITEM('overriding color',(#14373),#2024,
  #14354);
#14373 = PRESENTATION_STYLE_ASSIGNMENT((#14374,#14379));
#14374 = SURFACE_STYLE_USAGE(.BOTH.,#14375);
#14375 = SURFACE_SIDE_STYLE('',(#14376));
#14376 = SURFACE_STYLE_FILL_AREA(#14377);
#14377 = FILL_AREA_STYLE('',(#14378));
#14378 = FILL_AREA_STYLE_COLOUR('',#12820);
#14379 = CURVE_STYLE('',#14380,POSITIVE_LENGTH_MEASURE(0.1),#12820);
#14380 = DRAUGHTING_PRE_DEFINED_CURVE_FONT('continuous');
#14381 = STYLED_ITEM('color',(#14382),#2050);
#14382 = PRESENTATION_STYLE_ASSIGNMENT((#14383,#14388));
#14383 = SURFACE_STYLE_USAGE(.BOTH.,#14384);
#14384 = SURFACE_SIDE_STYLE('',(#14385));
#14385 = SURFACE_STYLE_FILL_AREA(#14386);
#14386 = FILL_AREA_STYLE('',(#14387));
#14387 = FILL_AREA_STYLE_COLOUR('',#12747);
#14388 = CURVE_STYLE('',#14389,POSITIVE_LENGTH_MEASURE(0.1),#12747);
#14389 = DRAUGHTING_PRE_DEFINED_CURVE_FONT('continuous');
#14390 = STYLED_ITEM('color',(#14391),#2074);
#14391 = PRESENTATION_STYLE_ASSIGNMENT((#14392,#14397));
#14392 = SURFACE_STYLE_USAGE(.BOTH.,#14393);
#14393 = SURFACE_SIDE_STYLE('',(#14394));
#14394 = SURFACE_STYLE_FILL_AREA(#14395);
#14395 = FILL_AREA_STYLE('',(#14396));
#14396 = FILL_AREA_STYLE_COLOUR('',#12747);
#14397 = CURVE_STYLE('',#14398,POSITIVE_LENGTH_MEASURE(0.1),#12747);
#14398 = DRAUGHTING_PRE_DEFINED_CURVE_FONT('continuous');
#14399 = OVER_RIDING_STYLED_ITEM('overriding color',(#14400),#2088,
  #14390);
#14400 = PRESENTATION_STYLE_ASSIGNMENT((#14401,#14406));
#14401 = SURFACE_STYLE_USAGE(.BOTH.,#14402);
#14402 = SURFACE_SIDE_STYLE('',(#14403));
#14403 = SURFACE_STYLE_FILL_AREA(#14404);
#14404 = FILL_AREA_STYLE('',(#14405));
#14405 = FILL_AREA_STYLE_COLOUR('',#12820);
#14406 = CURVE_STYLE('',#14407,POSITIVE_LENGTH_MEASURE(0.1),#12820);
#14407 = DRAUGHTING_PRE_DEFINED_CURVE_FONT('continuous');
#14408 = OVER_RIDING_STYLED_ITEM('overriding color',(#14409),#2104,
  #14390);
#14409 = PRESENTATION_STYLE_ASSIGNMENT((#14410,#14415));
#14410 = SURFACE_STYLE_USAGE(.BOTH.,#14411);
#14411 = SURFACE_SIDE_STYLE('',(#14412));
#14412 = SURFACE_STYLE_FILL_AREA(#14413);
#14413 = FILL_AREA_STYLE('',(#14414));
#14414 = FILL_AREA_STYLE_COLOUR('',#12820);
#14415 = CURVE_STYLE('',#14416,POSITIVE_LENGTH_MEASURE(0.1),#12820);
#14416 = DRAUGHTING_PRE_DEFINED_CURVE_FONT('continuous');
#14417 = STYLED_ITEM('color',(#14418),#2123);
#14418 = PRESENTATION_STYLE_ASSIGNMENT((#14419,#14424));
#14419 = SURFACE_STYLE_USAGE(.BOTH.,#14420);
#14420 = SURFACE_SIDE_STYLE('',(#14421));
#14421 = SURFACE_STYLE_FILL_AREA(#14422);
#14422 = FILL_AREA_STYLE('',(#14423));
#14423 = FILL_AREA_STYLE_COLOUR('',#12747);
#14424 = CURVE_STYLE('',#14425,POSITIVE_LENGTH_MEASURE(0.1),#12747);
#14425 = DRAUGHTING_PRE_DEFINED_CURVE_FONT('continuous');
#14426 = STYLED_ITEM('color',(#14427),#2154);
#14427 = PRESENTATION_STYLE_ASSIGNMENT((#14428,#14433));
#14428 = SURFACE_STYLE_USAGE(.BOTH.,#14429);
#14429 = SURFACE_SIDE_STYLE('',(#14430));
#14430 = SURFACE_STYLE_FILL_AREA(#14431);
#14431 = FILL_AREA_STYLE('',(#14432));
#14432 = FILL_AREA_STYLE_COLOUR('',#12747);
#14433 = CURVE_STYLE('',#14434,POSITIVE_LENGTH_MEASURE(0.1),#12747);
#14434 = DRAUGHTING_PRE_DEFINED_CURVE_FONT('continuous');
#14435 = OVER_RIDING_STYLED_ITEM('overriding color',(#14436),#2168,
  #14426);
#14436 = PRESENTATION_STYLE_ASSIGNMENT((#14437,#14442));
#14437 = SURFACE_STYLE_USAGE(.BOTH.,#14438);
#14438 = SURFACE_SIDE_STYLE('',(#14439));
#14439 = SURFACE_STYLE_FILL_AREA(#14440);
#14440 = FILL_AREA_STYLE('',(#14441));
#14441 = FILL_AREA_STYLE_COLOUR('',#12820);
#14442 = CURVE_STYLE('',#14443,POSITIVE_LENGTH_MEASURE(0.1),#12820);
#14443 = DRAUGHTING_PRE_DEFINED_CURVE_FONT('continuous');
#14444 = OVER_RIDING_STYLED_ITEM('overriding color',(#14445),#2184,
  #14426);
#14445 = PRESENTATION_STYLE_ASSIGNMENT((#14446,#14451));
#14446 = SURFACE_STYLE_USAGE(.BOTH.,#14447);
#14447 = SURFACE_SIDE_STYLE('',(#14448));
#14448 = SURFACE_STYLE_FILL_AREA(#14449);
#14449 = FILL_AREA_STYLE('',(#14450));
#14450 = FILL_AREA_STYLE_COLOUR('',#12820);
#14451 = CURVE_STYLE('',#14452,POSITIVE_LENGTH_MEASURE(0.1),#12820);
#14452 = DRAUGHTING_PRE_DEFINED_CURVE_FONT('continuous');
#14453 = STYLED_ITEM('color',(#14454),#2210);
#14454 = PRESENTATION_STYLE_ASSIGNMENT((#14455,#14460));
#14455 = SURFACE_STYLE_USAGE(.BOTH.,#14456);
#14456 = SURFACE_SIDE_STYLE('',(#14457));
#14457 = SURFACE_STYLE_FILL_AREA(#14458);
#14458 = FILL_AREA_STYLE('',(#14459));
#14459 = FILL_AREA_STYLE_COLOUR('',#12747);
#14460 = CURVE_STYLE('',#14461,POSITIVE_LENGTH_MEASURE(0.1),#12747);
#14461 = DRAUGHTING_PRE_DEFINED_CURVE_FONT('continuous');
#14462 = STYLED_ITEM('color',(#14463),#2234);
#14463 = PRESENTATION_STYLE_ASSIGNMENT((#14464,#14469));
#14464 = SURFACE_STYLE_USAGE(.BOTH.,#14465);
#14465 = SURFACE_SIDE_STYLE('',(#14466));
#14466 = SURFACE_STYLE_FILL_AREA(#14467);
#14467 = FILL_AREA_STYLE('',(#14468));
#14468 = FILL_AREA_STYLE_COLOUR('',#12747);
#14469 = CURVE_STYLE('',#14470,POSITIVE_LENGTH_MEASURE(0.1),#12747);
#14470 = DRAUGHTING_PRE_DEFINED_CURVE_FONT('continuous');
#14471 = OVER_RIDING_STYLED_ITEM('overriding color',(#14472),#2248,
  #14462);
#14472 = PRESENTATION_STYLE_ASSIGNMENT((#14473,#14478));
#14473 = SURFACE_STYLE_USAGE(.BOTH.,#14474);
#14474 = SURFACE_SIDE_STYLE('',(#14475));
#14475 = SURFACE_STYLE_FILL_AREA(#14476);
#14476 = FILL_AREA_STYLE('',(#14477));
#14477 = FILL_AREA_STYLE_COLOUR('',#12820);
#14478 = CURVE_STYLE('',#14479,POSITIVE_LENGTH_MEASURE(0.1),#12820);
#14479 = DRAUGHTING_PRE_DEFINED_CURVE_FONT('continuous');
#14480 = OVER_RIDING_STYLED_ITEM('overriding color',(#14481),#2264,
  #14462);
#14481 = PRESENTATION_STYLE_ASSIGNMENT((#14482,#14487));
#14482 = SURFACE_STYLE_USAGE(.BOTH.,#14483);
#14483 = SURFACE_SIDE_STYLE('',(#14484));
#14484 = SURFACE_STYLE_FILL_AREA(#14485);
#14485 = FILL_AREA_STYLE('',(#14486));
#14486 = FILL_AREA_STYLE_COLOUR('',#12820);
#14487 = CURVE_STYLE('',#14488,POSITIVE_LENGTH_MEASURE(0.1),#12820);
#14488 = DRAUGHTING_PRE_DEFINED_CURVE_FONT('continuous');
#14489 = STYLED_ITEM('color',(#14490),#2283);
#14490 = PRESENTATION_STYLE_ASSIGNMENT((#14491,#14496));
#14491 = SURFACE_STYLE_USAGE(.BOTH.,#14492);
#14492 = SURFACE_SIDE_STYLE('',(#14493));
#14493 = SURFACE_STYLE_FILL_AREA(#14494);
#14494 = FILL_AREA_STYLE('',(#14495));
#14495 = FILL_AREA_STYLE_COLOUR('',#12820);
#14496 = CURVE_STYLE('',#14497,POSITIVE_LENGTH_MEASURE(0.1),#12820);
#14497 = DRAUGHTING_PRE_DEFINED_CURVE_FONT('continuous');
#14498 = STYLED_ITEM('color',(#14499),#2300);
#14499 = PRESENTATION_STYLE_ASSIGNMENT((#14500,#14505));
#14500 = SURFACE_STYLE_USAGE(.BOTH.,#14501);
#14501 = SURFACE_SIDE_STYLE('',(#14502));
#14502 = SURFACE_STYLE_FILL_AREA(#14503);
#14503 = FILL_AREA_STYLE('',(#14504));
#14504 = FILL_AREA_STYLE_COLOUR('',#12820);
#14505 = CURVE_STYLE('',#14506,POSITIVE_LENGTH_MEASURE(0.1),#12820);
#14506 = DRAUGHTING_PRE_DEFINED_CURVE_FONT('continuous');
#14507 = STYLED_ITEM('color',(#14508),#2317);
#14508 = PRESENTATION_STYLE_ASSIGNMENT((#14509,#14514));
#14509 = SURFACE_STYLE_USAGE(.BOTH.,#14510);
#14510 = SURFACE_SIDE_STYLE('',(#14511));
#14511 = SURFACE_STYLE_FILL_AREA(#14512);
#14512 = FILL_AREA_STYLE('',(#14513));
#14513 = FILL_AREA_STYLE_COLOUR('',#12820);
#14514 = CURVE_STYLE('',#14515,POSITIVE_LENGTH_MEASURE(0.1),#12820);
#14515 = DRAUGHTING_PRE_DEFINED_CURVE_FONT('continuous');
#14516 = STYLED_ITEM('color',(#14517),#2334);
#14517 = PRESENTATION_STYLE_ASSIGNMENT((#14518,#14523));
#14518 = SURFACE_STYLE_USAGE(.BOTH.,#14519);
#14519 = SURFACE_SIDE_STYLE('',(#14520));
#14520 = SURFACE_STYLE_FILL_AREA(#14521);
#14521 = FILL_AREA_STYLE('',(#14522));
#14522 = FILL_AREA_STYLE_COLOUR('',#12820);
#14523 = CURVE_STYLE('',#14524,POSITIVE_LENGTH_MEASURE(0.1),#12820);
#14524 = DRAUGHTING_PRE_DEFINED_CURVE_FONT('continuous');
#14525 = STYLED_ITEM('color',(#14526),#2351);
#14526 = PRESENTATION_STYLE_ASSIGNMENT((#14527,#14532));
#14527 = SURFACE_STYLE_USAGE(.BOTH.,#14528);
#14528 = SURFACE_SIDE_STYLE('',(#14529));
#14529 = SURFACE_STYLE_FILL_AREA(#14530);
#14530 = FILL_AREA_STYLE('',(#14531));
#14531 = FILL_AREA_STYLE_COLOUR('',#12820);
#14532 = CURVE_STYLE('',#14533,POSITIVE_LENGTH_MEASURE(0.1),#12820);
#14533 = DRAUGHTING_PRE_DEFINED_CURVE_FONT('continuous');
#14534 = STYLED_ITEM('color',(#14535),#2363);
#14535 = PRESENTATION_STYLE_ASSIGNMENT((#14536,#14541));
#14536 = SURFACE_STYLE_USAGE(.BOTH.,#14537);
#14537 = SURFACE_SIDE_STYLE('',(#14538));
#14538 = SURFACE_STYLE_FILL_AREA(#14539);
#14539 = FILL_AREA_STYLE('',(#14540));
#14540 = FILL_AREA_STYLE_COLOUR('',#12820);
#14541 = CURVE_STYLE('',#14542,POSITIVE_LENGTH_MEASURE(0.1),#12820);
#14542 = DRAUGHTING_PRE_DEFINED_CURVE_FONT('continuous');
#14543 = STYLED_ITEM('color',(#14544),#2380);
#14544 = PRESENTATION_STYLE_ASSIGNMENT((#14545,#14550));
#14545 = SURFACE_STYLE_USAGE(.BOTH.,#14546);
#14546 = SURFACE_SIDE_STYLE('',(#14547));
#14547 = SURFACE_STYLE_FILL_AREA(#14548);
#14548 = FILL_AREA_STYLE('',(#14549));
#14549 = FILL_AREA_STYLE_COLOUR('',#12820);
#14550 = CURVE_STYLE('',#14551,POSITIVE_LENGTH_MEASURE(0.1),#12820);
#14551 = DRAUGHTING_PRE_DEFINED_CURVE_FONT('continuous');
#14552 = STYLED_ITEM('color',(#14553),#2397);
#14553 = PRESENTATION_STYLE_ASSIGNMENT((#14554,#14559));
#14554 = SURFACE_STYLE_USAGE(.BOTH.,#14555);
#14555 = SURFACE_SIDE_STYLE('',(#14556));
#14556 = SURFACE_STYLE_FILL_AREA(#14557);
#14557 = FILL_AREA_STYLE('',(#14558));
#14558 = FILL_AREA_STYLE_COLOUR('',#12820);
#14559 = CURVE_STYLE('',#14560,POSITIVE_LENGTH_MEASURE(0.1),#12820);
#14560 = DRAUGHTING_PRE_DEFINED_CURVE_FONT('continuous');
#14561 = STYLED_ITEM('color',(#14562),#2414);
#14562 = PRESENTATION_STYLE_ASSIGNMENT((#14563,#14568));
#14563 = SURFACE_STYLE_USAGE(.BOTH.,#14564);
#14564 = SURFACE_SIDE_STYLE('',(#14565));
#14565 = SURFACE_STYLE_FILL_AREA(#14566);
#14566 = FILL_AREA_STYLE('',(#14567));
#14567 = FILL_AREA_STYLE_COLOUR('',#12820);
#14568 = CURVE_STYLE('',#14569,POSITIVE_LENGTH_MEASURE(0.1),#12820);
#14569 = DRAUGHTING_PRE_DEFINED_CURVE_FONT('continuous');
#14570 = STYLED_ITEM('color',(#14571),#2431);
#14571 = PRESENTATION_STYLE_ASSIGNMENT((#14572,#14577));
#14572 = SURFACE_STYLE_USAGE(.BOTH.,#14573);
#14573 = SURFACE_SIDE_STYLE('',(#14574));
#14574 = SURFACE_STYLE_FILL_AREA(#14575);
#14575 = FILL_AREA_STYLE('',(#14576));
#14576 = FILL_AREA_STYLE_COLOUR('',#12820);
#14577 = CURVE_STYLE('',#14578,POSITIVE_LENGTH_MEASURE(0.1),#12820);
#14578 = DRAUGHTING_PRE_DEFINED_CURVE_FONT('continuous');
#14579 = STYLED_ITEM('color',(#14580),#2443);
#14580 = PRESENTATION_STYLE_ASSIGNMENT((#14581,#14586));
#14581 = SURFACE_STYLE_USAGE(.BOTH.,#14582);
#14582 = SURFACE_SIDE_STYLE('',(#14583));
#14583 = SURFACE_STYLE_FILL_AREA(#14584);
#14584 = FILL_AREA_STYLE('',(#14585));
#14585 = FILL_AREA_STYLE_COLOUR('',#12820);
#14586 = CURVE_STYLE('',#14587,POSITIVE_LENGTH_MEASURE(0.1),#12820);
#14587 = DRAUGHTING_PRE_DEFINED_CURVE_FONT('continuous');
#14588 = STYLED_ITEM('color',(#14589),#2460);
#14589 = PRESENTATION_STYLE_ASSIGNMENT((#14590,#14595));
#14590 = SURFACE_STYLE_USAGE(.BOTH.,#14591);
#14591 = SURFACE_SIDE_STYLE('',(#14592));
#14592 = SURFACE_STYLE_FILL_AREA(#14593);
#14593 = FILL_AREA_STYLE('',(#14594));
#14594 = FILL_AREA_STYLE_COLOUR('',#12820);
#14595 = CURVE_STYLE('',#14596,POSITIVE_LENGTH_MEASURE(0.1),#12820);
#14596 = DRAUGHTING_PRE_DEFINED_CURVE_FONT('continuous');
#14597 = STYLED_ITEM('color',(#14598),#2477);
#14598 = PRESENTATION_STYLE_ASSIGNMENT((#14599,#14604));
#14599 = SURFACE_STYLE_USAGE(.BOTH.,#14600);
#14600 = SURFACE_SIDE_STYLE('',(#14601));
#14601 = SURFACE_STYLE_FILL_AREA(#14602);
#14602 = FILL_AREA_STYLE('',(#14603));
#14603 = FILL_AREA_STYLE_COLOUR('',#12820);
#14604 = CURVE_STYLE('',#14605,POSITIVE_LENGTH_MEASURE(0.1),#12820);
#14605 = DRAUGHTING_PRE_DEFINED_CURVE_FONT('continuous');
#14606 = STYLED_ITEM('color',(#14607),#2494);
#14607 = PRESENTATION_STYLE_ASSIGNMENT((#14608,#14613));
#14608 = SURFACE_STYLE_USAGE(.BOTH.,#14609);
#14609 = SURFACE_SIDE_STYLE('',(#14610));
#14610 = SURFACE_STYLE_FILL_AREA(#14611);
#14611 = FILL_AREA_STYLE('',(#14612));
#14612 = FILL_AREA_STYLE_COLOUR('',#12820);
#14613 = CURVE_STYLE('',#14614,POSITIVE_LENGTH_MEASURE(0.1),#12820);
#14614 = DRAUGHTING_PRE_DEFINED_CURVE_FONT('continuous');
#14615 = STYLED_ITEM('color',(#14616),#2511);
#14616 = PRESENTATION_STYLE_ASSIGNMENT((#14617,#14622));
#14617 = SURFACE_STYLE_USAGE(.BOTH.,#14618);
#14618 = SURFACE_SIDE_STYLE('',(#14619));
#14619 = SURFACE_STYLE_FILL_AREA(#14620);
#14620 = FILL_AREA_STYLE('',(#14621));
#14621 = FILL_AREA_STYLE_COLOUR('',#12820);
#14622 = CURVE_STYLE('',#14623,POSITIVE_LENGTH_MEASURE(0.1),#12820);
#14623 = DRAUGHTING_PRE_DEFINED_CURVE_FONT('continuous');
#14624 = STYLED_ITEM('color',(#14625),#2523);
#14625 = PRESENTATION_STYLE_ASSIGNMENT((#14626,#14631));
#14626 = SURFACE_STYLE_USAGE(.BOTH.,#14627);
#14627 = SURFACE_SIDE_STYLE('',(#14628));
#14628 = SURFACE_STYLE_FILL_AREA(#14629);
#14629 = FILL_AREA_STYLE('',(#14630));
#14630 = FILL_AREA_STYLE_COLOUR('',#12820);
#14631 = CURVE_STYLE('',#14632,POSITIVE_LENGTH_MEASURE(0.1),#12820);
#14632 = DRAUGHTING_PRE_DEFINED_CURVE_FONT('continuous');
#14633 = STYLED_ITEM('color',(#14634),#2540);
#14634 = PRESENTATION_STYLE_ASSIGNMENT((#14635,#14640));
#14635 = SURFACE_STYLE_USAGE(.BOTH.,#14636);
#14636 = SURFACE_SIDE_STYLE('',(#14637));
#14637 = SURFACE_STYLE_FILL_AREA(#14638);
#14638 = FILL_AREA_STYLE('',(#14639));
#14639 = FILL_AREA_STYLE_COLOUR('',#12820);
#14640 = CURVE_STYLE('',#14641,POSITIVE_LENGTH_MEASURE(0.1),#12820);
#14641 = DRAUGHTING_PRE_DEFINED_CURVE_FONT('continuous');
#14642 = STYLED_ITEM('color',(#14643),#2557);
#14643 = PRESENTATION_STYLE_ASSIGNMENT((#14644,#14649));
#14644 = SURFACE_STYLE_USAGE(.BOTH.,#14645);
#14645 = SURFACE_SIDE_STYLE('',(#14646));
#14646 = SURFACE_STYLE_FILL_AREA(#14647);
#14647 = FILL_AREA_STYLE('',(#14648));
#14648 = FILL_AREA_STYLE_COLOUR('',#12820);
#14649 = CURVE_STYLE('',#14650,POSITIVE_LENGTH_MEASURE(0.1),#12820);
#14650 = DRAUGHTING_PRE_DEFINED_CURVE_FONT('continuous');
#14651 = STYLED_ITEM('color',(#14652),#2574);
#14652 = PRESENTATION_STYLE_ASSIGNMENT((#14653,#14658));
#14653 = SURFACE_STYLE_USAGE(.BOTH.,#14654);
#14654 = SURFACE_SIDE_STYLE('',(#14655));
#14655 = SURFACE_STYLE_FILL_AREA(#14656);
#14656 = FILL_AREA_STYLE('',(#14657));
#14657 = FILL_AREA_STYLE_COLOUR('',#12820);
#14658 = CURVE_STYLE('',#14659,POSITIVE_LENGTH_MEASURE(0.1),#12820);
#14659 = DRAUGHTING_PRE_DEFINED_CURVE_FONT('continuous');
#14660 = STYLED_ITEM('color',(#14661),#2591);
#14661 = PRESENTATION_STYLE_ASSIGNMENT((#14662,#14667));
#14662 = SURFACE_STYLE_USAGE(.BOTH.,#14663);
#14663 = SURFACE_SIDE_STYLE('',(#14664));
#14664 = SURFACE_STYLE_FILL_AREA(#14665);
#14665 = FILL_AREA_STYLE('',(#14666));
#14666 = FILL_AREA_STYLE_COLOUR('',#12820);
#14667 = CURVE_STYLE('',#14668,POSITIVE_LENGTH_MEASURE(0.1),#12820);
#14668 = DRAUGHTING_PRE_DEFINED_CURVE_FONT('continuous');
#14669 = STYLED_ITEM('color',(#14670),#2603);
#14670 = PRESENTATION_STYLE_ASSIGNMENT((#14671,#14676));
#14671 = SURFACE_STYLE_USAGE(.BOTH.,#14672);
#14672 = SURFACE_SIDE_STYLE('',(#14673));
#14673 = SURFACE_STYLE_FILL_AREA(#14674);
#14674 = FILL_AREA_STYLE('',(#14675));
#14675 = FILL_AREA_STYLE_COLOUR('',#12747);
#14676 = CURVE_STYLE('',#14677,POSITIVE_LENGTH_MEASURE(0.1),#12747);
#14677 = DRAUGHTING_PRE_DEFINED_CURVE_FONT('continuous');
#14678 = OVER_RIDING_STYLED_ITEM('overriding color',(#14679),#2610,
  #14669);
#14679 = PRESENTATION_STYLE_ASSIGNMENT((#14680,#14685));
#14680 = SURFACE_STYLE_USAGE(.BOTH.,#14681);
#14681 = SURFACE_SIDE_STYLE('',(#14682));
#14682 = SURFACE_STYLE_FILL_AREA(#14683);
#14683 = FILL_AREA_STYLE('',(#14684));
#14684 = FILL_AREA_STYLE_COLOUR('',#12820);
#14685 = CURVE_STYLE('',#14686,POSITIVE_LENGTH_MEASURE(0.1),#12820);
#14686 = DRAUGHTING_PRE_DEFINED_CURVE_FONT('continuous');
#14687 = STYLED_ITEM('color',(#14688),#2620);
#14688 = PRESENTATION_STYLE_ASSIGNMENT((#14689,#14694));
#14689 = SURFACE_STYLE_USAGE(.BOTH.,#14690);
#14690 = SURFACE_SIDE_STYLE('',(#14691));
#14691 = SURFACE_STYLE_FILL_AREA(#14692);
#14692 = FILL_AREA_STYLE('',(#14693));
#14693 = FILL_AREA_STYLE_COLOUR('',#12747);
#14694 = CURVE_STYLE('',#14695,POSITIVE_LENGTH_MEASURE(0.1),#12747);
#14695 = DRAUGHTING_PRE_DEFINED_CURVE_FONT('continuous');
#14696 = OVER_RIDING_STYLED_ITEM('overriding color',(#14697),#2625,
  #14687);
#14697 = PRESENTATION_STYLE_ASSIGNMENT((#14698,#14703));
#14698 = SURFACE_STYLE_USAGE(.BOTH.,#14699);
#14699 = SURFACE_SIDE_STYLE('',(#14700));
#14700 = SURFACE_STYLE_FILL_AREA(#14701);
#14701 = FILL_AREA_STYLE('',(#14702));
#14702 = FILL_AREA_STYLE_COLOUR('',#12820);
#14703 = CURVE_STYLE('',#14704,POSITIVE_LENGTH_MEASURE(0.1),#12820);
#14704 = DRAUGHTING_PRE_DEFINED_CURVE_FONT('continuous');
#14705 = STYLED_ITEM('color',(#14706),#2637);
#14706 = PRESENTATION_STYLE_ASSIGNMENT((#14707,#14712));
#14707 = SURFACE_STYLE_USAGE(.BOTH.,#14708);
#14708 = SURFACE_SIDE_STYLE('',(#14709));
#14709 = SURFACE_STYLE_FILL_AREA(#14710);
#14710 = FILL_AREA_STYLE('',(#14711));
#14711 = FILL_AREA_STYLE_COLOUR('',#12820);
#14712 = CURVE_STYLE('',#14713,POSITIVE_LENGTH_MEASURE(0.1),#12820);
#14713 = DRAUGHTING_PRE_DEFINED_CURVE_FONT('continuous');
#14714 = STYLED_ITEM('color',(#14715),#2686);
#14715 = PRESENTATION_STYLE_ASSIGNMENT((#14716,#14721));
#14716 = SURFACE_STYLE_USAGE(.BOTH.,#14717);
#14717 = SURFACE_SIDE_STYLE('',(#14718));
#14718 = SURFACE_STYLE_FILL_AREA(#14719);
#14719 = FILL_AREA_STYLE('',(#14720));
#14720 = FILL_AREA_STYLE_COLOUR('',#12820);
#14721 = CURVE_STYLE('',#14722,POSITIVE_LENGTH_MEASURE(0.1),#12820);
#14722 = DRAUGHTING_PRE_DEFINED_CURVE_FONT('continuous');
#14723 = STYLED_ITEM('color',(#14724),#2710);
#14724 = PRESENTATION_STYLE_ASSIGNMENT((#14725,#14730));
#14725 = SURFACE_STYLE_USAGE(.BOTH.,#14726);
#14726 = SURFACE_SIDE_STYLE('',(#14727));
#14727 = SURFACE_STYLE_FILL_AREA(#14728);
#14728 = FILL_AREA_STYLE('',(#14729));
#14729 = FILL_AREA_STYLE_COLOUR('',#12820);
#14730 = CURVE_STYLE('',#14731,POSITIVE_LENGTH_MEASURE(0.1),#12820);
#14731 = DRAUGHTING_PRE_DEFINED_CURVE_FONT('continuous');
#14732 = STYLED_ITEM('color',(#14733),#2752);
#14733 = PRESENTATION_STYLE_ASSIGNMENT((#14734,#14739));
#14734 = SURFACE_STYLE_USAGE(.BOTH.,#14735);
#14735 = SURFACE_SIDE_STYLE('',(#14736));
#14736 = SURFACE_STYLE_FILL_AREA(#14737);
#14737 = FILL_AREA_STYLE('',(#14738));
#14738 = FILL_AREA_STYLE_COLOUR('',#12820);
#14739 = CURVE_STYLE('',#14740,POSITIVE_LENGTH_MEASURE(0.1),#12820);
#14740 = DRAUGHTING_PRE_DEFINED_CURVE_FONT('continuous');
#14741 = STYLED_ITEM('color',(#14742),#2769);
#14742 = PRESENTATION_STYLE_ASSIGNMENT((#14743,#14748));
#14743 = SURFACE_STYLE_USAGE(.BOTH.,#14744);
#14744 = SURFACE_SIDE_STYLE('',(#14745));
#14745 = SURFACE_STYLE_FILL_AREA(#14746);
#14746 = FILL_AREA_STYLE('',(#14747));
#14747 = FILL_AREA_STYLE_COLOUR('',#12747);
#14748 = CURVE_STYLE('',#14749,POSITIVE_LENGTH_MEASURE(0.1),#12747);
#14749 = DRAUGHTING_PRE_DEFINED_CURVE_FONT('continuous');
#14750 = OVER_RIDING_STYLED_ITEM('overriding color',(#14751),#2776,
  #14741);
#14751 = PRESENTATION_STYLE_ASSIGNMENT((#14752,#14757));
#14752 = SURFACE_STYLE_USAGE(.BOTH.,#14753);
#14753 = SURFACE_SIDE_STYLE('',(#14754));
#14754 = SURFACE_STYLE_FILL_AREA(#14755);
#14755 = FILL_AREA_STYLE('',(#14756));
#14756 = FILL_AREA_STYLE_COLOUR('',#12820);
#14757 = CURVE_STYLE('',#14758,POSITIVE_LENGTH_MEASURE(0.1),#12820);
#14758 = DRAUGHTING_PRE_DEFINED_CURVE_FONT('continuous');
#14759 = STYLED_ITEM('color',(#14760),#2786);
#14760 = PRESENTATION_STYLE_ASSIGNMENT((#14761,#14766));
#14761 = SURFACE_STYLE_USAGE(.BOTH.,#14762);
#14762 = SURFACE_SIDE_STYLE('',(#14763));
#14763 = SURFACE_STYLE_FILL_AREA(#14764);
#14764 = FILL_AREA_STYLE('',(#14765));
#14765 = FILL_AREA_STYLE_COLOUR('',#12747);
#14766 = CURVE_STYLE('',#14767,POSITIVE_LENGTH_MEASURE(0.1),#12747);
#14767 = DRAUGHTING_PRE_DEFINED_CURVE_FONT('continuous');
#14768 = OVER_RIDING_STYLED_ITEM('overriding color',(#14769),#2791,
  #14759);
#14769 = PRESENTATION_STYLE_ASSIGNMENT((#14770,#14775));
#14770 = SURFACE_STYLE_USAGE(.BOTH.,#14771);
#14771 = SURFACE_SIDE_STYLE('',(#14772));
#14772 = SURFACE_STYLE_FILL_AREA(#14773);
#14773 = FILL_AREA_STYLE('',(#14774));
#14774 = FILL_AREA_STYLE_COLOUR('',#12820);
#14775 = CURVE_STYLE('',#14776,POSITIVE_LENGTH_MEASURE(0.1),#12820);
#14776 = DRAUGHTING_PRE_DEFINED_CURVE_FONT('continuous');
#14777 = STYLED_ITEM('color',(#14778),#2803);
#14778 = PRESENTATION_STYLE_ASSIGNMENT((#14779,#14784));
#14779 = SURFACE_STYLE_USAGE(.BOTH.,#14780);
#14780 = SURFACE_SIDE_STYLE('',(#14781));
#14781 = SURFACE_STYLE_FILL_AREA(#14782);
#14782 = FILL_AREA_STYLE('',(#14783));
#14783 = FILL_AREA_STYLE_COLOUR('',#12820);
#14784 = CURVE_STYLE('',#14785,POSITIVE_LENGTH_MEASURE(0.1),#12820);
#14785 = DRAUGHTING_PRE_DEFINED_CURVE_FONT('continuous');
#14786 = STYLED_ITEM('color',(#14787),#2852);
#14787 = PRESENTATION_STYLE_ASSIGNMENT((#14788,#14793));
#14788 = SURFACE_STYLE_USAGE(.BOTH.,#14789);
#14789 = SURFACE_SIDE_STYLE('',(#14790));
#14790 = SURFACE_STYLE_FILL_AREA(#14791);
#14791 = FILL_AREA_STYLE('',(#14792));
#14792 = FILL_AREA_STYLE_COLOUR('',#12820);
#14793 = CURVE_STYLE('',#14794,POSITIVE_LENGTH_MEASURE(0.1),#12820);
#14794 = DRAUGHTING_PRE_DEFINED_CURVE_FONT('continuous');
#14795 = STYLED_ITEM('color',(#14796),#2876);
#14796 = PRESENTATION_STYLE_ASSIGNMENT((#14797,#14802));
#14797 = SURFACE_STYLE_USAGE(.BOTH.,#14798);
#14798 = SURFACE_SIDE_STYLE('',(#14799));
#14799 = SURFACE_STYLE_FILL_AREA(#14800);
#14800 = FILL_AREA_STYLE('',(#14801));
#14801 = FILL_AREA_STYLE_COLOUR('',#12820);
#14802 = CURVE_STYLE('',#14803,POSITIVE_LENGTH_MEASURE(0.1),#12820);
#14803 = DRAUGHTING_PRE_DEFINED_CURVE_FONT('continuous');
#14804 = STYLED_ITEM('color',(#14805),#2918);
#14805 = PRESENTATION_STYLE_ASSIGNMENT((#14806,#14811));
#14806 = SURFACE_STYLE_USAGE(.BOTH.,#14807);
#14807 = SURFACE_SIDE_STYLE('',(#14808));
#14808 = SURFACE_STYLE_FILL_AREA(#14809);
#14809 = FILL_AREA_STYLE('',(#14810));
#14810 = FILL_AREA_STYLE_COLOUR('',#12820);
#14811 = CURVE_STYLE('',#14812,POSITIVE_LENGTH_MEASURE(0.1),#12820);
#14812 = DRAUGHTING_PRE_DEFINED_CURVE_FONT('continuous');
#14813 = STYLED_ITEM('color',(#14814),#2935);
#14814 = PRESENTATION_STYLE_ASSIGNMENT((#14815,#14820));
#14815 = SURFACE_STYLE_USAGE(.BOTH.,#14816);
#14816 = SURFACE_SIDE_STYLE('',(#14817));
#14817 = SURFACE_STYLE_FILL_AREA(#14818);
#14818 = FILL_AREA_STYLE('',(#14819));
#14819 = FILL_AREA_STYLE_COLOUR('',#12747);
#14820 = CURVE_STYLE('',#14821,POSITIVE_LENGTH_MEASURE(0.1),#12747);
#14821 = DRAUGHTING_PRE_DEFINED_CURVE_FONT('continuous');
#14822 = OVER_RIDING_STYLED_ITEM('overriding color',(#14823),#2942,
  #14813);
#14823 = PRESENTATION_STYLE_ASSIGNMENT((#14824,#14829));
#14824 = SURFACE_STYLE_USAGE(.BOTH.,#14825);
#14825 = SURFACE_SIDE_STYLE('',(#14826));
#14826 = SURFACE_STYLE_FILL_AREA(#14827);
#14827 = FILL_AREA_STYLE('',(#14828));
#14828 = FILL_AREA_STYLE_COLOUR('',#12820);
#14829 = CURVE_STYLE('',#14830,POSITIVE_LENGTH_MEASURE(0.1),#12820);
#14830 = DRAUGHTING_PRE_DEFINED_CURVE_FONT('continuous');
#14831 = STYLED_ITEM('color',(#14832),#2952);
#14832 = PRESENTATION_STYLE_ASSIGNMENT((#14833,#14838));
#14833 = SURFACE_STYLE_USAGE(.BOTH.,#14834);
#14834 = SURFACE_SIDE_STYLE('',(#14835));
#14835 = SURFACE_STYLE_FILL_AREA(#14836);
#14836 = FILL_AREA_STYLE('',(#14837));
#14837 = FILL_AREA_STYLE_COLOUR('',#12747);
#14838 = CURVE_STYLE('',#14839,POSITIVE_LENGTH_MEASURE(0.1),#12747);
#14839 = DRAUGHTING_PRE_DEFINED_CURVE_FONT('continuous');
#14840 = OVER_RIDING_STYLED_ITEM('overriding color',(#14841),#2957,
  #14831);
#14841 = PRESENTATION_STYLE_ASSIGNMENT((#14842,#14847));
#14842 = SURFACE_STYLE_USAGE(.BOTH.,#14843);
#14843 = SURFACE_SIDE_STYLE('',(#14844));
#14844 = SURFACE_STYLE_FILL_AREA(#14845);
#14845 = FILL_AREA_STYLE('',(#14846));
#14846 = FILL_AREA_STYLE_COLOUR('',#12820);
#14847 = CURVE_STYLE('',#14848,POSITIVE_LENGTH_MEASURE(0.1),#12820);
#14848 = DRAUGHTING_PRE_DEFINED_CURVE_FONT('continuous');
#14849 = STYLED_ITEM('color',(#14850),#2969);
#14850 = PRESENTATION_STYLE_ASSIGNMENT((#14851,#14856));
#14851 = SURFACE_STYLE_USAGE(.BOTH.,#14852);
#14852 = SURFACE_SIDE_STYLE('',(#14853));
#14853 = SURFACE_STYLE_FILL_AREA(#14854);
#14854 = FILL_AREA_STYLE('',(#14855));
#14855 = FILL_AREA_STYLE_COLOUR('',#12820);
#14856 = CURVE_STYLE('',#14857,POSITIVE_LENGTH_MEASURE(0.1),#12820);
#14857 = DRAUGHTING_PRE_DEFINED_CURVE_FONT('continuous');
#14858 = STYLED_ITEM('color',(#14859),#3018);
#14859 = PRESENTATION_STYLE_ASSIGNMENT((#14860,#14865));
#14860 = SURFACE_STYLE_USAGE(.BOTH.,#14861);
#14861 = SURFACE_SIDE_STYLE('',(#14862));
#14862 = SURFACE_STYLE_FILL_AREA(#14863);
#14863 = FILL_AREA_STYLE('',(#14864));
#14864 = FILL_AREA_STYLE_COLOUR('',#12820);
#14865 = CURVE_STYLE('',#14866,POSITIVE_LENGTH_MEASURE(0.1),#12820);
#14866 = DRAUGHTING_PRE_DEFINED_CURVE_FONT('continuous');
#14867 = STYLED_ITEM('color',(#14868),#3042);
#14868 = PRESENTATION_STYLE_ASSIGNMENT((#14869,#14874));
#14869 = SURFACE_STYLE_USAGE(.BOTH.,#14870);
#14870 = SURFACE_SIDE_STYLE('',(#14871));
#14871 = SURFACE_STYLE_FILL_AREA(#14872);
#14872 = FILL_AREA_STYLE('',(#14873));
#14873 = FILL_AREA_STYLE_COLOUR('',#12820);
#14874 = CURVE_STYLE('',#14875,POSITIVE_LENGTH_MEASURE(0.1),#12820);
#14875 = DRAUGHTING_PRE_DEFINED_CURVE_FONT('continuous');
#14876 = STYLED_ITEM('color',(#14877),#3084);
#14877 = PRESENTATION_STYLE_ASSIGNMENT((#14878,#14883));
#14878 = SURFACE_STYLE_USAGE(.BOTH.,#14879);
#14879 = SURFACE_SIDE_STYLE('',(#14880));
#14880 = SURFACE_STYLE_FILL_AREA(#14881);
#14881 = FILL_AREA_STYLE('',(#14882));
#14882 = FILL_AREA_STYLE_COLOUR('',#12820);
#14883 = CURVE_STYLE('',#14884,POSITIVE_LENGTH_MEASURE(0.1),#12820);
#14884 = DRAUGHTING_PRE_DEFINED_CURVE_FONT('continuous');
#14885 = STYLED_ITEM('color',(#14886),#3101);
#14886 = PRESENTATION_STYLE_ASSIGNMENT((#14887,#14892));
#14887 = SURFACE_STYLE_USAGE(.BOTH.,#14888);
#14888 = SURFACE_SIDE_STYLE('',(#14889));
#14889 = SURFACE_STYLE_FILL_AREA(#14890);
#14890 = FILL_AREA_STYLE('',(#14891));
#14891 = FILL_AREA_STYLE_COLOUR('',#12747);
#14892 = CURVE_STYLE('',#14893,POSITIVE_LENGTH_MEASURE(0.1),#12747);
#14893 = DRAUGHTING_PRE_DEFINED_CURVE_FONT('continuous');
#14894 = OVER_RIDING_STYLED_ITEM('overriding color',(#14895),#3108,
  #14885);
#14895 = PRESENTATION_STYLE_ASSIGNMENT((#14896,#14901));
#14896 = SURFACE_STYLE_USAGE(.BOTH.,#14897);
#14897 = SURFACE_SIDE_STYLE('',(#14898));
#14898 = SURFACE_STYLE_FILL_AREA(#14899);
#14899 = FILL_AREA_STYLE('',(#14900));
#14900 = FILL_AREA_STYLE_COLOUR('',#12820);
#14901 = CURVE_STYLE('',#14902,POSITIVE_LENGTH_MEASURE(0.1),#12820);
#14902 = DRAUGHTING_PRE_DEFINED_CURVE_FONT('continuous');
#14903 = STYLED_ITEM('color',(#14904),#3118);
#14904 = PRESENTATION_STYLE_ASSIGNMENT((#14905,#14910));
#14905 = SURFACE_STYLE_USAGE(.BOTH.,#14906);
#14906 = SURFACE_SIDE_STYLE('',(#14907));
#14907 = SURFACE_STYLE_FILL_AREA(#14908);
#14908 = FILL_AREA_STYLE('',(#14909));
#14909 = FILL_AREA_STYLE_COLOUR('',#12747);
#14910 = CURVE_STYLE('',#14911,POSITIVE_LENGTH_MEASURE(0.1),#12747);
#14911 = DRAUGHTING_PRE_DEFINED_CURVE_FONT('continuous');
#14912 = OVER_RIDING_STYLED_ITEM('overriding color',(#14913),#3123,
  #14903);
#14913 = PRESENTATION_STYLE_ASSIGNMENT((#14914,#14919));
#14914 = SURFACE_STYLE_USAGE(.BOTH.,#14915);
#14915 = SURFACE_SIDE_STYLE('',(#14916));
#14916 = SURFACE_STYLE_FILL_AREA(#14917);
#14917 = FILL_AREA_STYLE('',(#14918));
#14918 = FILL_AREA_STYLE_COLOUR('',#12820);
#14919 = CURVE_STYLE('',#14920,POSITIVE_LENGTH_MEASURE(0.1),#12820);
#14920 = DRAUGHTING_PRE_DEFINED_CURVE_FONT('continuous');
#14921 = STYLED_ITEM('color',(#14922),#3135);
#14922 = PRESENTATION_STYLE_ASSIGNMENT((#14923,#14928));
#14923 = SURFACE_STYLE_USAGE(.BOTH.,#14924);
#14924 = SURFACE_SIDE_STYLE('',(#14925));
#14925 = SURFACE_STYLE_FILL_AREA(#14926);
#14926 = FILL_AREA_STYLE('',(#14927));
#14927 = FILL_AREA_STYLE_COLOUR('',#12820);
#14928 = CURVE_STYLE('',#14929,POSITIVE_LENGTH_MEASURE(0.1),#12820);
#14929 = DRAUGHTING_PRE_DEFINED_CURVE_FONT('continuous');
#14930 = STYLED_ITEM('color',(#14931),#3184);
#14931 = PRESENTATION_STYLE_ASSIGNMENT((#14932,#14937));
#14932 = SURFACE_STYLE_USAGE(.BOTH.,#14933);
#14933 = SURFACE_SIDE_STYLE('',(#14934));
#14934 = SURFACE_STYLE_FILL_AREA(#14935);
#14935 = FILL_AREA_STYLE('',(#14936));
#14936 = FILL_AREA_STYLE_COLOUR('',#12820);
#14937 = CURVE_STYLE('',#14938,POSITIVE_LENGTH_MEASURE(0.1),#12820);
#14938 = DRAUGHTING_PRE_DEFINED_CURVE_FONT('continuous');
#14939 = STYLED_ITEM('color',(#14940),#3208);
#14940 = PRESENTATION_STYLE_ASSIGNMENT((#14941,#14946));
#14941 = SURFACE_STYLE_USAGE(.BOTH.,#14942);
#14942 = SURFACE_SIDE_STYLE('',(#14943));
#14943 = SURFACE_STYLE_FILL_AREA(#14944);
#14944 = FILL_AREA_STYLE('',(#14945));
#14945 = FILL_AREA_STYLE_COLOUR('',#12820);
#14946 = CURVE_STYLE('',#14947,POSITIVE_LENGTH_MEASURE(0.1),#12820);
#14947 = DRAUGHTING_PRE_DEFINED_CURVE_FONT('continuous');
#14948 = STYLED_ITEM('color',(#14949),#3250);
#14949 = PRESENTATION_STYLE_ASSIGNMENT((#14950,#14955));
#14950 = SURFACE_STYLE_USAGE(.BOTH.,#14951);
#14951 = SURFACE_SIDE_STYLE('',(#14952));
#14952 = SURFACE_STYLE_FILL_AREA(#14953);
#14953 = FILL_AREA_STYLE('',(#14954));
#14954 = FILL_AREA_STYLE_COLOUR('',#12820);
#14955 = CURVE_STYLE('',#14956,POSITIVE_LENGTH_MEASURE(0.1),#12820);
#14956 = DRAUGHTING_PRE_DEFINED_CURVE_FONT('continuous');
#14957 = STYLED_ITEM('color',(#14958),#3267);
#14958 = PRESENTATION_STYLE_ASSIGNMENT((#14959,#14964));
#14959 = SURFACE_STYLE_USAGE(.BOTH.,#14960);
#14960 = SURFACE_SIDE_STYLE('',(#14961));
#14961 = SURFACE_STYLE_FILL_AREA(#14962);
#14962 = FILL_AREA_STYLE('',(#14963));
#14963 = FILL_AREA_STYLE_COLOUR('',#12820);
#14964 = CURVE_STYLE('',#14965,POSITIVE_LENGTH_MEASURE(0.1),#12820);
#14965 = DRAUGHTING_PRE_DEFINED_CURVE_FONT('continuous');
#14966 = STYLED_ITEM('color',(#14967),#3284);
#14967 = PRESENTATION_STYLE_ASSIGNMENT((#14968,#14973));
#14968 = SURFACE_STYLE_USAGE(.BOTH.,#14969);
#14969 = SURFACE_SIDE_STYLE('',(#14970));
#14970 = SURFACE_STYLE_FILL_AREA(#14971);
#14971 = FILL_AREA_STYLE('',(#14972));
#14972 = FILL_AREA_STYLE_COLOUR('',#12820);
#14973 = CURVE_STYLE('',#14974,POSITIVE_LENGTH_MEASURE(0.1),#12820);
#14974 = DRAUGHTING_PRE_DEFINED_CURVE_FONT('continuous');
#14975 = STYLED_ITEM('color',(#14976),#3301);
#14976 = PRESENTATION_STYLE_ASSIGNMENT((#14977,#14982));
#14977 = SURFACE_STYLE_USAGE(.BOTH.,#14978);
#14978 = SURFACE_SIDE_STYLE('',(#14979));
#14979 = SURFACE_STYLE_FILL_AREA(#14980);
#14980 = FILL_AREA_STYLE('',(#14981));
#14981 = FILL_AREA_STYLE_COLOUR('',#12820);
#14982 = CURVE_STYLE('',#14983,POSITIVE_LENGTH_MEASURE(0.1),#12820);
#14983 = DRAUGHTING_PRE_DEFINED_CURVE_FONT('continuous');
#14984 = STYLED_ITEM('color',(#14985),#3313);
#14985 = PRESENTATION_STYLE_ASSIGNMENT((#14986,#14991));
#14986 = SURFACE_STYLE_USAGE(.BOTH.,#14987);
#14987 = SURFACE_SIDE_STYLE('',(#14988));
#14988 = SURFACE_STYLE_FILL_AREA(#14989);
#14989 = FILL_AREA_STYLE('',(#14990));
#14990 = FILL_AREA_STYLE_COLOUR('',#12820);
#14991 = CURVE_STYLE('',#14992,POSITIVE_LENGTH_MEASURE(0.1),#12820);
#14992 = DRAUGHTING_PRE_DEFINED_CURVE_FONT('continuous');
#14993 = STYLED_ITEM('color',(#14994),#3330);
#14994 = PRESENTATION_STYLE_ASSIGNMENT((#14995,#15000));
#14995 = SURFACE_STYLE_USAGE(.BOTH.,#14996);
#14996 = SURFACE_SIDE_STYLE('',(#14997));
#14997 = SURFACE_STYLE_FILL_AREA(#14998);
#14998 = FILL_AREA_STYLE('',(#14999));
#14999 = FILL_AREA_STYLE_COLOUR('',#12820);
#15000 = CURVE_STYLE('',#15001,POSITIVE_LENGTH_MEASURE(0.1),#12820);
#15001 = DRAUGHTING_PRE_DEFINED_CURVE_FONT('continuous');
#15002 = STYLED_ITEM('color',(#15003),#3347);
#15003 = PRESENTATION_STYLE_ASSIGNMENT((#15004,#15009));
#15004 = SURFACE_STYLE_USAGE(.BOTH.,#15005);
#15005 = SURFACE_SIDE_STYLE('',(#15006));
#15006 = SURFACE_STYLE_FILL_AREA(#15007);
#15007 = FILL_AREA_STYLE('',(#15008));
#15008 = FILL_AREA_STYLE_COLOUR('',#12820);
#15009 = CURVE_STYLE('',#15010,POSITIVE_LENGTH_MEASURE(0.1),#12820);
#15010 = DRAUGHTING_PRE_DEFINED_CURVE_FONT('continuous');
#15011 = STYLED_ITEM('color',(#15012),#3359);
#15012 = PRESENTATION_STYLE_ASSIGNMENT((#15013,#15018));
#15013 = SURFACE_STYLE_USAGE(.BOTH.,#15014);
#15014 = SURFACE_SIDE_STYLE('',(#15015));
#15015 = SURFACE_STYLE_FILL_AREA(#15016);
#15016 = FILL_AREA_STYLE('',(#15017));
#15017 = FILL_AREA_STYLE_COLOUR('',#12820);
#15018 = CURVE_STYLE('',#15019,POSITIVE_LENGTH_MEASURE(0.1),#12820);
#15019 = DRAUGHTING_PRE_DEFINED_CURVE_FONT('continuous');
#15020 = STYLED_ITEM('color',(#15021),#3376);
#15021 = PRESENTATION_STYLE_ASSIGNMENT((#15022,#15027));
#15022 = SURFACE_STYLE_USAGE(.BOTH.,#15023);
#15023 = SURFACE_SIDE_STYLE('',(#15024));
#15024 = SURFACE_STYLE_FILL_AREA(#15025);
#15025 = FILL_AREA_STYLE('',(#15026));
#15026 = FILL_AREA_STYLE_COLOUR('',#12820);
#15027 = CURVE_STYLE('',#15028,POSITIVE_LENGTH_MEASURE(0.1),#12820);
#15028 = DRAUGHTING_PRE_DEFINED_CURVE_FONT('continuous');
#15029 = STYLED_ITEM('color',(#15030),#3393);
#15030 = PRESENTATION_STYLE_ASSIGNMENT((#15031,#15036));
#15031 = SURFACE_STYLE_USAGE(.BOTH.,#15032);
#15032 = SURFACE_SIDE_STYLE('',(#15033));
#15033 = SURFACE_STYLE_FILL_AREA(#15034);
#15034 = FILL_AREA_STYLE('',(#15035));
#15035 = FILL_AREA_STYLE_COLOUR('',#12820);
#15036 = CURVE_STYLE('',#15037,POSITIVE_LENGTH_MEASURE(0.1),#12820);
#15037 = DRAUGHTING_PRE_DEFINED_CURVE_FONT('continuous');
#15038 = STYLED_ITEM('color',(#15039),#3405);
#15039 = PRESENTATION_STYLE_ASSIGNMENT((#15040,#15045));
#15040 = SURFACE_STYLE_USAGE(.BOTH.,#15041);
#15041 = SURFACE_SIDE_STYLE('',(#15042));
#15042 = SURFACE_STYLE_FILL_AREA(#15043);
#15043 = FILL_AREA_STYLE('',(#15044));
#15044 = FILL_AREA_STYLE_COLOUR('',#12820);
#15045 = CURVE_STYLE('',#15046,POSITIVE_LENGTH_MEASURE(0.1),#12820);
#15046 = DRAUGHTING_PRE_DEFINED_CURVE_FONT('continuous');
#15047 = STYLED_ITEM('color',(#15048),#3422);
#15048 = PRESENTATION_STYLE_ASSIGNMENT((#15049,#15054));
#15049 = SURFACE_STYLE_USAGE(.BOTH.,#15050);
#15050 = SURFACE_SIDE_STYLE('',(#15051));
#15051 = SURFACE_STYLE_FILL_AREA(#15052);
#15052 = FILL_AREA_STYLE('',(#15053));
#15053 = FILL_AREA_STYLE_COLOUR('',#12820);
#15054 = CURVE_STYLE('',#15055,POSITIVE_LENGTH_MEASURE(0.1),#12820);
#15055 = DRAUGHTING_PRE_DEFINED_CURVE_FONT('continuous');
#15056 = STYLED_ITEM('color',(#15057),#3439);
#15057 = PRESENTATION_STYLE_ASSIGNMENT((#15058,#15063));
#15058 = SURFACE_STYLE_USAGE(.BOTH.,#15059);
#15059 = SURFACE_SIDE_STYLE('',(#15060));
#15060 = SURFACE_STYLE_FILL_AREA(#15061);
#15061 = FILL_AREA_STYLE('',(#15062));
#15062 = FILL_AREA_STYLE_COLOUR('',#12820);
#15063 = CURVE_STYLE('',#15064,POSITIVE_LENGTH_MEASURE(0.1),#12820);
#15064 = DRAUGHTING_PRE_DEFINED_CURVE_FONT('continuous');
ENDSEC;
END-ISO-10303-21;
